<WebElementMap name="NextGen WebUI Element Mapping - Device Group Map" description="" >

	<WebElements>
	    <!-- Top of List Controls -->
		<WebElement name="DeviceGroups.IntroBanner" 									value="//div[contains(@class, 'is-intro-banner')]" />
		<WebElement name="DeviceGroups.IntroBanner.CloseButton"							value="//div[contains(@class,'is-intro-banner')]/button[contains(@class, 'icon-closedialog')]" />

		<WebElement name="DeviceGroups.DeviceGroupPage.SearchFilter"					value="//input[contains(@class,'txt-search')]"/>
		<WebElement name="DeviceGroups.DeviceGroupPage.AdvanceSearchFilterButton"		value="//div[contains(@class,'is-option-for-search')]/a"/>
		<WebElement name="DeviceGroups.DeviceGroupPage.AdvanceSearchFilterByName"		value="//div[contains(@class,'select2-drop-active')]/ul/li[contains(@class,'name')]"/>
		<WebElement name="DeviceGroups.DeviceGroupPage.AdvanceSearchFilterByDescription"  value="//div[contains(@class,'select2-drop-active')]/ul/li[contains(@class,'description')]"/>
		<WebElement name="DeviceGroups.DeviceGroupPage.AddDeviceGroup.BtnFixedGroup" 	value="//div[contains(@class,'dropdown-content')]/a[contains(.,'Static Device Group')]"/>
		<WebElement name="DeviceGroups.DeviceGroupPage.AddDeviceGroup.BtnSmartGroup" 	value="//div[contains(@class,'dropdown-content')]/a[contains(.,'Smart Device Group')]"/>
		<WebElement name="DeviceGroups.DeviceGroupPage.AddDeviceGroup.BtnFolder" 		value="//div[contains(@class,'dropdown-content')]/a[contains(.,'Folder')]"/>
				
		<WebElement name="DeviceGroups.DeviceGroupPage.BtnAdvancedSearch" 						value="//button[contains(@class,'is-button-for-toggle-editor')]" />
		<WebElement name="DeviceGroups.DeviceGroupPage.AnyAutomationDeviceGroup" 		value="//li[contains(@class, 'list-navigation-item')]//span[contains(.,'QA_Automation')]"/>
		<WebElement name="DeviceGroups.DeviceGroupPage.FixedDeviceGroup" 		        value="//li[contains(@class, 'list-navigation-item')]//span[contains(.,'Fixed Groups')]"/>
		<WebElement name="DeviceGroups.DeviceGroupPage.AnyAutomationDeviceGroup.ContextMenu.Button" 	value="//div[contains(@class, 'is-device-group-tree')]//div[contains(@class, 'is-device-group-node') and contains(@data-automation-id,'QA_Automation')]//div[contains(@class, 'is-context-menu')]/button"/>
		<WebElement name="DeviceGroups.DeviceGroupPage.DeviceGroupContextMenu"							value="//div[contains(@data-automation-id, 'QA_Automation')]//button[contains(@class, 'contextmenu-right')]" />
		<WebElement name="DeviceGroups.DeviceGroupPage.DeviceGroupgearIcon"                         value="//a[@class='bottom-item--actions-btn']" />
		<WebElement name="DeviceGroups.DeviceGroupPage.ContextMenu.Duplicate.Button" 				value="//div[contains(@class,'dropdown-content')]//a[contains(.,'Duplicate')]" />
		<WebElement name="DeviceGroups.DeviceGroupPage.ContextMenu.Delete.Button" 					value="//div[contains(@class,'dropdown-content')]//a[contains(.,'Delete')]"/>
		<WebElement name="DeviceGroups.DeviceGroupPage.ContextMenu.AddChildSmartDeviceGroup.Button" 		value="//div[contains(@class,'abs-dropdown')]//div[contains(@class,'dropdown-content')]//a[contains(.,'Add Child Smart Device Group')]"/>
		<WebElement name="DeviceGroups.DeviceGroupPage.ContextMenu.AddChildFixedDeviceGroup.Button" 		value="//div[contains(@class,'abs-dropdown')]//div[contains(@class,'dropdown-content')]//a[contains(.,'Add Child Static Device Group')]"/>
		<WebElement name="DeviceGroups.DeviceGroupPage.ContextMenu.AddChildFolderDeviceGroup.Button" 		value="//div[contains(@class,'abs-dropdown')]//div[contains(@class,'dropdown-content')]//a[contains(.,'Add Child Folder')]"/>
		<WebElement name="DeviceGroups.DeviceGroupPage.AnyAutomationDeviceGroup.ExpandTree.ClosedToggle"  value="//div[contains(@data-automation-id,'QA_Automation')]//a[contains(@class,'toggler jqtree-closed')]"/>
		<WebElement name="DeviceGroups.DeviceGroupPage.AnyAutomationDeviceGroup.ExpandTree.OpenedToggle"  value="//div[contains(@data-automation-id,'QA_Automation')]//a[contains(@class,'toggler jqtree-open')]"/>

		<WebElement name="DeviceGroups.DeviceGroupPage.GridView.CheckBox" 		value="//div[@data-automation-id='QA_Automation']//div[@class='checkbox']"/>
		<WebElement name="DeviceGroups.DeviceGroupPage.TopFrame.ActionsBtn" 	value="//div[contains(@class,'list-top-frame')]//button[contains(@class,'is-button-for-dropdown-toggle')]"/>
		<WebElement name="DeviceGroups.DeviceGroupPage.Actions.DeleteBtn" 		value="//div[contains(@class,'dropdown-content')]/a[contains(.,'Delete')]"/>
		
		<!-- Create Device Window -->
		<WebElement name="DeviceGroups.CreateDeviceGroupWindow.ListItem.ActiveStep"		value="//li[@class='modal-progress-step pointer  active-step']"/>
		<WebElement name="DeviceGroups.CreateFolderGroupWindow.DdlFolderType"			value ="//div[@class='select2-container ember-view ember-select folder-type-select']"/>
		<WebElement name="DeviceGroups.CreateFolderGroupWindow.DdlFolderTypeDefault"	value ="//div[contains(@class,'select2-drop')]//ul//li[1]"/>
		<WebElement name="DeviceGroups.CreateFolderGroupWindow.DdlFolderTypeRollUp" 	value ="//div[contains(@class,'select2-drop')]//ul//li[2]"/>
		<WebElement name="DeviceGroups.CreateDeviceGroupWindow.InputGroupName" 			value="//input[contains(@id,'NameField')]"/>
		<WebElement name="DeviceGroups.CreateDeviceGroupWindow.TxtDescription" 			value="//textarea[contains(@id,'Description')]"/>
		<WebElement name="DeviceGroups.CreateDeviceGroupWindow.TxtSearch" 					value="//div[contains(@class,'modal')]//input[contains(@class,'txt-search')]"/>
		<WebElement name="DeviceGroups.CreateDeviceGroupWindow.DeviceGroupCreatedIcon" 		value="//div[contains(@class,'is-container-for-action')]//span[contains(@class,'action-ok')]"/>
		<WebElement name="DeviceGroups.CreateDeviceGroupWindow.DeviceGroupCreatedConfirmBtn" value="//button[contains(@class,'is-button-for-confirm')]"/>
		<WebElement name="DeviceGroups.AddDevicesWindow.DevicesAddedConfirmBtn" 		value="//button[contains(@class,'is-button-for-confirm')]"/>
		<WebElement name="DeviceGroups.CreateDeviceGroupWindow.SelectDevice.DeviceRow"   	value="//div[contains(@class,'frozen-container')]//table[contains(@class,'paged-table frozen')]//tr[V.RowPosition]"/>
		<WebElement name="DeviceGroups.CreateDeviceGroupWindow.FolderCreatedIcon" 		value="//div[contains(@class,'modal-dialog')]//div[@class='dialog-body__icon-block icon-block']"/>
		<WebElement name="DeviceGroups.CreateDeviceGroupWindow.FolderCreatedConfirmBtn" value="//button[contains(@class,'is-button-secondary')]"/>

				<!-- Create Device Window on Select Devices View -->
		<WebElement name="DeviceGroups.CreateDeviceGroupWindow.AdvancedFilter.Value.Input"	value="//div[contains(@class,'filter-line')]//input[contains(@class,'is-op-rval')]"/>			
				<!--  Filter Elements -->
		<WebElement name="DeviceGroups.SelectDevicesStep.FilterDropDownMenu.DataField.Input" 	value="//div[contains(@class,'filter-attr-picker')]//input[contains(@class,'txt-search snap')]"/>
		<WebElement name="DeviceGroups.CreateDeviceGroupWindow.DateFilter.Input" 			value="//div[contains(@class,'is-op-rval')]//input[contains(@class,'date-input-field')]"/>
		<WebElement name="DeviceGroups.CreateDeviceGroupWindow.Calendar.Day.Button"			value="//td[@data-handler='selectDay']/a[text()='%s']"/>
		<WebElement name="DeviceGroups.CreateDeviceGroupWindow.Calendar.Done.Button"		value="//button[contains(@class,'ui-priority-primary')]"/>
		<WebElement name="DeviceGroups.CreateDeviceGroupWindow.OrFilterBlock.Remove.Button" value="//div[contains(@class,'or-block')][V.FilterBlockPos]//button[contains(@class,'remove-or')]"/>
		<WebElement name="DeviceGroups.CreateDeviceGroupWindow.DeviceList.NoResults.Label"	value=".device-list-wrapper .no-results-message"/>
		
		<!-- Modal Window and Status Messages -->
		<WebElement name="DeviceGroups.ModalWindow.StatusMessage.MainMessage"            value="//div[contains(@class,'modal-action-header')]/h4[contains(@class,'modal-action-title')]"/>
		<WebElement name="DeviceGroups.ModalWindow.StatusMessage.SubMessage"			value="//div[contains(@class,'modal-action-window')]//div[contains(@class,'status-message-sub')]"/>
		<WebElement name="DeviceGroups.ModalWindow.DeleteConfirmation.Message"			value="//div[contains(@class,'modal-action-description')]"/>
		<WebElement name="DeviceGroups.ModalWindow.CheckMark" 							value="//div[contains(@class,'modal-action-window')]//span[contains(@class,'checkmark')]"/>

		<!-- Add Devices dialog -->
		<WebElement name="DeviceGroups.AddDevices.SpecificDeviceIdentifier"			value="//div[contains(@class,'modal-wizard-window')]//td[@data-name='identifier' and .='which-identifier']"/>

		<!-- Device Group Details Page -->
		<WebElement name="DeviceGroups.DeviceGroupDetailsPage.AddDevices.Button"		value="//button[contains(@class,'is-button-for-add-devices')]"/>
		<WebElement name="DeviceGroups.DeviceGroupDetailsPage.AddChildGroup.PlusIcon"	value="//a[contains(@class,'bottom-item--add-btn')]"/>
		<WebElement name="DeviceGroups.DeviceGroupDetailsPage.DeviceCount"				value="//div[@class='right pagination-block']"/>
		<WebElement name="DeviceGroups.DeviceGroupDetailsPage.AnyAutomationDeviceGroup"	value="//li[contains(@class,'list-navigation-item')]/a[contains(@class, 'is-qa_automation')]"/>
		<WebElement name="DeviceGroups.DeviceGroupDetailsPage.AnyAutomationChildDeviceGroup"	value="//li[contains(@class,'list-navigation-item') and contains(.,'QA_Automation')]"/>
		<WebElement name="DeviceGroups.DeviceGroupDetailsPage.RemoveButton"						value="//div[contains(@class,'device-groups-action')]//button[contains(@class,'action-buttons-block')]"/>
		<WebElement name="DeviceGroups.DeviceGroupDetailsPage.DeviceActions"					value="//div[contains(@class,'device-groups-action')]//button[contains(@class,'is-button-for-dropdown-toggle')]"/>
		<WebElement name="DeviceGroups.DeviceGroupDetailsPage.DeviceActions.ActionItem"			value="//ul[@class='dropdown-menu-buttons']//button[contains(.,'which-action')]"/>
		<WebElement name="DeviceGroups.DeviceGroupDetailsPage.DeviceActions.ActionDialog"		value="//div[starts-with(@class,'ember-view modal-dialog')]//h3"/>
		<WebElement name="DeviceGroups.DeviceGroupDetailsPage.DeviceActions.CloseActionDialog"	value="//a[@class='is-close-button']"/>
		<WebElement name="DeviceGroups.DeviceGroupDetailsPage.DeviceCheckbox"					value="//input[@class='is-select-checkbox']"/>
		<WebElement name="DeviceGroups.DeviceGroupDetailsPage.SpecificDeviceIdentifier"			value="//td[@data-name='identifier']/a[.='which-identifier']"/>
		<WebElement name="DeviceGroups.DeviceGroupDetailsPage.AnyDeviceIdentifier"				value="//td[@data-name='identifier']/a"/>
		<WebElement name="DeviceGroups.DeviceGroupDetailsPage.DeviceGroupTitle"					value="//h3[contains(@class,'parent-node-label')]"/>
		<WebElement name="DeviceGroups.DeviceGroupDetailsPage.DeviceGroupOptions"				value="//button[contains(.,'Device Group Options')]"/>
		<WebElement name="DeviceGroups.DeviceGroupDetailsPage.GroupIcon"						value="//span[contains(@class,'top-container-icon')]"/>

		<!-- Device Groups Tab In Device Details Page -->
		<WebElement name="DeviceGroupsTab.DeviceGroupsTree.Arrow"	value="//div[contains(@data-automation-id,'which-group')]//a[contains(@class,'jqtree-toggler')]"/>
		<WebElement name="DeviceGroupsTab.DeviceGroupsTree.Icon"	value="//div[contains(@data-automation-id,'which-group')]//div[contains(@class,'is-device-group-node-icon')]"/>
		<WebElement name="DeviceGroupsTab.DeviceGroupsTree.Name"	value="//div[contains(@data-automation-id,'which-group')]//span[@class='is-name']"/>

		<!-- Classic Device Groups special folder -->
		<WebElement name="DeviceGroups.DeviceGroupPage.DeviceGroupList.FixedGroupsLabel"		        value="//li[contains(@class, 'list-navigation-item') and contains(.,'Classic Groups')]"/>
		<WebElement name="DeviceGroups.DeviceGroupPage.DeviceGroupList.LegacyDeviceGroupsFolder"		value="//div[contains(@class, 'is-device-group-tree')]//div[contains(@class, 'is-device-group-node') and @data-automation-id='Classic Device Groups']"/>
		<WebElement name="DeviceGroups.DeviceGroupPage.DeviceGroupList.LegacyDeviceGroupsFolder.Icon"	value="//div[contains(@class, 'is-device-group-tree')]//div[contains(@class, 'is-device-group-node') and @data-automation-id='Classic Device Groups']/div[contains(@class, 'read-only-group')]"/>
		<WebElement name="DeviceGroups.DeviceGroupPage.DeviceGroupTabinDeviceDetailPage" 			value="//a[contains(@class, 'is-cc-devices-related-device-device-groups')]" />
		<WebElement name="DeviceGroups.DeviceGroupPage.DeviceGRoupList.DDS5DeviceGroup"				value="//span[@class='is-name' and text()='Dds5DeviceGroup']" />
		<WebElement name="DeviceGroups.CommonALLDeviceCheckBox"   						 				value="//input[@class='is-select-all-checkbox']" />
		<WebElement name="DeviceGroups.NavigationMenu.BackIcon"   						 				value="//div[contains(@class, 'list-nav__navigation')]//a[contains(@class, 'parent')]//span[contains(@class, 'icon')]" />
		<WebElement name="DeviceGroups.NavigationMenu.FirstItem"   						 				value="//div[contains(@class, 'list-nav__navigation')]//li[contains(@class,'list-navigation-item') and not(h3)]//a[contains(@class, 'item')]" />
		<WebElement name="DeviceGroups.NavigationMenu.AllNGDeviceGroups"   						 		value="//div[contains(@class, 'list-nav__navigation')]//a[contains(@class, 'is-pages-ng-app-device_groups')]" />

	</WebElements>
</WebElementMap>