<WebElementMap name="NextGen WebUI Element Mapping - Custom Device Field Map" description="">
	<WebElements>

		<WebElement name="CustomDeviceField.TitleLabel"
					value="//*[contains(@class,'is-window-title')]" />

		<!-- Mapping for Manage Custom Device Fields page-->
		<WebElement name="ManageCustomDeviceFields.CreateCDFButton"
					value="//button[contains(@class,'createCDFBtn')]" />
		<WebElement name="ManageCustomDeviceFields.CDFFieldLabel"
					value="//td[contains(@class,'first-column') and text()='%s']" />
		<WebElement name="ManageCustomDeviceFields.CDFFieldType"
					value="//td[@class='first-column' and text()='%s']/following-sibling::td[1]" />
		<WebElement name="ManageCustomDeviceFields.EditCDFLink"
					value="//td[text()='%s']/following-sibling::td//a[@class='is-link-for-edit']" />
		<WebElement name="ManageCustomDeviceFields.editCDFLinkContainsName"
					value="//td[contains(text(),'%s')]/following-sibling::td/a[@class='is-link-for-edit']" />
		<WebElement name="ManageCustomDeviceFields.FixedFieldTable"
					value="(//table[@class='paged-table free'])[1]" />
		<WebElement name="ManageCustomDeviceFields.UnauthorizedMessage"
					value="//span[@class='model-message' and text()='Unauthorized']" />

		<!-- Mapping for Create/Edit Custom Device Field Dialog-->
		<WebElement name="CreateEditCustomDeviceField.Popup"
					value="//div[contains(@class,'is-create-cdf-popup')]/div" />
		<WebElement name="CreateEditCustomDeviceField.FieldLabelTxt"
					value="//input[@id='cdf-field-label']" />
		<WebElement name="CreateEditCustomDeviceField.FieldType.Text"
					value="//input[@name='cdfOption' and @value='Text']" />
		<WebElement name="CreateEditCustomDeviceField.FieldType.Date"
					value="//input[@name='cdfOption' and @value='Date']" />
		<WebElement name="CreateEditCustomDeviceField.FieldType.Dropdown"
					value="//input[@name='cdfOption' and @value='Dropdown']" />
		<WebElement name="CreateEditCustomDeviceField.CancelCreateCDFButton"
					value="//button[contains(@class,'is-button-for-cancel')]" />
		<WebElement name="CreateEditCustomDeviceField.SaveCDFButton"
					value="//button[contains(@class,'is-button-for-save')]" />
		<WebElement name="CreateEditCustomDeviceField.DeleteCDFButton"
					value="//button[contains(@class,'is-button-for-delete')]" />
		<WebElement name="CreateEditCustomDeviceField.ValidationErrorMessage"
					value="//div[@class='tipsy-inner']" />
		<WebElement name="CreateEditCustomDeviceField.DropdownValueTxtArea"
					value="//textarea[@id='cdf-value-dropdown-list']" />

		<!--View and Edit Custom Device Fields page-->
		<WebElement name="CustomDeviceFields.CDFData.BtnAction"
					value="//button[contains(@class,'is-cdf-action-buttons')]" />
		<WebElement name="CustomDeviceFields.CDFData.BtnChooseDevice"
					value="//button[contains(@class,'is-button-for-choose-device')]" />
		<WebElement name="CustomDeviceFields.CDFData.FixedFieldTable"
					value="(//tr[@class='permission-category']/parent::tbody/parent::table)[1]" />
		<WebElement name="CustomDeviceFields.CDFData.FixedDeviceFieldTitle"
					value="(//div[contains(@class,'is-paged-table')]/h2)[1]" />
		<WebElement name="CustomDeviceFields.CDFData.FixedDeviceFieldHeaderTable"
					value="(//div[contains(@class,'is-paged-table')]/div[@class='header-container']/table)[1]" />
		<WebElement name="CustomDeviceFields.CDFData.CustomFieldTable"
					value="(//tr[@class='permission-category']/parent::tbody/parent::table)[2]" />
		<WebElement name="CustomDeviceFields.CDFData.CustomDeviceFieldTitle"
					value="(//div[contains(@class,'is-paged-table')]/h2)[2]" />
		<WebElement name="CustomDeviceFields.CDFData.CustomDeviceFieldHeaderTable"
					value="(//div[contains(@class,'is-paged-table')]/div[@class='header-container']/table)[2]" />
		<WebElement name="CustomDeviceFields.CDFData.BtnSaveChanges"
					value="//button[contains(@class,'saveCDFChangesBtn')]" />
		<WebElement name="CustomDeviceFields.CDFData.BtnCloseSaveSuccessfully"
					value="//div[contains(@class,dialog--confirm)]/div[contains(@class,'dialog-footer')]//button[contains(@class,is-button-secondary)]" />
		<WebElement name="CustomDeviceFields.CDFData.CustomFieldWarningMessage"
					value="//div[contains(@class,'is-paged-table')]/div[@class='warning-message']" />
		<WebElement name="CustomDeviceFields.CDFData.SelectTargetDeviceButton"
					value="//button[contains(@class,'is-btn-select-another-device')]" />
		<WebElement name="CustomDeviceFields.CDFData.MoveDataToNewDeviceDropdownMenu"
					value="//button[contains(@class,'is-button-for-move-data-to-new-device')]" />
		<WebElement name="CustomDeviceFields.CDFData.SwitchDataWithAnotherDeviceDropdownMenu"
					value="//button[contains(@class,'is-button-for-switch-data-with-another-device')]" />
		<WebElement name="CustomDeviceFields.CDFData.CopyDataToAnotherDeviceDropdownMenu"
					value="//button[contains(@class,'is-button-for-copy-data-to-new-device')]" />
		<WebElement name="CustomDeviceFields.CDFData.MoveDataButton"
					value="//button[contains(@class,'is-btn-move-device-data')]" />
		<WebElement name="CustomDeviceFields.CDFData.SwitchDataButton"
					value="//button[contains(@class,'is-btn-switch-device-data')]" />
		<WebElement name="CustomDeviceFields.CDFData.CopyDataButton"
					value="//button[contains(@class,'is-btn-copy-device-data')]" />
		<WebElement name="CustomDeviceFields.CDFData.FieldsToCopyMoveSwitchCheckbox"
					value="//td[@class='checkbox-space']/div/input" />
		<WebElement name="CustomDeviceFields.CDFData.ConfirmMoveDataButton"
					value="//button[text()='Move']" />
		<WebElement name="CustomDeviceFields.CDFData.ConfirmSwitchDataButton"
					value="//button[text()='Switch']" />
		<WebElement name="CustomDeviceFields.CDFData.ConfirmCopyDataButton"
					value="//button[text()='Copy']" />
		<WebElement name="CustomDeviceFields.CDFData.CloseButton"
					value="//button[text()='Close']" />
		<WebElement name="CustomDeviceFields.CDFData.SelectFieldCopyMoveSwitchTable"
					value="//div[@class='cdf-identifier-cdf-table']/div[contains(@class,'body-container')]/table" />
		<WebElement name="CustomDeviceFields.CDFData.SourceDeviceHeaderTitle"
					value="(//div[@class='cdf-device-data__header-title'])[1]" />
		<WebElement name="CustomDeviceFields.CDFData.TargetDeviceHeaderTitle"
					value="(//div[@class='cdf-device-data__header-title'])[2]" />
		<WebElement name="CustomDeviceFields.CDFData.CopyMoveSwitchDataTitle"
					value="//h1[contains(@class,'list-header-name__title')]" />
		<WebElement name="CustomDeviceFields.CDFData.MoveDataCloseButton"
					value="//button[contains(@class,'is-btn-close-copy-device-data')]" />
		<WebElement name="CustomDeviceFields.CDFData.SwitchDataCloseButton"
					value="//button[contains(@class,'is-btn-close-switch-device-data')]" />
		<WebElement name="CustomDeviceFields.CDFData.CopyDataCloseButton"
					value="//button[contains(@class,'is-btn-close-copy-device-data')]" />
		<WebElement name="CustomDeviceFields.CDFData.SourceDeviceSummaryTable"
					value="(//table[contains(@class,'device-details-table')])[1]" />
		<WebElement name="CustomDeviceFields.CDFData.TargetDeviceSummaryTable"
					value="(//table[contains(@class,'device-details-table')])[2]" />
		<WebElement name="CustomDeviceFields.CDFData.MoveCdfHeaderTable"
					value="//div[contains(@class,'header-container')]/table" />
		<WebElement name="CustomDeviceFields.CDFData.MoveCdfWarningPopup"
					value="//div[contains(@class,'modal-dialog--warning')]" />
		<WebElement name="CustomDeviceFields.CDFData.MoveCdfWarningPopupMessageLabel"
					value="//div[contains(@class,'modal-dialog--warning')]/div/p" />
		<WebElement name="CustomDeviceFields.CDFData.CopyMoveSwitchCdfWarningPopupCloseButton"
					value="//div[contains(@class,'modal-dialog--warning')]/div/div/button[text()='Close']" />
		<WebElement name="CustomDeviceFields.CDFData.MoveCdfConfirmSuccessfullyPopup"
					value="//div[contains(@class,'modal-dialog--confirm')]" />
		<WebElement name="CustomDeviceFields.CDFData.CopyMoveSwitchCdfConfirmSuccessfullPopupMessage"
					value="//div[contains(@class,'modal-dialog--confirm')]/div/p" />

		<!--Choose Device Dialog-->
		<WebElement name="CustomDeviceFields.ChooseDevice.BtnChooseDevice"
					value="//button[text()='Request']" />
		<WebElement name="CustomDeviceFields.ChooseDevice.ListNotStolenDevices"
					value="//div[contains(@class,'virtual-pages-container') and contains(@class,'free')]/div/table[contains(@class,'paged-table')]/tbody/tr[td[@data-name='isStolen' and text()='No']]" />
		<WebElement name="CustomDeviceFields.ChooseDevice.ListAllDevices"
					value="//div[contains(@class,'virtual-pages-container') and contains(@class,'free')]/div/table[contains(@class,'paged-table')]" />
		<WebElement name="CustomDeviceFields.ChooseDevice.SearchDeviceInput"
					value="//input[contains(@class,'snap-view-search-input')]" />
		<WebElement name="CustomDeviceFields.ChooseDevice.SelectFieldDropdownButton"
					value="//a[contains(@class,'select2-choice')]" />
		<WebElement name="CustomDeviceFields.ChooseDevice.SelectFieldDropdownList"
					value="//div[contains(@class,'select2-drop')]/ul[@class='select2-results']/li[contains(@class,'is-option-for-search')]" />
		<WebElement name="CustomDeviceFields.ChooseDevice.SelectFieldDropdownFilterOption"
					value="//div[contains(@class,'select2-drop')]/ul[@class='select2-results']/li[contains(@class,'is-option-for-search')]/div[@title='%s']" />
		<WebElement name="CustomDeviceFields.ChooseDevice.HeaderTable"
					value="//div[@class='header-container__frozen']/../table" />

		<!--Choose Device Group-->
		<WebElement name="ViewAndEditCustomDeviceFields.ChooseDeviceGroupBtn"
					value="//button[contains(@class,'is-button-for-choose-device-group')]" />
		<WebElement name="ViewAndEditCustomDeviceFields.DeviceGroupCmbList"
					value="//select[@id='deviceGroupSelection']/option" />
		<WebElement name="ViewAndEditCustomDeviceFields.DeviceGroupCmb"
					value="//select[@id='deviceGroupSelection']" />
		<WebElement name="ViewAndEditCustomDeviceFields.SelectedDeviceGroup"
					value="//option[contains(@value,'%s')]" />
		<WebElement name="ViewAndEditCustomDeviceFields.CDFDeviceInfoLabel"
					value="//div[@class='cdf-device-info' and contains(.,'%s')]" />
		<WebElement name="ViewAndEditCustomDeviceFields.TextDateField"
					value="//td[contains(@class,'%s')]/descendant::input" />
		<WebElement name="ViewAndEditCustomDeviceFields.DropdownField"
					value="//td[contains(@class,'%s')]/select" />
		<WebElement name="ViewAndEditCustomDeviceFields.DropdownFieldOption"
					value="//td[contains(@class,'%s')]/descendant::option[contains(@value, '%s')]" />
		<WebElement name="ViewAndEditCustomDeviceFields.FieldAlias"
					value="//td[text()='%s']/following-sibling::td[2]" />
		<WebElement name="ViewAndEditCustomDeviceFields.GroupSelection.DeviceGroupItem"
					value="//div[contains(@class,'is-cc-device-group-tree-page')]//span[contains(.,'group-name')]" />
		<WebElement name="ViewAndEditCustomDeviceFields.GroupSelection.ContinueButton"
					value="//button[contains(@class,'is-button-for-choose-device-group-or-folder')]" />

		<!--Edit Multiple Values for Field-->
		<WebElement name="ViewAndEditCustomDeviceFields.MultipleValuesBtn"
					value="//td[contains(@class,'%s')]/descendant::button[contains(@class,'btn-multiple-values')]" />
		<WebElement name="EditMultipleValuesDialog.MultiValuesTable"
					value="//div[contains(@class,'body-container')]/table[contains(@class,'is-table-for-multiple-values')]" />
		<WebElement name="EditMultipleValuesDialog.MultiValuesTableRow"
					value="//tr[position()='%s' and contains(@class,'permission-category')]" />
		<WebElement name="EditMultipleValuesDialog.FieldValueLabel"
					value="//td[contains(@class,'is-table-for-multiple-values__field-value')]" />
		<WebElement name="EditMultipleValuesDialog.NumOfDevicesLabel"
					value="//td[contains(@class,'is-table-for-multiple-values__number-of-device')]" />
		<WebElement name="EditMultipleValuesDialog.ActionCmb"
					value="//td[contains(@class,'is-table-for-multiple-values__action')]/select[1]" />
		<WebElement name="EditMultipleValuesDialog.Action.MultipleValueText"
					value="//td[contains(@class,'is-table-for-multiple-values__action')]/descendant::input" />
		<WebElement name="EditMultipleValuesDialog.Action.MultipleValueDate"
					value="//td[contains(@class,'is-table-for-multiple-values__action')]/descendant::input[contains(@class,'date-input-field')]" />
		<WebElement name="EditMultipleValuesDialog.Action.MultipleValueDropdown"
					value="//td[contains(@class,'is-table-for-multiple-values__action')]/select[2]" />

		<!--Import CDF-->
		<WebElement name="ImportCDF.TitleTxt"               value="//h3[contains(@class,'is-window-title')]" />
		<WebElement name="ImportCDF.ChooseFileBtn"          value="//input[contains(@class,'file-upload__upload-button')]" />
		<WebElement name="ImportCDF.SerialRd"               value="//input[@id='serialNumberRadio']" />
		<WebElement name="ImportCDF.IdentifierRd"           value="//input[@id='identifierRadio']" />
		<WebElement name="ImportCDF.IMEIRd"                 value="//input[@id='iMEIRadio']" />
		<WebElement name="ImportCDF.CancelBtn"              value="//button[contains(@class,'is-button-for-cancel-upload-file')]" />
		<WebElement name="ImportCDF.UploadFileBtn"          value="//button[contains(@class,'is-button-for-cdf-upload-file')]" />
		<WebElement name="ImportCDF.CloseBtn"               value="//button[contains(@class,'button--secondary button button--blue is-button-for-close-cdf-result-popup')]" />

		<WebElement name="CustomDeviceFields.CustomDeviceFieldInputByName"
					value="//table[@class='paged-table free']//tr[./td[1][text()='%s']]/td[3]/input" />

		<WebElement name="ImportCDF.WarningMessageEncoding" value="//div[contains(@class,'cdf-warning-message-wrapper')]" />
		<WebElement name="ImportCDF.ErrorMessageEncoding"   value="//div[contains(@class,'dialog-header--error')]" />
		<WebElement name="ImportCDF.NotificationCloseBtn"   value="//button[contains(@class,'is-button-for-close-cdf-result-popup')]" />
		<WebElement name="ImportCDF.CloseBtn.Black"         value="//button[contains(@class,'button--secondary button--black is-button-secondary')]" />
	</WebElements>
</WebElementMap>