<WebElementMap name="NextGen WebUI Element Mapping - Custom EDD Rules Map" description="" >
	<WebElements>
		<WebElement name="NextGenMap.WebUI.EDDRuleListItems"								value="//li[contains(@class, 'list-navigation-item')]/a[not(contains(@class, 'is-parent-endpoint-data-discovery-secondary-item-link'))]"/>
		<WebElement name="NextGenMap.WebUI.QAAutomationEDDRule"								value="//a[contains(@class, 'is-qa_automation') or contains(@class, 'is-new-rule')]"/>
		<WebElement name="NextGenMap.WebUI.CustomEDDRule"									value="//div[contains(@class, 'nested-list-items-container')]//*[contains(text(),'CustomRuleName')]"/>
		<WebElement name="NextGenMap.WebUI.CustomEDDRules.BtnAdd"							value="//a[contains(@class, 'add-btn')]"/>
		<WebElement name="NextGenMap.WebUI.CustomEDDRules.BtnNewRule"						value="//div[contains(@class, 'nested-list-action-item-icon-add-edd-rule')]"/>
		<WebElement name="NextGenMap.WebUI.CustomEDDRules.BtnNewRuleFirstTime"				value="//button[contains(@class, 'is-button-for-new-edd-rule')]"/>
		<WebElement name="NextGenMap.WebUI.CustomEDDRules.BtnDuplicateRule"					value="//div[contains(@class, 'nested-list-action-item-icon-duplicate-edd-rule')]"/>
		<WebElement name="NextGenMap.WebUI.CustomEDDRules.BtnPublishRule"					value="//button[contains(@class, 'is-button-for-activate-rule')]"/>
		<WebElement name="NextGenMap.WebUI.CustomEDDRules.BtnRuleContextMenu"				value="//div[contains(@class,'edd-rules-editor-top')]//button[contains(@class, 'is-button-for-dropdown-toggle')]"/>
		<WebElement name="NextGenMap.WebUI.CustomEDDRules.BtnRevertRule"					value="//button[contains(@class, 'is-button-for-revert-rule')]"/>
		<WebElement name="NextGenMap.WebUI.CustomEDDRules.BtnRenameRule"					value="//button[contains(@class, 'is-button-for-rename-rule')]"/>
		<WebElement name="NextGenMap.WebUI.CustomEDDRules.BtnDeleteRule"					value="//button[contains(@class, 'is-button-for-delete-rule')]"/>
		<WebElement name="NextGenMap.WebUI.CustomEDDRules.BtnDeleteRuleDisabled"       		value="//button[contains(@class, 'is-button-for-delete-rule') and @disabled]"/>
		<WebElement name="NextGenMap.WebUI.CustomEDDRules.BtnTestRule"						value="//button[contains(@class, 'rule-test-btn')]"/>
		<WebElement name="NextGenMap.WebUI.CustomEDDRules.BtnConfirmCancel"					value="//button[contains(@class,'is-button-for-cancel btn btn-low')]"/>
		<WebElement name="NextGenMap.WebUI.CustomEDDRules.HeaderRuleName"					value="//div[contains(@class, 'rule-name-container')]//input"/>
		<WebElement name="NextGenMap.WebUI.CustomEDDRules.RuleDefinitionHeader"				value="//div[@class='rule-definition-top-header']"/>
		<WebElement name="NextGenMap.WebUI.CustomEDDRules.IconRuleInUse"					value="//span[@class='icon-info-1 tooltip-w']"/>
		<WebElement name="NextGenMap.WebUI.CustomEDDRules.TooltipRuleInUse"					value="//div[@class='tipsy-inner']/div"/>
		<WebElement name="NextGenMap.WebUI.CustomEDDRules.TxtSampleText"					value="//div[contains(@class,'test-rule-textarea')]/textarea"/>
		<WebElement name="NextGenMap.WebUI.CustomEDDRules.NavigationArea"					value="//div[contains(@class,'virtual-container reset-origin fill-height')]"/>
		<WebElement name="NextGenMap.WebUI.CustomEDDRules.HeaderMatchScore"					value="//span[contains(@class, 'test-rule-message')]"/>
		<WebElement name="NextGenMap.WebUI.CustomEDDRules.BtnExpressionSetContextMenu"		value="(//div[contains(@class,'expression-set')])[1]//button[contains(@class, 'has-more-icon')]"/>
		<WebElement name="NextGenMap.WebUI.CustomEDDRules.BtnNthExpressionSetContextMenu"   value="(//div[contains(@class,'expression-set')])[{0}]//button[contains(@class, 'has-more-icon')]"/>
		<WebElement name="NextGenMap.WebUI.CustomEDDRules.BtnRenameExpressionSet"			value="//button[contains(@class,'is-button-for-rename-expression-set')]"/>
		<WebElement name="NextGenMap.WebUI.CustomEDDRules.BtnDeleteExpressionSet"			value="//button[contains(@class,'is-button-for-delete-expression-set')]"/>
		<WebElement name="NextGenMap.WebUI.CustomEDDRules.BtnExcludeFromMatchScore"			value="//button[contains(@class,'is-button-for-toggle-skip-match-count')]"/>
		<WebElement name="NextGenMap.WebUI.CustomEDDRules.IconExcludeFromMatchScore"        value="//button[contains(@class, 'is-button-for-toggle-skip-match-count')]//span[@class='icon-checkmark']"/>
		<WebElement name="NextGenMap.WebUI.CustomEDDRules.BtnAddExpressionSetDropdownMenu"	value="//div[contains(@class,'rule-definition-top-right')]//button[contains(@class,'is-button-for-dropdown-toggle')]"/>
		<WebElement name="NextGenMap.WebUI.CustomEDDRules.ExpressionSetOptions"   			value="//button[contains(@class,'is-report-options-button') or contains(@class,'button-secondary is-button-for-dropdown-toggle') and text()='Expression Set Options']" />
		<WebElement name="NextGenMap.WebUI.CustomEDDRules.ExpressionSets"					value="//div[contains(@class, 'rule-definition-bottom')]//section[contains(@class, 'expression-set')]"/>
		<WebElement name="NextGenMap.WebUI.CustomEDDRules.BtnAddEmptyExpressionSet"			value="//button[contains(@class,'is-button-for-new-expression-set')]"/>
		<WebElement name="NextGenMap.WebUI.CustomEDDRules.BtnAddEmptyExpressionSetForGDPR"	value="//button[contains(@class,'template-EU-GDPR is-button-for-import-template')]"/>
		<WebElement name="NextGenMap.WebUI.CustomEDDRules.BtnAddTemplateCanadianSIN"		value="//button[contains(@class, 'template-Canadian-SIN') and contains(@class, 'is-button-for-import-template')]"/>
		<WebElement name="NextGenMap.WebUI.CustomEDDRules.BtnAddTemplateUnitedStatesSSN"	value="//button[contains(@class, 'template-Financial-Terms') and contains(@class, 'is-button-for-import-template')]"/>
		<WebElement name="NextGenMap.WebUI.CustomEDDRules.BtnAddTemplatePFI"				value="//button[contains(@class, 'template-Health-Terms') and contains(@class, 'is-button-for-import-template')]"/>
		<WebElement name="NextGenMap.WebUI.CustomEDDRules.BtnAddTemplatePHI"				value="//button[contains(@class, 'template-US-SSN') and contains(@class, 'is-button-for-import-template')]"/>
        <WebElement name="NextGenMap.WebUI.CustomEDDRules.BtnGDPRReport"					value="//button[contains(@class, 'is-button-for-toggle-gdpr')]"/>
        <WebElement name="NextGenMap.WebUI.CustomEDDRules.ExpressionSetName"				value="(//div[contains(@class, 'expression-set-name')])"/>
		<WebElement name="NextGenMap.WebUI.CustomEDDRules.InlineTextEditorInput"			value="//input[contains(@class, 'inline-text-editor-input')]"/>
		<WebElement name="NextGenMap.WebUI.CustomEDDRules.FirstExpressionSetName"			value="(//div[contains(@class, 'expression-set-name')])[1]//input[contains(@class, 'inline-text-editor-input')]"/>
		<WebElement name="NextGenMap.WebUI.CustomEDDRules.BtnDeleteExpression1"				value="//div[contains(@class,'rule-definition-bottom')]/div[1]//div[contains(@class, 'expressions-container')]/div[1]//div[contains(@class,'expression-delete')]"/>
		<WebElement name="NextGenMap.WebUI.CustomEDDRules.BtnAddExpression1"				value="//div[contains(@class,'rule-definition-bottom')]/div[1]//div[contains(@class, 'expression-set-bottom')]/button[contains(@class,'btn-expression')]"/>
		<WebElement name="NextGenMap.WebUI.CustomEDDRules.BtnAddExpressionN" 				value="//div[contains(@class,'rule-definition-bottom')]/div[{0}]//div[contains(@class, 'expression-set-bottom')]/button[contains(@class,'btn-expression')]"/>
		<WebElement name="NextGenMap.WebUI.CustomEDDRules.ExpressionText1"					value="((//div[contains(@class,'expressions-container')])[1]//div[contains(@class,'expression-value-text')])[1]//input"/>
		<WebElement name="NextGenMap.WebUI.CustomEDDRules.nthExpressionSetName"				value="//section[contains(@class, expression-set) and contains(@data-order,{0})]//div[contains(@class, 'expression-set-name')]//input"/>
		<WebElement name="NextGenMap.WebUI.CustomEDDRules.ExpressionContentXY"      		value="//section[contains(@class, 'expression-set') and @data-order={0}]//div[contains(@class,'expression') and @data-order={1}]//div[contains(@class,'expression-value-text')]//input"/>
		<WebElement name="NextGenMap.WebUI.CustomEDDRules.ExpressionNoteVisible"			value="//div[@class='expression-comment' and not(contains(@style, 'none'))]"/>
		<WebElement name="NextGenMap.WebUI.CustomEDDRules.RuleContextMenu"					value="//ul[@class='dropdown-menu-buttons']" />
        <WebElement name="NextGenMap.WebUI.CustomEDDRules.ErrorModal"                       value="//div[contains(@class, 'modal-dialog--small modal-dialog--error ember-view modal-dialog')]"/>
        <WebElement name="NextGenMap.WebUI.CustomEDDRules.CloseErrorModal"                  value="//button[contains(@class,'button button--secondary button--black') and text()='Close']"/>
        <WebElement name="NextGenMap.WebUI.CustomEDDRules.IconIncludeInGDPRReport"			value="//button[contains(@class, 'is-button-for-toggle-gdpr')]//span[@class='icon-checkmark']"/>
        <WebElement name="NextGenMap.WebUI.CustomEDDRules.NewEddESet"						value="//button[contains(@class, 'is-button-for-new-expression-set')]"/>
		<WebElement name="NextGenMap.WebUI.CustomEDDRules.USSSNSet" 						value="//button[contains(@class, 'template-US-SSN')]"/>
		<WebElement name="NextGenMap.WebUI.CustomEDDRules.CASSNSet"							value="//button[contains(@class, 'template-Canadian-SIN')]"/>
		<WebElement name="NextGenMap.WebUI.CustomEDDRules.JMNESet"							value="//button[contains(@class, 'template-Japanese-My-Number')]"/>
        <WebElement name="NextGenMap.WebUI.CustomEDDRules.GIDSESet"							value="//button[contains(@class, 'template-Example-ID-Template')]"/>
        <WebElement name="NextGenMap.WebUI.CustomEDDRules.GDPRSet" 						    value="//button[contains(@class, 'template-EU-GDPR')]"/>
		<WebElement name="NextGenMap.WebUI.CustomEDDRules.CreditCardSet"					value="//button[contains(@class, 'template-luhn-credit-card')]"/>
		<WebElement name="NextGenMap.WebUI.CustomEDDRules.HealthSet"						value="//button[contains(@class, 'template-Health-Terms')]"/>
		<WebElement name="NextGenMap.WebUI.CustomEDDRules.FinancialSet"						value="//button[contains(@class, 'template-Financial-Terms')]"/>
        <WebElement name="NextGenMap.WebUI.CustomEDDRules.NewEddESet2"						value="//ul[@class='dropdown-menu-buttons']/li[1]/button"/>
        <WebElement name="NextGenMap.WebUI.CustomEDDRules.USSSNSet2" 						value="//ul[@class='dropdown-menu-buttons']/li[3]/button"/>
        <WebElement name="NextGenMap.WebUI.CustomEDDRules.CASSNSet2"						value="//ul[@class='dropdown-menu-buttons']/li[4]/button"/>
        <WebElement name="NextGenMap.WebUI.CustomEDDRules.JMNESet2"							value="//ul[@class='dropdown-menu-buttons']/li[5]/button"/>
        <WebElement name="NextGenMap.WebUI.CustomEDDRules.GIDSESet2"						value="//ul[@class='dropdown-menu-buttons']/li[6]/button"/>
        <WebElement name="NextGenMap.WebUI.CustomEDDRules.GDPRSet2"							value="//ul[@class='dropdown-menu-buttons']/li[7]/button"/>
        <WebElement name="NextGenMap.WebUI.CustomEDDRules.CreditCardSet2"					value="//ul[@class='dropdown-menu-buttons']/li[8]/button"/>
        <WebElement name="NextGenMap.WebUI.CustomEDDRules.HealthSet2"						value="//ul[@class='dropdown-menu-buttons']/li[9]/button"/>
        <WebElement name="NextGenMap.WebUI.CustomEDDRules.FinancialSet2"					value="//ul[@class='dropdown-menu-buttons']/li[10]/button"/>
		<WebElement name="NextGenMap.WebUI.CustomEDDRules.TestRuleBoxActivated"				value="//div[@class='test-rule-textarea-wrapper']/div/span" />
		<WebElement name="NextGenMap.WebUI.CustomEDDRules.TestRuleBox"						value="//div[@class='test-rule-textarea-wrapper']/textarea" />
		<WebElement name="NextGenMap.WebUI.CustomEDDRules.RuleTestResults"					value="//div[contains(@class,'rule-test-result')]/span" />
		<WebElement name="NextGenMap.WebUI.CustomEDDRules.EDDRule"					        value="//div[contains(@class, 'nested-list-items-container')]//*[contains(text(),'%s')]"/>
		<WebElement name="NextGenMap.WebUI.CustomEDDRules.ListButtonsExpressionSetOptions"  value="//div[contains(@class,'expression-set-control-btn')]"/>
		<WebElement name="NextGenMap.WebUI.CustomEDDRules.ListButtonsAddExpression"         value="//div[contains(@class,'expression-set-bottom')]//button[contains(@class,'btn-expression')]"/>
	</WebElements>
</WebElementMap>