<WebElementMap name="NextGen WebUI Element Mapping - Reports Map" description="" >

    <WebElements>

        <!-- Webelement for Upload File for Buld Device Action -->
        <WebElement name="BulkDeviceActionWindow"                  value="//div[contains(@class,'bulk-device-action-container')]"/>
        <WebElement name="BulkDeviceAction.TitleTxt"                value="//h3[contains(@class,'dialog-header__title is-window-title')]"/>
        <WebElement name="SelectDeviceActionDDL"                    value="//a[contains(@class,'select2-choice')]"/>
        <WebElement name="SelectDeviceActionDropDown"               value="//div[contains(@class, 'select-bulk-operation-dropdown')]"/>
        <WebElement name="SelectDeviceAction.FreezeDevices"         value="//div[text()='Freeze Devices']"/>
        <WebElement name="SelectDeviceAction.CancelFreezeDevices"   value="//div[text()='Cancel Freeze Devices']"/>
        <WebElement name="SelectDeviceAction.UnfreezeDevices"       value="//div[text()='Unfreeze Devices']"/>
        <WebElement name="SelectDeviceAction.StaticGroup"           value="//div[text()='Add to or Create Device Group']"/>
        <WebElement name="SelectDeviceAction.Freeze"                value="//div[text()='Freeze']"/>
        <WebElement name="SelectDeviceAction.ConditionalFreeze"     value="//div[text()='Conditional Freeze']"/>
        <WebElement name="SelectDeviceAction.RemoveFreeze"          value="//div[text()='Remove Freeze']"/>
        <WebElement name="SelectDeviceAction.RunScript"             value="//div[text()='Run Script']"/>
        <WebElement name="SelectDeviceAction.CancelScript"          value="//div[text()='Cancel Script']"/>
        <WebElement name="SelectDeviceAction.PerformEDDScan"        value="//div[text()='Perform EDD Scan']"/>
        <WebElement name="SelectDeviceAction.UnenrollDevice"        value="//div[text()='Unenroll Device']"/>
        <WebElement name="SelectDeviceAction.ChooseFileBtn"         value="//input[contains(@class,'file-upload__upload-button')]" />
        <WebElement name="SelectDeviceAction.SerialRd"              value="//input[@id='serialNumberRadio']" />
        <WebElement name="SelectDeviceAction.IdentifierRd"          value="//input[@id='identifierRadio']" />
        <WebElement name="SelectDeviceAction.IMEIRd"                value="//input[@id='iMEIRadio']" />
        <WebElement name="SelectDeviceAction.UploadFileBtn"         value="//button[contains(@class,'is-button-for-upload-file')]" />
        <WebElement name="SelectDeviceAction.CancelBtn"             value="//button[contains(@class,'is-button-for-cancel-upload-file') and text()='Cancel']" />
        <WebElement name="FileUploaded.ProceedWithValidDevicesBtn"  value="//button[contains(@class,'is-button-for-unenroll-upload-file')]"/>
        <WebElement name="FileUploaded.ReUploadBtn"                 value="//button[contains(@class,'is-button-for-cancel-unenroll-upload-file')]" />
        <WebElement name="FileUploadedError.CloseBtn"               value="//button[contains(@class,'is-button-for-close-upload-file-error-popup')]"/>
        <WebElement name="FileEncodeError.Modal"                    value="//div[contains(@class,'dialog-body__icon-block icon-block')]"/>
        <WebElement name="FileUploaded.CloseBtn"                    value="//a[contains(@class,'is-close-button']" />
        <WebElement name="DeviceEligibilityforUnenrollmentTxt"      value="//h3[contains(@class,'dialog-header__title is-window-title')]" />
        <WebElement name="DeviceEligibilityforUnenrollmentCloseBtn" value="//button[contains(@class,'is-button-for-cancel') and text()='Close']"/>
        <WebElement name="DeviceEligibilityforUnenrollmentProceedWithValidDevicesBtn" value="//button[contains(@class,'is-button-for-confirm-unenroll')]"/>
        <WebElement name="DeviceEligibilityForBulkActionWithValidDeviceBtn"           value="//button[contains(@class,'is-button-for-next') and text()='Proceed with Eligible Devices']" />
        <WebElement name="DeviceEligibilityForBulkActionCancelBtn"  value="//div[contains(@class, 'eligibility-modal')]//button[contains(@class,'is-button-for-cancel')]" />
        <WebElement name="RunScript.TitleTxt"                       value="//h3[contains(@class,'dialog-header__title is-window-title') and text()='Run Script']"/>
        <WebElement name="RunScript.NextBtn"                        value="//button[contains(@class,'is-button-for-next') and text()='Next']" />
        <WebElement name="PerformEDDScan.TitleTxt"                  value="//h3[contains(@class,'dialog-header__title is-window-title') and text()='Perform EDD Scan']"/>
        <WebElement name="PerformEDDScan.PerformBtn"                value="//button[contains(@class,'is-button-for-next') and text()='Perform EDD Scan']"/>
        <WebElement name="PerformEDDScan.CancelBtn"                 value="//button[contains(@class,'is-button-for-cancel button-group__button button--secondary') and text()='Cancel']"/>
        <WebElement name="Freeze.TitleTxt"                          value="//h3[contains(@class,'dialog-header__title is-window-title') and text()='Freeze Device']"/>
        <WebElement name="Freeze.ProcessBtn"                        value="//button[contains(@class,'is-button-for-next') and text()='Next']"/>
        <WebElement name="Freeze.CancelBtn"                         value="//button[contains(@class,'button--secondary is-button-for-cancel') and text()='Cancel']"/>
        <WebElement name="RemoveFreeze.TitleTxt"                    value="//h3[contains(@class,'dialog-header__title is-window-title') and text()='Remove Freeze']"/>
        <WebElement name="RemoveFreeze.ProcessBtn"                  value="//button[contains(@class,'is-button-for-next') and text()='Remove Freeze']"/>
        <WebElement name="RemoveFreeze.CancelBtn"                   value="//button[contains(@class,'secondary button--black is-button-for-cancel') and text()='Cancel']"/>
        <WebElement name="CancelScript.TitleTxt"                    value="//h3[contains(@class,'dialog-header__title is-window-title') and text()='Cancel Script']"/>
        <WebElement name="CancelScript.ProcessBtn"                  value="//button[contains(@class,'is-button-for-next') and text()='Cancel Script']"/>
        <WebElement name="CancelScript.CancelBtn"                   value="//button[contains(@class,'secondary button--black is-button-for-cancel') and text()='Cancel']"/>
        <WebElement name="CreateStaticGroup.TitleTxt"               value="//h3[contains(@class,'dialog-header__title is-window-title') and text()='Add Devices to or Create Static Device Group']"/>
        <WebElement name="CreateStaticGroup.NameTextField"          value="//input[@id='SetFixedGroupNameField']"/>
        <WebElement name="CreateStaticGroup.ProcessBtn"             value="//button[contains(@class,'is-button-for-create-static-device-group')]"/>
        <WebElement name="CreateStaticGroup.CancelBtn"              value="//button[contains(@class,'is-button-for-cancel-create-static-device-group')]"/>
        <WebElement name="StaticGroup.AddToExistingRadio"           value="//input[(@id='radio-adđ-to-existing-group')]"/>
        <WebElement name="StaticGroup.SelectGroupDropdown"          value="//span[(@class='icon icon-solid-arrow-down')]"/>
        <WebElement name="StaticGroup.TheFirstStaticGroupChk"       value="//div[contains(@class,'is-device-group-node') and contains(@class,'is-choosable') and ./div[contains(@class,'fixed')]]/div[contains(@class,'checkbox')]"/>
        <WebElement name="StaticGroup.DropdownSelectBtn"            value="//button[contains(@class,'is-button-for-choose-device-group-or-folder')]"/>
        <WebElement name="StaticGroup.SuccessfullyMessageP"         value="//*[text()='Device group processed successfully']"/>
        <WebElement name="StaticGroup.ProcessedPopupCloseBtn"       value="//button[contains(@class,'button button--secondary button--blue is-button-secondary')]"/>

    </WebElements>

</WebElementMap>
