<WebElementMap name="NextGen WebUI Element Mapping - Policy Group Map" description="" >

	<WebElements>
		<!-- Universal Icons and Labels  -->
		<WebElement name="PolicyGroup.GlobalPolicyGroupTab"                                                     value="//a[contains(@data-automation-id,'nested-list-item')]//div[contains(@class,'label') and contains(translate(., 'ABCDEFGHIJKLMNOPQRSTUVWXYZ', 'abcdefghijklmnopqrstuvwxyz'),'global policy group')]" />
		<WebElement name="PolicyGroup.UnlicensedPolicyGroupTab"                                                 value="//a[contains(@data-automation-id,'nested-list-item')]//div[contains(@class,'label') and contains(translate(., 'ABCDEFGHIJKLMNOPQRSTUVWXYZ', 'abcdefghijklmnopqrstuvwxyz'),'unlicensed policy group')]" />
		<WebElement name="PolicyGroup.Policy.Icon"					                                      		value="//div[contains(@data-type, '%s')]//span[contains(@class, 'icon')]"/>
		<WebElement name="PolicyGroup.Policy.ActiveIcon"					                                    value="//div[contains(@data-type, '%s')]//span[contains(@class, 'icon-active')]"/>
		<WebElement name="PolicyGroup.Policy.InactiveIcon"					                                    value="//div[contains(@data-type, '%s')]//span[contains(@class, 'icon-inactive')]"/>
		<WebElement name="PolicyGroup.Policy.IconLabel"					                                      	value="//div[contains(@data-type, '%s')]"/>
		<WebElement name="PolicyGroup.Policy.ToggleLabel"					                                    value="//section[contains(@class, 'licences-table') and div[contains(@data-type, '%s')]]//div[contains(@class, 'on-off-toggle__label')]"/>
		<WebElement name="PolicyGroup.Policy.ConfigureButton"					                                value="//button[contains(@data-type, '%s')]"/>
		<WebElement name="PolicyGroup.Policy.Delete.CloseBtn"					                                value="//div[contains(@class,'ant-modal-footer')]/button[contains(@class,'ant-btn-secondary')]"/>
		<WebElement name="PolicyGroup.Policy.Delete.ResponseMessage1"											value="//p[contains(text(), 'Deleting the policy group and moving its devices to the Global Policy Group')]"/>
		<WebElement name="PolicyGroup.Policy.Delete.ResponseMessage2"											value="//p[contains(text(), 'Since this may take several minutes, avoid making further changes to the policy group or the removed devices.')]"/>
		<WebElement name="PolicyGroup.Policy.Delete.ResponseMessage3"											value="//p[contains(text(), 'Refresh the page to see if the process is complete.')]"/>

		<WebElement name="PolicyGroup.Activation.ESP.CASLMessage"                                               value="//p[contains(text(),'Full-Disk Encryption Status Policy')]"/>
		<WebElement name="PolicyGroup.Activation.SDC.CASLMessage"                                               value="//p[contains(text(),'Software Policy')]"/>
		<WebElement name="PolicyGroup.Activation.EDD.CASLMessage"                                               value="//p[contains(text(),'Endpoint Data Discovery (EDD) Policy')]"/>
		<WebElement name="PolicyGroup.Activation.DUR.CASLMessage"                                               value="//p[contains(text(),'Data Usage Report Policy')]"/>
		<WebElement name="PolicyGroup.Activation.SCCM.CASLMessage"                                              value="//p[contains(text(),'SCCM')]"/>
		<WebElement name="PolicyGroup.PolicyFeatureLabel"                                                       value="//section/div[@data-type='%s']"/>
		<WebElement name="PolicyGroup.FirstCustomPolicyGroupLink"                                               value="//a[contains(@data-automation-id,'nested-list-item')]//div[contains(@class,'label') and not(contains(translate(., 'ABCDEFGHIJKLMNOPQRSTUVWXYZ', 'abcdefghijklmnopqrstuvwxyz'),'global policy group')) and not(contains(translate(., 'ABCDEFGHIJKLMNOPQRSTUVWXYZ', 'abcdefghijklmnopqrstuvwxyz'),'unlicensed policy group')) and not(contains(.,'Software Policies'))]"/>
		<WebElement name="PolicyGroup.FirstDeviceIdentifierLink"                                                value="//td[@data-name='identifier']/a"/>
		<WebElement name="PolicyGroup.PolicyGroupList"                                                          value="//a[contains(@data-automation-id,'nested-list-item')]//div[contains(@class,'label') and not(contains(@class,'software-policies'))]"/>
		<WebElement name="PolicyGroup.PolicyGroupOption"                                                        value="//div[contains(@class,'header__buttons')]//button[contains(.,'%s')]"/>
		<WebElement name="PolicyGroup.PoliciesTab"                                                              value="//ul[@class='snap-menu-tabs']/li/a[contains(.,'Policies')]"/>
		<WebElement name="PolicyGroup.PoliciesTab1"                                                             value="//nav[contains(@class,'header-navigation')]//span[text()='Policy Groups']"/>
		<WebElement name="PolicyGroup.SelectAll"																value="//th[contains(@class, 'is-container-for-control')]"/>

		<!-- Mapping for new Licensing functionality on Policies Page  -->
		<WebElement name="PolicyGroup.Tab.Devices"                                                 				value="//button[contains(@class,'is-button-for-devices')]"  />
		<WebElement name="PolicyGroup.Tab.Settings"                                                   			value="//button[contains(@class,'is-button-for-licences')]"  />
		<WebElement name="PolicyGroup.Button.AddRemoveLicenses"                                           		value="//tr//button[@class='button--green']" />
		<WebElement name="PolicyGroup.Button.EditLicenses.Done"                                           		value="//button[contains(@class, 'is-button-for-save') or contains(@class, 'is-licenses-policy-continue')]" />
		<WebElement name="PolicyGroup.Settings.PolicyDeviceCount"                                           	value="//div[contains(@class, 'licenses-table-top_left-block')]" />
		<WebElement name="PolicyGroup.Settings.License.LicenseOversubscribedStatus"                             value="//table[contains(@class, 'licences-table')]//tr[descendant::div[@class='license-title' and .='%s']]//*[contains(@class, 'licenses-info-container')]//*[contains(@class, 'icon--warning')]" />
		<WebElement name="PolicyGroup.Settings.License.LicenseOversubscribedInfo"                            	value="//table[contains(@class, 'licences-table')]//tr[descendant::div[@class='license-title' and .='%s']]//*[contains(@class, 'licenses-info-container')]//*[contains(@class, 'licenses-info--warning')]" />
		<WebElement name="PolicyGroup.Settings.License.LicenseSuccessStatus"                                    value="//table[contains(@class, 'licences-table')]//tr[descendant::div[@class='license-title' and .='%s']]//*[contains(@class, 'licenses-info-container')]//*[contains(@class, 'icon--success')]" />
		<WebElement name="PolicyGroup.Settings.LicenseTitles"                             						value="//table[contains(@class, 'licences-table')]//*[@class='license-title']" />

		<WebElement name="PolicyGroup.Text.Counter.DeviceCounter"                                           		value="//div[contains(@class, 'is-block-for-device-counter')]" />
		<WebElement name="PolicyGroup.Text.Counter.LicenseCounter"                                           		value="//div[contains(@class, 'is-block-for-license-counter')]" />


		<WebElement name="PolicyGroup.Heading.DevicesInPolicy.Edit"                                           	value="//tr[contains(@class,'licences-table')]/td[text()='Devices in Policy']//a[text()='Edit']"  />
		<WebElement name="PolicyGroup.Heading.Licenses.Edit"                                            		value="//tr/th[text()='Licenses']/a[text()='Edit']"   />
		<WebElement name="PolicyGroup.Heading.Oversubscribed"                                            		value="//td/span[text()='Oversubscribed']"  />

		<!--Mapping for new Licensing functionality on Policies Page 2  -->
		<WebElement name="PolicyGroup.ConfigureDLP.Button"                                                  value="//button[contains(@data-type,'DLP')]" />
		<WebElement name="PolicyGroup.ConfigureRAR.Button"                                                  value="//button[contains(@data-type,'RAR')]" />

		<!--mapping for new Licensing functionality on Policies Page 3 -active and inactive two types of tooltips - inherited and non: -->
		<WebElement name="PolicyGroup.ActivatePolicyModal.ActivateButton"                                    value="//button[contains(@class,'is-button-primary') or @type='submit']" />
		<WebElement name="PolicyGroup.ActivatePolicyModal.CancelButton"                                        value="//button[contains(@class,'button--secondary')]" />

		<WebElement name="PolicyGroup.Licenses.SettingTabLicenseNameLabel"                              value="//table[contains(@class,'licence') or contains(@class,'license')]//tr[./td[not(@colspan)]]//div[@class='license-title' and .='automation']" />
		<WebElement name="PolicyGroup.Licenses.BaseLicenseNames"                                        value="//div[contains (@class, 'select-licenses__base-block')]//section[contains(@class, 'info-card__container')]//*[contains(@class, 'info-card__header-label')]" />
		<WebElement name="PolicyGroup.Licenses.BaseLicenseInput"                                    		value="//div[contains (@class, 'select-licenses__base-block')]//label[descendant::*[contains(@class, 'info-card__header-label') and text()='%s'] and contains(@class, 'info-card')]//input" />
		<WebElement name="PolicyGroup.Licenses.BaseLicenseSelectedLabel"                                    value="//div[contains (@class, 'select-licenses__base-block')]//label[descendant::*[contains(@class, 'info-card__header-label') and text()='%s'] and contains(@class, 'info-card')]" />
		<WebElement name="PolicyGroup.Licenses.BaseLicense"                                    				value="//div[contains (@class, 'select-licenses__base-block')]//section[descendant::*[contains(@class, 'info-card__header-label') and text()='%s'] and contains(@class, 'info-card__container')]" />
		<WebElement name="PolicyGroup.Licenses.BaseLicense.TotalLicenseCount"                              value="//div[contains (@class, 'select-licenses__base-block')]//section[descendant::*[contains(@class, 'info-card__header-label') and text()='%s'] and contains(@class, 'info-card__container')]//*[contains(@class, 'info-card__value--total')]" />
		<WebElement name="PolicyGroup.Licenses.BaseLicense.RemainingLicenseCount"                          value="//div[contains (@class, 'select-licenses__base-block')]//section[descendant::*[contains(@class, 'info-card__header-label') and text()='%s'] and contains(@class, 'info-card__container')]//*[contains(@class, 'info-card__value--remaining')]" />

		<WebElement name="PolicyGroup.Licenses.AddOnLicenseNames"                                         value="//div[contains (@class, 'select-licenses__add-on-block')]//section[contains(@class, 'info-card__container')]//*[contains(@class, 'info-card__header-label')]" />
		<WebElement name="PolicyGroup.Licenses.AddOnLicense.TotalLicenseCount"                            value="//div[contains (@class, 'select-licenses__add-on-block')]//section[descendant::*[contains(@class, 'info-card__header-label') and text()='%s'] and contains(@class, 'info-card__container')]//*[contains(@class, 'info-card__value--total')]" />
		<WebElement name="PolicyGroup.Licenses.AddOnLicense.RemainingLicenseCount"                        value="//div[contains (@class, 'select-licenses__add-on-block')]//section[descendant::*[contains(@class, 'info-card__header-label') and text()='%s'] and contains(@class, 'info-card__container')]//*[contains(@class, 'info-card__value--remaining')]" />

		<WebElement name="PolicyGroup.Licenses.LicensingDeviceNumber"                                    value="//div[@class='select-licenses__info-box']/span"/>
		<WebElement name="PolicyGroup.Licenses.BaseLicenseCard"                                     	 value="//div[@class='select-licenses__base-block']//label[contains(@class,'info-card')]"/>
		<WebElement name="PolicyGroup.Licenses.AddOnLicenseCard"                                     	 value="//div[@class='select-licenses__add-on-block']//label[contains(@class,'info-card') and not(contains(@class,'predefined'))]"/>

		<WebElement name="PolicyGroup.Licenses.BaseLicense.DDSPROGF"                                        value="//label[contains(@data-is-automation,'DDSPROGF')]" />
		<WebElement name="PolicyGroup.Licenses.BaseLicense.DDSPRMGF"                                        value="//label[contains(@data-is-automation,'DDSPRMGF')]" />
		<WebElement name="PolicyGroup.Licenses.BaseLicense.APEPM"                                        value="//label[contains(@data-is-automation,'APEPM')]" />
		<WebElement name="PolicyGroup.Licenses.BaseLicense.ABSCONTROL"                                        value="//label[contains(@data-is-automation,'ABSCONTROL')]" />


		<WebElement name="PolicyGroup.Licenses.BaseLicense.Default"											value="//div[contains (@class, 'select-licenses__base-block')]//label[./input[not(@disabled)]]"/>
		<WebElement name="PolicyGroup.Licenses.BaseLicense.Computrace"                                        value="//label[contains(@data-is-automation,'CTC')]" />
		<WebElement name="PolicyGroup.Licenses.BaseLicense.SCCM"                                        value="//label[contains(@data-is-automation,'SCCM')]" />
		<WebElement name="PolicyGroup.Licenses.BaseLicense.DDSPro"                                        value="//label[contains(@data-is-automation,'DDSPRO')]" />
		<WebElement name="PolicyGroup.Licenses.BaseLicense.DDSST"                                         value="//label[contains(@data-is-automation,'DDSST')]" />
		<WebElement name="PolicyGroup.Licenses.BaseLicense.REACHMDL"                                        value="//label[contains(@data-is-automation,'REACHMDL')]" />
		<WebElement name="PolicyGroup.Licenses.BaseLicense.ResiliencePRMGF"                                   value="//label[contains(@data-is-automation,'DDSPRM') and not(contains(@data-is-automation,'DDSPRMSL')) and not(contains(@data-is-automation,'DDSPRME')) and not(contains(@class,'oversubscribed'))]"/>
		<WebElement name="PolicyGroup.Licenses.BaseLicense.SelectedResiliencePRMGF"                           value="//label[contains(@data-is-automation,'DDSPRM') and not(contains(@data-is-automation,'DDSPRMSL')) and not(contains(@data-is-automation,'DDSPRME')) and not(contains(@class,'oversubscribed')) and contains(@class,'selected')]"/>
		<WebElement name="PolicyGroup.Licenses.BaseLicense.Resilience"                                        value="//label[contains(@data-is-automation,'DDSPRM') and not(contains(@data-is-automation,'DDSPRMSL')) and not(contains(@data-is-automation,'DDSPRME')) and not(contains(@class,'oversubscribed')) and not(contains(@data-is-automation,'DDSPRMGF'))]"/>
		<WebElement name="PolicyGroup.Licenses.BaseLicense.SelectedResilience"                                value="//label[contains(@data-is-automation,'DDSPRM') and not(contains(@data-is-automation,'DDSPRMSL')) and not(contains(@data-is-automation,'DDSPRME')) and not(contains(@class,'oversubscribed')) and not(contains(@data-is-automation,'DDSPRMGF')) and contains(@class,'selected')]" />

		<WebElement name="PolicyGroup.Licenses.BaseLicense.DefaultSelected"                                        value="//div[contains (@class, 'select-licenses__base-block')]//label[1]//*[contains (@class, 'radio-button-checked-icon')]" />
		<WebElement name="PolicyGroup.Licenses.BaseLicense.DefaultNotSelected"                                        value="//div[contains (@class, 'select-licenses__base-block')]//label[1]//*[contains (@class, 'radio-button-unchecked-icon')]" />
		<WebElement name="PolicyGroup.Licenses.BaseLicense.ComputraceSelected"                                        value="//label[contains(@data-is-automation,'CTC')]//*[contains (@class, 'radio-button-checked-icon')]" />
		<WebElement name="PolicyGroup.Licenses.BaseLicense.ComputraceNotSelected"                                        value="//label[contains(@data-is-automation,'CTC')]//*[contains (@class, 'radio-button-unchecked-icon')]" />
		<WebElement name="PolicyGroup.Licenses.BaseLicense.SCCMSelected"                                        value="//label[contains(@data-is-automation,'SCCM')]//*[contains (@class, 'radio-button-checked-icon')]" />
		<WebElement name="PolicyGroup.Licenses.BaseLicense.SCCMNotSelected"                                        value="//label[contains(@data-is-automation,'SCCM')]//*[contains (@class, 'radio-button-unchecked-icon')]" />
		<WebElement name="PolicyGroup.Licenses.BaseLicense.DDSProSelected"                                        value="//label[contains(@data-is-automation,'DDSPROGF')]//*[contains (@class, 'radio-button-checked-icon')]" />
		<WebElement name="PolicyGroup.Licenses.BaseLicense.DDSProNotSelected"                                        value="//label[contains(@data-is-automation,'DDSPROGF')]//*[contains (@class, 'radio-button-unchecked-icon')]" />
		<WebElement name="PolicyGroup.Licenses.BaseLicense.REACHMDLSelected"                                        value="//label[contains(@data-is-automation,'REACHMDL')]//*[contains (@class, 'radio-button-checked-icon')]" />
		<WebElement name="PolicyGroup.Licenses.BaseLicense.REACHMDLNotSelected"                                        value="//label[contains(@data-is-automation,'REACHMDL')]//*[contains (@class, 'radio-button-unchecked-icon')]" />


		<WebElement name="PolicyGroup.Licenses.BaseLicense.ComputraceNumAvailable"                                        value="//label[contains(@data-is-automation,'CTC')]//span[contains (@class, 'info-card__value--remaining')]" />
		<WebElement name="PolicyGroup.Licenses.BaseLicense.SCCMNumAvailable"                                        value="//label[contains(@data-is-automation,'SCCM')]//span[contains (@class, 'info-card__value--remaining')]" />
		<WebElement name="PolicyGroup.Licenses.BaseLicense.DDSProNumAvailable"                                        value="//label[contains(@data-is-automation,'DDSPROGF')]//span[contains (@class, 'info-card__value--remaining')]" />
		<WebElement name="PolicyGroup.Licenses.BaseLicense.ReachNumAvailable"                                        value="//label[contains(@data-is-automation,'REACHMDL')]//span[contains (@class, 'info-card__value--remaining')]" />


		<WebElement name="PolicyGroup.Licenses.AddOnLicense.ABSCONTROL"                                        value="//label[contains(@data-is-automation,'ABSCONTROL')]" />
		<WebElement name="PolicyGroup.Licenses.AddOnLicense.Default"											value="//div[contains (@class, 'select-licenses__add-on-block')]//label[1]"/>
		<WebElement name="PolicyGroup.Licenses.AddOnLicense.ApplicationPersistence"								value="//div[contains (@class, 'select-licenses__add-on-block')]//label[@data-is-automation='%s']"/>

		<WebElement name="PolicyGroup.Licenses.CancelAssignLicenseButton"										value="//button[contains(@class, 'is-button-for-cancel') or contains(@class, 'is-licenses-policy-cancel')]"/>


		<!--End of Mapping for new functionality -->

		<WebElement name="PolicyGroup.LblNumberOfItems"                                                    value="//div[@class='page-content-container']//div[@class='right pagination-block']"/>
		<WebElement name="PolicyGroup.CreateNewPolicyGroup.TxtPolicyGroupName"                                      value="//input[@id='SetPolicyGroupNameField']"/>
		<WebElement name="PolicyGroup.CreateNewPolicyGroup.TxtDescription"                                         value="//textarea[@id='SetPolicyGroupDescription']"/>
		<WebElement name="PolicyGroup.SelectPolicyGroup.BtnAction"                                               value="//div[contains(@class,'page-content-container')]//button[contains(@class,'is-button-for-dropdown-toggle up')]"/>
		<WebElement name="PolicyGroup.SelectPolicyGroup.BtnDelete"                                               value="//button[contains(@class,'btn-dropdown is-button-for-delete')]"/>
		<WebElement name="PolicyGroup.GlobalTxtSearch"                                               value="//div[contains(@class,'manage-content-group')]//input[contains(@class,'txt-search')]"/>
		<WebElement name="PolicyGroup.AddDevices.ChkSelecter"                                           value="//div[contains(@class,'modal-dialog') or contains(@class,'virtual-pages-container')]//table[contains(@class,'paged-table frozen')]//input[@class='is-select-checkbox']"/>
		<WebElement name="PolicyGroup.AddDevices.ESNSelecter"                                           value="//div[contains(@class,'modal-dialog') or contains(@class,'virtual-pages-container')]//table[contains(@class,'paged-table frozen')]//td[@data-name='identifier']"/>
		<WebElement name="PolicyGroup.AddDevices.BtnContinue"                                           value="//button[contains(@class, 'is-select-devices-policy-continue')]"/>


		<WebElement name="PolicyGroup.EditPolicyGroup.ESNCheckbox"                                               value="//a[contains(.,'%s')]/../../td/input" />
		<WebElement name="PolicyGroup.Filter"                                                value="//div[contains(@class,'is-container-for-list')]//div[contains(@class,'select2-container')]"/>
		<WebElement name="PolicyGroup.Filter.DeviceName"                                       value="//li[contains(@class,'device-name')]"/>
		<WebElement name="PolicyGroup.Filter.Username"                                         value="//li[contains(@class,'username')]"/>
		<WebElement name="PolicyGroup.Filter.Model"                                           value="//li[contains(@class,'model')]"/>
		<WebElement name="PolicyGroup.Filter.PlatformType"                                            value="//li[contains(@class,'platform-type')]"/>
		<WebElement name="PolicyGroup.CreateNewPolicyGroup.RandomIdentifierCheckbox"                                 value="//div[contains(@class,'virtual-pages')]/div[contains(@class,'virtual-page')][1]/table[@class='paged-table frozen']/tbody/tr[not(contains(@class,'selected'))][index]/td[@class='is-container-for-control']/input"/>
		<WebElement name="PolicyGroup.CreateNewPolicyGroup.BackButton"                                				 value="//button[contains(@class,'policy-back button') and not(./ancestor::div[contains(@class,'hide')])]"/>
		<WebElement name="PolicyGroup.CreateNewPolicyGroup.LicensingDeviceNumber"                                    value="//div[@class='select-licenses__info-box']/span"/>
		<WebElement name="PolicyGroup.CreateNewPolicyGroup.BaseLicenseCard"                                     	 value="//div[@class='select-licenses__base-block']//label[contains(@class,'info-card')]"/>
		<WebElement name="PolicyGroup.Licensing.SettingTabLicenseTitle"                                    			 value="//td/div[@class='license-title' and text()='%s']"/>
		<WebElement name="PolicyGroup.CreateNewPolicyGroup.AddOnLicenseCard"                                     	 value="//div[@class='select-licenses__add-on-block']//label[contains(@class,'info-card') and not(contains(@class,'predefined'))]"/>
		<WebElement name="PolicyGroup.CreateNewPolicyGroup.RandomESN"                                                 value="//div[contains(@class,'virtual-pages')]/div[contains(@class,'virtual-page')][1]/table[@class='paged-table frozen']/tbody/tr[not(contains(@class,'selected'))][index]/td[2]"/>
		<WebElement name="PolicyGroup.CreateNewPolicyGroup.BtnAdvancedSearch"                                      value="//button[contains(@class,'is-button-for-toggle-editor btn btn-small up')]"/>
		<WebElement name="PolicyGroup.CreateNewPolicyGroup.BtnShowAvailable"                                       value="//div[contains(@class,'toggle-grid-result-buttons')]//div[contains(@class,'reset-absolute-origin')][1]/button"/>
		<WebElement name="PolicyGroup.CreateNewPolicyGroup.BtnShowAll"                                             value="//div[contains(@class,'toggle-grid-result-buttons')]//div[contains(@class,'reset-absolute-origin')][2]/button"/>
		<WebElement name="PolicyGroup.CreateNewPolicyGroup.AdvancedSearch.BtnRemoveFilter"                            value="//button[contains(@class,'remove-or-block btn-smaller')]" />
		<WebElement name="PolicyGroup.CreateNewPolicyGroup.SelectDevice.BtnCancel"                                  value="//div[contains(@class,'policy-group-select-devices')]//button[text()='Cancel']" />
		<WebElement name="PolicyGroup.Header.Default"                                                            value="//span[text()='Policies And Alerts']" />  <!--//div[contains(@class,'policy-group-header') and text()='Default']"/> -->
		<WebElement name="PolicyGroup.Header.Customized"                                                      value="//div[contains(@class,'policy-group-header') and text()='Customized']"/>
		<WebElement name="PolicyGroup.GlobalPolicyGroup"                                                       value="//div[contains(@class,'policy-group-info default-policy-group')]/h3[contains(@class,'policy-group-title')]"/>
		<WebElement name="PolicyGroup.GlobalPolicyGroup.HardwareNotActive"                                         value="//span[starts-with(@class,'HDC')]/span[@class='icon icon-inactive disabled tooltip-s']"/>
		<WebElement name="PolicyGroup.GlobalPolicyGroup.HardwareActive"                                           value="//span[starts-with(@class,'HDC')]/span[@class='icon icon-active tooltip-s']"/>
		<WebElement name="PolicyGroup.GlobalPolicyGroup.SoftwareNotActive"                                         value="//span[starts-with(@class,'SDC')]/span[@class='icon icon-inactive disabled tooltip-s']"/>
		<WebElement name="PolicyGroup.GlobalPolicyGroup.EDDNotActive"                                                value="//span[starts-with(@class,'DLP')]/span[@class='icon icon-inactive disabled tooltip-s']"/>
		<WebElement name="PolicyGroup.GlobalPolicyGroup.ESPIconNotActive"                                             value="//li[descendant::div[contains(@class,'default-policy-group')]]//span[starts-with(@class,'ESP')]/span[@class='icon icon-inactive disabled tooltip-s']"/>
		<WebElement name="PolicyGroup.GlobalPolicyGroup.ESPIconActive"                                            value="//li[descendant::div[contains(@class,'default-policy-group')]]//span[starts-with(@class,'ESP')]/span[@class='icon icon-active tooltip-s']"/>
		<WebElement name="PolicyGroup.GlobalPolicyGroup.DUHistoryIconNotActive"                                     value="//li[descendant::div[contains(@class,'default-policy-group')]]//span[starts-with(@class,'DUR')]/span[@class='icon icon-inactive disabled tooltip-s']"/>
		<WebElement name="PolicyGroup.GlobalPolicyGroup.DUHistoryIconActive"                                       value="//li[descendant::div[contains(@class,'default-policy-group')]]//span[starts-with(@class,'DUR')]/span[@class='icon icon-active tooltip-s']"/>
		<WebElement name="PolicyGroup.GlobalPolicyGroup.AVPIconNotActive"                                             value="//span[starts-with(@class,'AVP')]/span[@class='icon icon-inactive disabled tooltip-s']"/>
		<WebElement name="PolicyGroup.GlobalPolicyGroup.AVPIconActive"                                            value="//span[starts-with(@class,'AVP')]/span[@class='icon icon-active tooltip-s']"/>
		<WebElement name="PolicyGroup.GlobalPolicyGroup.SCCMIconNotActive"                                         value="//li[descendant::div[contains(@class,'default-policy-group')]]//span[starts-with(@class,'CCM')]/span[contains(@class,'icon-inactive')]"/>
		<WebElement name="PolicyGroup.GlobalPolicyGroup.SCCMIconActive"                                           value="//li[descendant::div[contains(@class,'default-policy-group')]]//span[starts-with(@class,'CCM')]/span[contains(@class,'icon-active')]"/>
		<WebElement name="PolicyGroup.GlobalPolicyGroup.RARIconNotActive"                                         value="//div[starts-with(@class,'RAR')]/span[contains(@class,'icon-inactive')]"/>
		<WebElement name="PolicyGroup.GlobalPolicyGroup.RARIconActive"                                            value="//div[starts-with(@class,'RAR')]/span[contains(@class,'icon-active')]"/>
		<WebElement name="PolicyGroup.GlobalPolicyGroup.LblNumDevices"                                            value="//li[1]//span[@class='policy-devices-number']"/>
		<WebElement name="PolicyGroup.GlobalPolicyGroup.LblHardware"                                             value= "//div[contains(@class,'HDC')]" />
		<WebElement name="PolicyGroup.GlobalPolicyGroup.LblAVP"                                                 value= "//li[descendant::div[contains(@class,'default-policy-group')]]//span[starts-with(@class,'AVP')]"/>
		<WebElement name="PolicyGroup.GlobalPolicyGroup.LblSoftware"                                             value= "//div[contains(@class,'SDC')]" />
		<WebElement name="PolicyGroup.GlobalPolicyGroup.LblEDD"                                                 value= "//div[contains(@class,'DLP')]" />
		<WebElement name="PolicyGroup.GlobalPolicyGroup.LblESP"                                                 value="//div[contains(@class,'ESP')]" />
		<WebElement name="PolicyGroup.GlobalPolicyGroup.LblDUHistory"                                                value= "//div[contains(@class,'DUR')]" />
		<WebElement name="PolicyGroup.GlobalPolicyGroup.LblSCCM"                                                value="//div[contains(@class,'CCM')]" />
		<WebElement name="PolicyGroup.GlobalPolicyGroup.LblRAR"                                                 value= "//div[contains(@class,'RAR')]" />
		<WebElement name="PolicyGroup.CurrentPolicyGroupWithExactName"                                                   value="//div[contains(@class,'list-view-header')]//h1[contains(@class,'list-header-name__title') and .='QA_Automation']" />

		<WebElement name="PolicyGroup.ToolTip"                                                              value="//div[contains(@class,'tooltip-s')]"/>
		<WebElement name="PolicyGroup.CustomizedPolicyGroupWithExactName"                                      value="//a[contains(@data-automation-id,'nested-list-item')]//div[contains(@class,'label') and .='QA_Automation']" />
		<WebElement name="PolicyGroup.CustomizedPolicyGroup"                                                   value="//a[contains(@data-automation-id,'nested-list-item')]//div[contains(@class,'label') and contains(.,'QA_Automation')]" />
		<WebElement name="PolicyGroup.CustomizedPolicyGroup.ContextMenu"                                          value="//p[preceding-sibling::h3/a[contains(.,'QA_Automation')]]/../../div[contains(@class,'policy-context-menu')]/button" />
		<WebElement name="PolicyGroup.CustomizedPolicyGroup.ContextMenu.EditProperties"                                  value="//ul[contains(@class,'context-menu-list')]//li[1]" />
		<WebElement name="PolicyGroup.CustomizedPolicyGroup.ContextMenu.ConfigureEDD"                                    value="//button[contains(@class,'is-report-and-repair-applications-list__configure-button button button--secondary button--blue button--small')and @data-type='DLP' and text()='Configure']"/>
		<WebElement name="PolicyGroup.CustomizedPolicyGroup.ContextMenu.DeactivateEDD"                               value="//div[contains(@class,'DLP')]/div[@class='on-off-toggle__checkbox checkbox-toggle']" />
		<WebElement name="PolicyGroup.CustomizedPolicyGroup.ContextMenu.ActivateESP"                                 value="//li//span[.='Activate Full-Disk Encryption Status']"/>
		<WebElement name="PolicyGroup.CustomizedPolicyGroup.ContextMenu.DeactivateESP"                                value="//li//span[.='Deactivate Full-Disk Encryption Status']"/>
		<WebElement name="PolicyGroup.CustomizedPolicyGroup.ContextMenu.ActivateDUHistory"                            value="//li//span[.='Activate Device Usage']"/>
		<WebElement name="PolicyGroup.CustomizedPolicyGroup.ContextMenu.DeactivateDUHistory"                           value="//li//span[.='Deactivate Device Usage']"/>
		<WebElement name="PolicyGroup.CustomizedPolicyGroup.ContextMenu.ConfigureRAR"                                           value="//li//span[.='Configure Report and Repair']"/>
		<WebElement name="PolicyGroup.CustomizedPolicyGroup.Hardware.DefaultIcon"                                   value="//p[preceding-sibling::h3/a[contains(.,'QA_Automation')]]//span[starts-with(@class,'HDC')]/span[contains(@class,'tooltip-s')]" />
		<WebElement name="PolicyGroup.CustomizedPolicyGroup.Hardware.Label"                                           value="//p[preceding-sibling::h3/a[contains(.,'QA_Automation')]]//span[starts-with(@class,'HDC') and text()='Hardware']" />
		<WebElement name="PolicyGroup.CustomizedPolicyGroup.Software.DefaultIcon"                                   value="//p[preceding-sibling::h3/a[contains(.,'QA_Automation')]]//span[starts-with(@class,'SDC')]/span[contains(@class,'tooltip-s')]" />
		<WebElement name="PolicyGroup.CustomizedPolicyGroup.Software.Label"                                           value="//p[preceding-sibling::h3/a[contains(.,'QA_Automation')]]//span[starts-with(@class,'SDC') and text()='Software']" />
		<WebElement name="PolicyGroup.CustomizedPolicyGroup.EDD.DefaultIcon"                                       value="//p[preceding-sibling::h3/a[contains(.,'QA_Automation')]]//span[starts-with(@class,'DLP')]/span[contains(@class,'tooltip-s')]" />
		<WebElement name="PolicyGroup.CustomizedPolicyGroup.EDD.Label"                                           value="//p[preceding-sibling::h3/a[contains(.,'QA_Automation')]]//span[starts-with(@class,'DLP') and text()='Endpoint Data Discovery']" />
		<WebElement name="PolicyGroup.CustomizedPolicyGroup.Encryption.DefaultIcon"                                     value="//p[preceding-sibling::h3/a[contains(.,'QA_Automation')]]//span[starts-with(@class,'ESP')]/span[contains(@class,'tooltip-s')]" />
		<WebElement name="PolicyGroup.CustomizedPolicyGroup.Encryption.Label"                                      value="//p[preceding-sibling::h3/a[contains(.,'QA_Automation')]]//span[starts-with(@class,'ESP') and text()='Full-Disk Encryption Status']" />
		<WebElement name="PolicyGroup.CustomizedPolicyGroup.DataUsage.DefaultIcon"                                  value="//p[preceding-sibling::h3/a[contains(.,'QA_Automation')]]//span[starts-with(@class,'DUR')]/span[contains(@class,'tooltip-s')]" />
		<WebElement name="PolicyGroup.CustomizedPolicyGroup.DataUsage.Label"                                       value="//p[preceding-sibling::h3/a[contains(.,'QA_Automation')]]//span[starts-with(@class,'DUR') and text()='Device Usage']" />
		<WebElement name="PolicyGroup.CustomizedPolicyGroup.SCCM.DefaultIcon"                                      value="//p[preceding-sibling::h3/a[contains(.,'QA_Automation')]]//span[starts-with(@class,'CCM')]/span[contains(@class,'tooltip-s')]" />
		<WebElement name="PolicyGroup.CustomizedPolicyGroup.SCCM.Label"                                              value="//p[preceding-sibling::h3/a[contains(.,'QA_Automation')]]//span[starts-with(@class,'CCM') and text()='Software']" />
		<WebElement name="PolicyGroup.CustomizedPolicyGroup.EDD.StatusBadge"                                         value="//div[starts-with(@class,'DLP')]/span[@class='icon icon-active tooltip-s']"/>
		<WebElement name="PolicyGroup.CustomizedPolicyGroup.EDD.Inherited.Inactive"                                  value="//div[starts-with(@class,'DLP')]/span[contains(@class,'active-inher disabled')]"/>
		<WebElement name="PolicyGroup.CustomizedPolicyGroup.EDD.Active"                                              value="//div[starts-with(@class,'DLP')]/span[@class='icon icon-active tooltip-s']"/>
		<WebElement name="PolicyGroup.CustomizedPolicyGroup.EDD.NotActive"                                       	 value="//div[starts-with(@class,'DLP')]/span[@class='icon icon-inactive disabled tooltip-s']"/>
		<WebElement name="PolicyGroup.CustomizedPolicyGroup.LblESP"                                                 value="//p[preceding-sibling::h3/a[contains(.,'QA_Automation')]]//span[@class='ESP inherited']" />
		<WebElement name="PolicyGroup.CustomizedPolicyGroup.ESP.Inherited.Inactive"                                     value="//div[contains(@data-type, 'ESP')]/div[contains(@class, 'inherited')]" />
		<WebElement name="PolicyGroup.CustomizedPolicyGroup.ESP.Inherited.Active"                                   value="//div[contains(@data-type, 'ESP')]/div[contains(@class, 'enabled inherited')]" />
		<WebElement name="PolicyGroup.CustomizedPolicyGroup.LblDUHistory"                                         value="//p[preceding-sibling::h3/a[contains(.,'QA_Automation')]]//span[@class='DUR inherited']" />
		<WebElement name="PolicyGroup.CustomizedPolicyGroup.DUHistory.Inherited.Inactive"                             value="//div[contains(@data-type, 'DUR')]/div[contains(@class, 'inherited')]" />
		<WebElement name="PolicyGroup.CustomizedPolicyGroup.DUHistory.Inherited.Active"                                  value="//div[contains(@data-type, 'DUR')]/div[contains(@class, 'enabled inherited')]" />
		<WebElement name="PolicyGroup.CustomizedPolicyGroup.LblSCCM"                                             value="//p[preceding-sibling::h3/a[contains(.,'QA_Automation')]]//span[@class='CCM inherited']" />
		<WebElement name="PolicyGroup.CustomizedPolicyGroup.SCCM.Inherited.Inactive"                                 value="//div[contains(@data-type, 'CCM')]/div[contains(@class, 'inherited')]" />
		<WebElement name="PolicyGroup.CustomizedPolicyGroup.SCCM.Inherited.Active"                                  value="//div[contains(@data-type, 'CCM')]/div[contains(@class, 'enabled inherited')]" />
		<WebElement name="PolicyGroup.CustomizedPolicyGroup.Possible.AVP.Inactive"                                  value="//p[preceding-sibling::h3/a[contains(.,'QA_Automation')]]//span[starts-with(@class,'AVP')]/span[contains(@class,'active-inher disabled')]" />
		<WebElement name="PolicyGroup.CustomizedPolicyGroup.Possible.AVP.Active"                                    value="//p[preceding-sibling::h3/a[contains(.,'QA_Automation')]]//span[starts-with(@class,'AVP')]/span[@class='icon icon-active-inher tooltip-s']" />
		<WebElement name="PolicyGroup.CustomizedPolicyGroup.Possible.AVP.Label"                                        value="//p[preceding-sibling::h3/a[contains(.,'QA_Automation')]]//span[@class='AVP inherited']" />
		<WebElement name="PolicyGroup.CustomizedPolicyGroup.RAR.DefaultIcon"                                                    value="//p[preceding-sibling::h3/a[contains(.,'QA_Automation')]]//span[starts-with(@class,'RAR')]/span[contains(@class,'tooltip-s')]"/>
		<WebElement name="PolicyGroup.CustomizedPolicyGroup.RAR.Label"                                                          value="//div[starts-with(@class,'RAR') and text()='Report and Repair']"/>
		<WebElement name="PolicyGroup.CustomizedPolicyGroup.RAR.Inherited.Inactive"                                             value="//div[starts-with(@class,'RAR')]/span[contains(@class,'active-inher disabled')]"/>
		<WebElement name="PolicyGroup.CustomizedPolicyGroup.RAR.Inherited.Active"                                               value="//div[starts-with(@class,'RAR')]/span[@class='icon icon-active-inher tooltip-s']"/>
		<WebElement name="PolicyGroup.CustomizedPolicyGroup.RAR.Active"                                                         value="//div[starts-with(@class,'RAR')]/span[@class='icon icon-active tooltip-s']"/>
		<WebElement name="PolicyGroup.CustomizedPolicyGroup.RAR.NotActive" 			                    	                   	value="//div[starts-with(@class,'RAR')]/span[@class='icon icon-inactive disabled tooltip-s']"/>
		<WebElement name="PolicyGroup.CustomizedPolicyGroup.NumSelectedDevices"                                        			value="//div[contains(@class,'is-block-for-device-counter')]"/>
		<WebElement name="PolicyGroup.CustomizedPolicyGroup.checkbox"                                            value="//div[contains(@class,'header-container')]//table[contains(@class,'paged-table frozen')]//input[contains(@class,'is-select-all-checkbox')]" />
		<WebElement name="PolicyGroup.CustomizedPolicyGroup.actions"                                             value="//div[contains(@class,'policies-landing-frame snap-container-content')]//button[contains(@class,'tooltip-s btn btn-small is-button-for-dropdown-toggle up')]" />
		<WebElement name="PolicyGroup.CustomizedPolicyGroup.remove"                                                  value="//button[contains(@class,'left action-buttons-block btn button button--blue')]" />
		<WebElement name="PolicyGroup.CustomizedPolicyGroup.PerformEDDScan"                                          value="//button[contains(@class,'btn-dropdown is-button-for-show-on-demand-select-type')]" />
		<WebElement name="PolicyGroup.CustomizedPolicyGroup.AddDevices"                                              value="//button[contains(@class,'tooltip-s btn btn-small is-button-for-add-devices ember-view')]" />
		<WebElement name="PolicyGroup.CustomizedPolicyGroup.BtnAddDevices"                                        value="//button[contains(@class,'is-button-for-add-devices')]" />
		<WebElement name="PolicyGroup.CustomizedPolicyGroup.AddDevices.ColIdentifier"                                value="//span[contains(.,'Identifier')]" />
		<WebElement name="PolicyGroup.CustomizedPolicyGroup.AddDevices.ColPolicyGroupName"                            value="//span[contains(.,'Policy Group Name')]" />
		<WebElement name="PolicyGroup.CustomizedPolicyGroup.AddDevices.ColAgentStatus"                               value="//span[contains(.,'Agent Status')]" />
		<WebElement name="PolicyGroup.CustomizedPolicyGroup.AddDevices.ColUsername"                                     value="//span[contains(.,'Username')]" />
		<WebElement name="PolicyGroup.CustomizedPolicyGroup.AddDevices.ColDeviceName"                                value="//span[contains(.,'Device Name')]" />
		<WebElement name="PolicyGroup.CustomizedPolicyGroup.AddDevices.ColMake"                                        value="//span[contains(.,'Make')]" />
		<WebElement name="PolicyGroup.CustomizedPolicyGroup.AddDevices.ColModel"                                    value="//span[contains(.,'Model')]" />
		<WebElement name="PolicyGroup.CustomizedPolicyGroup.AddDevices.ColSerialNumber"                                  value="//span[contains(.,'Serial Number')]" />
		<WebElement name="PolicyGroup.CustomizedPolicyGroup.AddDevices.ColPlatformType"                                  value="//span[contains(.,'Platform Type')]" />
		<WebElement name="PolicyGroup.CustomizedPolicyGroup.AddDevices.PoliciesSideButton"                            value="//span[contains(@class,'icon-policies-settings')]/.." />

		<WebElement name="PolicyGroup.CustomizedPolicyGroup.Policies.NumDevicesInfo"                                 value="//p[preceding-sibling::h3/a[contains(.,'QA_Automation')]]//span[@class='policy-devices-number']"/>
		<WebElement name="PolicyGroup.CustomizedPolicyGroup.Policies.HardwareInfo"                                  value="//li[@data-type='HDC']" />
		<WebElement name="PolicyGroup.CustomizedPolicyGroup.Policies.SoftwareInfo"                                  value="//li[@data-type='SDC']" />
		<WebElement name="PolicyGroup.CustomizedPolicyGroup.Policies.EDDInfo"                                      value="//li[@data-type='DLP']" />
		<WebElement name="PolicyGroup.CustomizedPolicyGroup.Policies.EncryptionInfo"                                 value="//li[@data-type='ESP']" />
		<WebElement name="PolicyGroup.CustomizedPolicyGroup.Policies.AntivirusProtectionInfo"                          value="//li[@data-type='AVP']" />
		<WebElement name="PolicyGroup.CustomizedPolicyGroup.Policies.DeviceUsageHistory"                              value="//li[@data-type='DUR']" />
		<WebElement name="PolicyGroup.CustomizedPolicyGroup.Policies.SCCM"                                        value="//li[@data-type='CCM']" />
		<WebElement name="PolicyGroup.CustomizedPolicyGroup.Policies.RARInfo"                                                   value="//li[@data-type='RAR']" />
		<WebElement name="PolicyGroup.CustomizedPolicyGroup.DeactivatePolicy.BtnClose"                                          value="//div[@class='dialog-footer__buttons button-group']//button[text()='Close']" />

		<WebElement name="PolicyGroup.ContextMenu.EditProperties.TxtPolicyGroupName"                                 value="//input[contains(@id,'SetPolicyGroupNameField')]" />
		<WebElement name="PolicyGroup.ContextMenu.EditProperties.ErrorUniqueName"                                   value="//div[contains(@class,'alert-error')]" />
		<!-- Configure EDD -->
		<WebElement name="PolicyGroup.ConfigureEDD.FirstCheckbox"																value="//div[contains(@class,'edd-configure-dialog')]//table[contains(@class,'paged-table frozen')]//input[@class='is-select-checkbox']"/>
		<WebElement name="PolicyGroup.ConfigureEDD.BtnSave"																		value="//button[contains(@class,'btn btn-action') and text()='Save']" />
		<WebElement name="PolicyGroup.ConfigureEDD.SaveAndActivate.Button"                                        				value="//button[contains(@class,'btn btn-action') and text()='Save and Activate']"/>
		<WebElement name="PolicyGroup.ConfigureEDD.AIPCheckbox"                                                   				value="//div[contains(@class, 'settings-block__input-container input-container')]//label[contains(@class, 'input-container__input-label')]//*[contains(text(),'AIP')]"/>
		<WebElement name="PolicyGroup.ConfigureEDD.AIPCollapseArrow"                                             				value="//p[contains(.,'Allow protection of at-risk files: ')]/span[@class='arrow-toggle-icon icon-solid-arrow-right'][1]"/>
		<WebElement name="PolicyGroup.ConfigureEDD.BtnCancel"                                                    				value="//button[contains(@class,'btn btn-low') and text()='Cancel']" />
		<WebElement name="PolicyGroup.ConfigureEDD.SaveAndActivate.Button"                                        				value="//button[contains(@class,'btn btn-action') and text()='Save and Activate']"/>
		<!-- Configure Battery Conservation Settings -->
		<WebElement name="PolicyGroup.ConfigureEDD.BatteryConservationArrow"                            						value="//div[contains(@class,'info-container__settings-block settings-block')]/p[@class='settings-block__config-label is-battery-level']/span[@class='arrow-toggle-icon icon-solid-arrow-right']" />
		<WebElement name="PolicyGroup.ConfigureEDD.ConfigureBatteryTextBox"                            							value="//*[contains(@class,'settings-block--collapsible--is-open')]//*[contains(@class, 'settings-block__input-container input-container')]//*[contains(@class, 'is-battery-input')]"/>
		<WebElement name="PolicyGroup.ConfigureEDD.ConfigureBatteryRadioButton1"                            					value="//*[contains(@class,'settings-block--collapsible--is-open')]//*[contains(@class, 'settings-block__input-container input-container is-radio-scan-battery-level')]//input[@value='1']"/>
		<WebElement name="PolicyGroup.ConfigureEDD.ConfigureBatteryRadioButton2"                            					value="//*[contains(@class,'settings-block--collapsible--is-open')]//*[contains(@class, 'settings-block__input-container input-container is-radio-scan-battery-level')]//input[@value='2']"/>
		<WebElement name="PolicyGroup.ConfigureEDD.ConfigureBatteryRadioButton3"                            					value="//*[contains(@class,'settings-block--collapsible--is-open')]//*[contains(@class, 'settings-block__input-container input-container is-radio-scan-battery-level')]//input[@value='3']"/>
		<!-- EDD Scan Level Settings -->
		<WebElement name="PolicyGroup.ConfigureEDD.ScanLevelArrow"                            									value="//div[contains(@class,'info-container__settings-block settings-block')]/p[@class='settings-block__config-label is-scan-level']/span[@class='arrow-toggle-icon icon-solid-arrow-right']" />
		<WebElement name="PolicyGroup.ConfigureEDD.ScanLevelRadioButton1"                            							value="//*[contains(@class,'settings-block--collapsible--is-open')]//*[contains(@class, 'settings-block__input-container input-container is-radio-scan-level')]//input[@value='1']"/>
		<WebElement name="PolicyGroup.ConfigureEDD.ScanLevelRadioButton2"                            							value="//*[contains(@class,'settings-block--collapsible--is-open')]//*[contains(@class, 'settings-block__input-container input-container is-radio-scan-level')]//input[@value='2']"/>
		<WebElement name="PolicyGroup.ConfigureEDD.ScanLevelRadioButton3"                            							value="//*[contains(@class,'settings-block--collapsible--is-open')]//*[contains(@class, 'settings-block__input-container input-container is-radio-scan-level')]//input[@value='3']"/>
		<!-- Configure RAR -->
		<WebElement name="PolicyGroup.ConfigureRAR.BtnHelp"                                                                     value="//a[contains(@class,'icon-question-mark')]"/>
		<WebElement name="PolicyGroup.ConfigureRAR.BtnSave"                                                                     value="//button[contains(@class,'is-button-for-save') and text()='Save']"/>
		<WebElement name="PolicyGroup.ConfigureRAR.BtnSaveAndApply"                                                             value="//button[contains(@class,'is-button-for-save') and text()='Save and Apply']"/>
		<WebElement name="PolicyGroup.ConfigureRAR.BtnCancel"                                                                   value="//button[contains(@class,'is-button-for-cancel') and text()='Cancel']"/>
		<WebElement name="PolicyGroup.ConfigureRAR.PolicyDescription"                                                           value="//p[contains(@class,'form-row__description')]"/>
		<WebElement name="PolicyGroup.ConfigureRAR.ConfigureRARCloseBtn"                                                        value="//a[contains(@class,'is-close-button')]"/>
		<WebElement name="PolicyGroup.ConfigureRAR.ReportRepairReinstallRadioInput"                                            	value="//input[contains(@class,'dyn-input-radiobutton') and @value='reinstall']" />
		<WebElement name="PolicyGroup.ConfigureRAR.ReportRepairRadioInput"                                            			value="//input[contains(@class,'dyn-input-radiobutton') and @value='true']" />
		<WebElement name="PolicyGroup.ConfigureRAR.ReportOnlyRadioInput"                                            			value="//input[contains(@class,'dyn-input-radiobutton') and @value='false']" />
		<WebElement name="PolicyGroup.ConfigureRAR.ApplicationToggle"                                                           value="//table[contains(@class, 'is-report-and-repair-applications-list')]//tr[child::td[contains(., '%s')]]//div[contains(@class, 'on-off-toggle__checkbox')]"/>
		<WebElement name="PolicyGroup.ConfigureRAR.ApplicationToggleStatus"                                                     value="//table[contains(@class, 'is-report-and-repair-applications-list')]//tr[child::td[.='%s']]//input[contains(@class, 'checkbox-toggle__input')]"/>
		<WebElement name="PolicyGroup.ConfigureRAR.ApplicationConfigureSummary"                                                 value="//table[contains(@class, 'is-report-and-repair-applications-list')]//tr[child::td[contains(., '%s')]]//div[contains(@class, 'form-row')]"/>
		<WebElement name="PolicyGroup.ConfigureRAR.ApplicationConfigureBtn"                                                     value="//table[contains(@class, 'is-report-and-repair-applications-list')]//tr[child::td[contains(., '%s')]]//button[contains(@class, 'is-report-and-repair-applications-list__configure-button')]"/>
		<WebElement name="PolicyGroup.ConfigureRAR.CommonApplicationConfigureBtn"                                               value="//table[contains(@class, 'is-report-and-repair-applications-list')]//button[contains(@class, 'is-report-and-repair-applications-list__configure-button')]"/>
		<WebElement name="PolicyGroup.ConfigureRAR.StandaloneBitLocker"                                                       	value="//span[contains(.,'Standalone BitLocker')]"/>
		<WebElement name="PolicyGroup.ConfigureRAR.SCCMPage"                                                       				value="//h3[contains(.,'SCCM')]"/>
		<WebElement name="PolicyGroup.ActivatePolicy.ActivateBtn"                                                            	value="//button[contains(@class,'is-button-primary') or @type='submit']"/>
		<WebElement name="PolicyGroup.ActivatePolicy.CancelBtn"                                                                 value="//button[contains(@class,'button-group__button button button--secondary button--black') and text()='Cancel']"/>
		<WebElement name="PolicyGroup.ConfigureRAR.ActivateConfirmBtn"                                                       	value="//button[contains(@class,'button button--yellow')]"/>
		<WebElement name="PolicyGroup.ConfigureRAR.Title"                                  	                                	value="//h3[contains(@class,'dialog-header__title is-window-title')]"/>
		<WebElement name="PolicyGroup.ConfigureRAR.ApplicationList"                                                             value="//table[@class='is-report-and-repair-applications-list']"/>
		<WebElement name="PolicyGroup.ConfigureRAR.ApplicationVersion"                                                          value="//td[contains(text(), '{applicationName}')]/../td[contains(text(), '{versionName}')]"/>
		<WebElement name="PolicyGroup.ConfigureRAR.ApplicationList"                                                             value="//table[@class='is-report-and-repair-applications-list']"/>
		<WebElement name="PolicyGroup.ConfigureRAR.ApplicationUpgradeVersion"                                                   value="//tr[contains(@class,'is-report-and-repair-applications-list--row__changed')]/td[contains(text(), '5.5.*')]"/>
        <WebElement name="PolicyGroup.ConfigureRAR.ApplicationUpgradeVersionCiscoAnyConnect"                                    value="//tr[contains(@class,'is-report-and-repair-applications-list--row__changed')]/td[contains(text(), '4.6.*')]"/>

		<!-- Configure RAR Application -->
		<WebElement name="PolicyGroup.ConfigureRAR.Application.Header"                                                     		value="//h3[contains(@class, 'dialog-header__title')]"/>
		<WebElement name="PolicyGroup.ConfigureRAR.Application.FormHeader"         			                                	value="//div[@class = 'ember-view dyn-form']/div[@class = 'form-row ']"/>
		<WebElement name="PolicyGroup.ConfigureRAR.Application.HealthCheckCheckbox"                                             value="//input[following-sibling::span[contains(.,'%s')]]"/>
			<WebElement name="PolicyGroup.ConfigureRAR.Application.ROCheckbox"                                                  	value="//input[following-sibling::span[text()='Report only']]"/>
		<WebElement name="PolicyGroup.ConfigureRAR.Application.RRCheckbox"                                                    	value="//input[following-sibling::span[contains(text(),'repair')]]"/>
		<WebElement name="PolicyGroup.ConfigureRAR.Application.RRRCheckbox"                                                     value="//input[following-sibling::span[contains(text(),'reinstall')]]"/>
		<WebElement name="PolicyGroup.ConfigureRAR.Application.InstallerTypeLabel"                                              value="//h5[contains(@class, 'form-sub-heading') and text()= 'Installer type']"/>
		<WebElement name="PolicyGroup.ConfigureRAR.Application.InstallerType32BitButton"                                        value="//a[contains(@class, 'dyn-input-oneOrMoreButtons__option ember-view one-or-more-selection-2__input is-32bit')]"/>
		<WebElement name="PolicyGroup.ConfigureRAR.Application.InstallerType64BitButton"                                        value="//a[contains(@class, 'dyn-input-oneOrMoreButtons__option ember-view one-or-more-selection-2__input is-64bit')]"/>
		<WebElement name="PolicyGroup.ConfigureRAR.Application.RRRURI"                                                     		value="//input[@name ='reinstallDownloadURL']"/>
		<WebElement name="PolicyGroup.ConfigureRAR.Application.RRRURI32Bit"                                               		value="//input[@name ='reinstallDownloadURL32']"/>
		<WebElement name="PolicyGroup.ConfigureRAR.Application.RRRURI64Bit"                                               		value="//input[@name ='reinstallDownloadURL64']"/>
		<WebElement name="PolicyGroup.ConfigureRAR.Application.RRRGoToURI"                                                     	value="//a[preceding::div[child::input[contains(@name,'reinstallDownloadURL')]]][contains(.,'Go to URI')]"/>
		<WebElement name="PolicyGroup.ConfigureRAR.Application.RRRGoToURI32Bit"                                               	value="//a[preceding::div[child::input[contains(@name,'reinstallDownloadURL32')]]][contains(.,'Go to URI')]"/>
		<WebElement name="PolicyGroup.ConfigureRAR.Application.RRRGoToURI64Bit"                                               	value="//a[preceding::div[child::input[contains(@name,'reinstallDownloadURL64')]]][contains(.,'Go to URI')]"/>
		<WebElement name="PolicyGroup.ConfigureRAR.Application.RRRURIHint"                                                     	value="//div[preceding::div[child::input[contains(@name,'reinstallDownloadURL')]]][contains(@class,'dyn-input-url__hint')]"/>
		<WebElement name="PolicyGroup.ConfigureRAR.Application.RRRPassword"                                                 	value="//input[(@name ='reinstallDownloadPassword')]"/>
		<WebElement name="PolicyGroup.ConfigureRAR.Application.RRRShowPasswordCheckbox"											value="//input[following-sibling::span[text()='Show Password']]"/>
		<WebElement name="PolicyGroup.ConfigureRAR.Application.RRRUsername"                                                    	value="//input[@name ='reinstallDownloadUserName']"/>
		<WebElement name="PolicyGroup.ConfigureRAR.Application.RRRHashTxt"                                                     	value="//div[preceding-sibling::h5[contains(@class,'form-sub-heading') and text()='SHA-256 Hash']]"/>
		<WebElement name="PolicyGroup.ConfigureRAR.Application.RRRHash"                                                        	value="//input[@name ='reinstallDownloadHash']"/>
		<WebElement name="PolicyGroup.ConfigureRAR.Application.RRRHash32Bit"                                                   	value="//input[@name ='reinstallDownloadHash32']"/>
		<WebElement name="PolicyGroup.ConfigureRAR.Application.RRRHash64Bit"                                                   	value="//input[@name ='reinstallDownloadHash64']"/>
		<WebElement name="PolicyGroup.ConfigureRAR.Application.ConsoleServerUri"                                              	value="//input[@name='consoleServerURI']"/>
		<WebElement name="PolicyGroup.ConfigureRAR.Application.AgentPolicyName"                                              	value="//input[@name='policyName']"/>
		<WebElement name="PolicyGroup.ConfigureRAR.Application.Passphrase"                                                    	value="//input[@name='passPhrase']"/>
		<WebElement name="PolicyGroup.ConfigureRAR.Application.RRRHashHint"                                                     value="//div[contains(@class,'dyn-input-text__hint')]"/>
		<WebElement name="PolicyGroup.ConfigureRAR.Application.SaveBtn"                                                       	value="//button[contains(@class,'is-button-for-save') and text()='Save']"/>
		<WebElement name="PolicyGroup.ConfigureRAR.Application.CancelBtn"                                                    	value="//button[contains(@class,'is-button-for-cancel') and text()='Cancel']"/>
		<WebElement name="PolicyGroup.ConfigureRAR.Application.UploadConfigurationFileBtn"                                      value="//input[contains(@class,'file-upload__upload-button')]"/>
		<WebElement name="PolicyGroup.ConfigureRAR.Application.BitlockerSetupDropdownMenu"                                      value="//ul[contains(@class,'dropdown-menu')]"/>
		<WebElement name="PolicyGroup.ConfigureRAR.Application.BitlockerSetupDropdownBtn"                                     	value="//div[contains(@class,'dropdown-group')]/button"/>
		<WebElement name="PolicyGroup.ConfigureRAR.Application.BitlockerEncryptedDrives"                                      	value="//a[contains(@class,'%s')]//input"/>
		<WebElement name="PolicyGroup.ConfigureRAR.Application.BitlockerEncryptionStrength"                                    	value="//input[following-sibling::span[contains(text(),'%s')]]"/>
		<WebElement name="PolicyGroup.ConfigureRAR.Application.BitlockerKeyRecoveryURL"                          	          	value="//input[@name='keyRecoveryURL']"/>
		<WebElement name="PolicyGroup.ConfigureRAR.Application.BitlockerStatusReportingURL"                                    	value="//input[@name='statusReportingURL']"/>

		<WebElement name="PolicyGroup.ConfigureRAR.Application.IVANTIPATCHWIN.consoleServerURI"                                 value="//input[@name='consoleServerURI']"/>
		<WebElement name="PolicyGroup.ConfigureRAR.Application.IVANTIPATCHWIN.policyName"                                    	value="//input[@name='policyName']"/>
		<WebElement name="PolicyGroup.ConfigureRAR.Application.IVANTIPATCHWIN.passPhrase"                                    	value="//input[@name='passPhrase']"/>

		<WebElement name="PolicyGroup.ConfigureRAR.Application.EsetUploadFileBtn"                                    			value="//div[contains(@class,'is-file-upload file-upload')]/input"/>
		<WebElement name="PolicyGroup.ConfigureRAR.Application.EsetUploadFileError"                                    			value="//div[contains(@class,'notification-inline--error')]/div[contains(@class,'notification-inline__content')]"/>
		<WebElement name="PolicyGroup.ConfigureRAR.Application.EsetUploadFileSuccess"                                    		value="//div[contains(@class,'notification-inline--success')]/div[contains(@class,'notification-inline__content')]"/>
		<WebElement name="PolicyGroup.ConfigureRAR.Application.EsetUploadFileNoFile"                                    		value="//div[@class = 'file-selection-container--error  ember-view notification-inline']/div[contains(@class,'notification-inline__content')]"/>
		<WebElement name="PolicyGroup.ConfigureRAR.Application.ApplicationVersionDropDown"                                  	value="//button[@class= 'dropdown-group__button button button--secondary button--blue is-button-for-dropdown-toggle up ']"/>
		<Webelement name="PolicyGroup.ConfigureRAR.Application.ApplicationVersionSelector"                                  	value="//button[@class='dropdown-menu__item menu-item menu-item--double is-button-for-select-ap-policy-configuration-action ember-view']/div[(@class='menu-item__name') and (text()='{versionName}')]"/>
		<Webelement name="PolicyGroup.ConfigureRAR.VersionAlert"                                                             	value="//p[@class='version-changed-warning-icon-text-container__text']"/>

		<!--DELL DATA Guardian -->
		<WebElement name="PolicyGroup.ConfigureRAR.Application.DellDGConsoleServerUri"                                         	value="//input[@name='ddgServer']"/>


		<!--DELL Encryption Go to URI Button-->
		<WebElement name="PolicyGroup.ConfigureRAR.Application.RRRGoToURIDellDG64Bit"                                       	value="//a[preceding::div[child::input[contains(@name,'reinstallDownloadURL32')]]][contains(.,'Go to URI')]"/>
		<WebElement name="PolicyGroup.ConfigureRAR.Application.RRRGoToURIDellDG32Bit"                                       	value="//a[preceding::div[child::input[contains(@name,'reinstallDownloadURL64')]]][contains(.,'Go to URI')]"/>


		<!--DELL Encryption HASH -->
		<WebElement name="PolicyGroup.ConfigureRAR.Application.RRRHashDellDG32Bit"                                              value="//input[@name ='reinstallDownloadHash32']"/>
		<WebElement name="PolicyGroup.ConfigureRAR.Application.RRRHashDellDG64Bit"                                              value="//input[@name ='reinstallDownloadHash64']"/>


		<!--DELL Data Guardian Input  URI-->
		<WebElement name="PolicyGroup.ConfigureRAR.Application.RRRURIDellDG32Bit"                                     	        value="//input[@name ='reinstallDownloadURL32']"/>
		<WebElement name="PolicyGroup.ConfigureRAR.Application.RRRURIDellDG64Bit"                                      	        value="//input[@name ='reinstallDownloadURL64']"/>

		<WebElement name="PolicyGroup.ConfigureRAR.Application.ComplaintCheckbox"                                              	value="//div[contains(@class,'ember-view dyn-form')]//input[contains(@type,'checkbox')]"/>

        <!--DELL ATP input URI -->
		<WebElement name="PolicyGroup.ConfigureRAR.Application.RRRURIDATPAgent"                                            		value="//input[@name ='reinstallDownloadURLATPAgent']"/>
		<WebElement name="PolicyGroup.ConfigureRAR.Application.RRRURIDATPPlugins32Bit"                                        	value="//input[@name ='reinstallDownloadURLATPPlugins32']"/>
		<WebElement name="PolicyGroup.ConfigureRAR.Application.RRRURIDATPPlugins64Bit"                                        	value="//input[@name ='reinstallDownloadURLATPPlugins64']"/>
		<WebElement name="PolicyGroup.ConfigureRAR.Application.RRRURIDEMAgent32Bit"                                             value="//input[@name ='reinstallDownloadURLEMAgent32']"/>
		<WebElement name="PolicyGroup.ConfigureRAR.Application.RRRURIDEMAgent64Bit"                                         	value="//input[@name ='reinstallDownloadURLEMAgent64']"/>

		<!--DELL ATP Go to URI Button-->
		<WebElement name="PolicyGroup.ConfigureRAR.Application.RRRGoToURIDATPAgent"                                            	value="//a[preceding::div[child::input[contains(@name,'reinstallDownloadURLATPAgent')]]][contains(.,'Go to URI')]"/>
		<WebElement name="PolicyGroup.ConfigureRAR.Application.RRRGoToURIDATPPlugins32Bit"                                     	value="//a[preceding::div[child::input[contains(@name,'reinstallDownloadURLATPPlugins32')]]][contains(.,'Go to URI')]"/>
		<WebElement name="PolicyGroup.ConfigureRAR.Application.RRRGoToURIDATPPlugins64Bit"                                    	value="//a[preceding::div[child::input[contains(@name,'reinstallDownloadURLATPPlugins64')]]][contains(.,'Go to URI')]"/>
		<WebElement name="PolicyGroup.ConfigureRAR.Application.RRRGoToURIEMAgent32Bit"                                      	value="//a[preceding::div[child::input[contains(@name,'reinstallDownloadURLATPPlugins32')]]][contains(.,'Go to URI')]"/>
		<WebElement name="PolicyGroup.ConfigureRAR.Application.RRRGoToURIEMAgent64Bit"                                       	value="//a[preceding::div[child::input[contains(@name,'reinstallDownloadURLATPPlugins64')]]][contains(.,'Go to URI')]"/>


		<!--DELL ATP HASH -->
		<WebElement name="PolicyGroup.ConfigureRAR.Application.RRRURIDATPAgentHash"                                            	value="//input[@name ='reinstallDownloadHashATPAgent']"/>
		<WebElement name="PolicyGroup.ConfigureRAR.Application.RRRHashDATPPlugins32Bit"                                        	value="//input[@name ='reinstallDownloadHashATPPlugins32']"/>
		<WebElement name="PolicyGroup.ConfigureRAR.Application.RRRHashDATPPlugins64Bit"                                        	value="//input[@name ='reinstallDownloadHashATPPlugins64']"/>
		<WebElement name="PolicyGroup.ConfigureRAR.Application.RRRHashEMAgent32Bit"                                          	value="//input[@name ='reinstallDownloadHashEMAgent32']"/>
		<WebElement name="PolicyGroup.ConfigureRAR.Application.RRRHashEMAgent64Bit"                                         	value="//input[@name ='reinstallDownloadHashEMAgent64']"/>


		<!--DELL Encryption Go to URI Button-->
		<WebElement name="PolicyGroup.ConfigureRAR.Application.RRRGoToURIDellEncryption32Bit"                                  	value="//a[preceding::div[child::input[contains(@name,'reinstallDownloadURL32')]]][contains(.,'Go to URI')]"/>
		<WebElement name="PolicyGroup.ConfigureRAR.Application.RRRGoToURIDellEncryption64Bit"                                  	value="//a[preceding::div[child::input[contains(@name,'reinstallDownloadURL64')]]][contains(.,'Go to URI')]"/>


		<!--DELL Encryption HASH -->
		<WebElement name="PolicyGroup.ConfigureRAR.Application.RRRHashDellEncryption32Bit"                                      value="//input[@name ='reinstallDownloadHash32']"/>
		<WebElement name="PolicyGroup.ConfigureRAR.Application.RRRHashDellEncryption64Bit"                                      value="//input[@name ='reinstallDownloadHash64']"/>


		<!--DELL Encryption Input  URI-->
		<WebElement name="PolicyGroup.ConfigureRAR.Application.RRRURIDellEncryption32Bit"                                     	value="//input[@name ='reinstallDownloadURL32']"/>
		<WebElement name="PolicyGroup.ConfigureRAR.Application.RRRURIDellEncryption64Bit"                                      	value="//input[@name ='reinstallDownloadURL64']"/>
		<WebElement name="PolicyGroup.ConfigureRAR.Application.RRRURIDellEncryptionServerHostName"                             	value="//input[@name ='dellEncServerHostname']"/>
		<WebElement name="PolicyGroup.ConfigureRAR.Application.RRRURIDellEncryptionPolicyProxyHostName"                         value="//input[@name ='dellEncPolicyProxyHostname']"/>
		<WebElement name="PolicyGroup.ConfigureRAR.Application.RRRURIDellEncryptionDeviceServerUrl"                             value="//input[@name ='dellEncDeviceServerUrl']"/>
		<WebElement name="PolicyGroup.ConfigureRAR.Application.RRRURIDellEncryptionManagedDomain"                               value="//input[@name ='dellEncManagedDomain']"/>


		<!-- Configure RAR Application Term and Conditions -->
		<WebElement name="PolicyGroup.ConfigureRAR.Application.Terms.APCheckbox" 												value="//input[following-sibling::span[contains(text(),'I certify that')]]"/>
		<WebElement name="PolicyGroup.ConfigureRAR.Application.Terms.APHeader" 													value="//span[contains(text(),'I certify that')]"/>
		<WebElement name="PolicyGroup.ConfigureRAR.Application.Terms.APTermLink" 												value="//a[@class='show-reinstall-license-agreement']"/>
		<WebElement name="PolicyGroup.ConfigureRAR.Application.Terms.Title" 													value="//h3[@class = 'dialog-header__title is-window-title']"/>
		<WebElement name="PolicyGroup.ConfigureRAR.Application.Terms.Header"													value="//p[@class = 'reinstall-agreement-content-title']"/>
		<WebElement name="PolicyGroup.ConfigureRAR.Application.Terms.Body" 														value="//p[@class = 'reinstall-agreement-content-body']"/>
		<WebElement name="PolicyGroup.ConfigureRAR.Application.Terms.DoneBtn" 													value="//div[contains (@class,'dialog-footer__buttons')]/button[contains(@class, 'is-button-for-save')]"/>
		<WebElement name="PolicyGroup.ConfigureRAR.Dialog"                           											value="//*[contains(@class, 'modal')]//div[contains(@class, 'is-report-and-repair-config')]"/>

		<WebElement name="PolicyGroup.PolicyActivation"                                                                         value="//section[contains(@class,'licences-table__toggles')]//div[contains(@class,'PolicyName')]/span[contains(@data-tooltip-source-id,'tooltip-Activation')]"/>
		<WebElement name="PolicyGroup.SelectAllEDDRule"                                                                         value="//input[@class='is-select-all-checkbox']"/>
		<WebElement name="PolicyGroup.SaveAndActivateEDDBtn"                                                                    value="//button[@class='btn btn-action'][1]"/>
		<WebElement name="PolicyGroup.OnOffRAR"                                                                                 value="//tr[./td[1][contains(.,'%s')]]//div[@class='on-off-toggle__checkbox checkbox-toggle']"/>
		<WebElement name="PolicyGroup.SaveAndApplyRARBtn"                                                                       value="//button[contains(@class,'is-button-for-save')]"/>
		<WebElement name="PolicyGroup.PolicyGroupDevice"                                                                        value="//td/a[.='esn']"/>
		<WebElement name="PolicyGroup.RandomExistingPolicyGroupNumberOfEsn"                                                     value="//ul/li[index]//p[@class='policy-group-description text-ellipsis']/span[1]"/>
		<WebElement name="PolicyGroup.BtnBtnAction.Save"                                                      					value="//div[contains(@class,'modal-dialog__footer') and not(contains(@class,'hide-block'))]//button[text()='Save']" />
		<WebElement name="PolicyGroup.AllPolicyGroups"                                                        					value="//div[contains(@data-automation-id, 'label') and not(contains(@data-automation-id,'software-policies')) and text()!='Unlicensed Policy Group']" />
		<WebElement name="PolicyGroup.BtnSettings"                                                              				value="//button[contains(@class, 'is-button-for-licences')]" />
		<WebElement name="PolicyGroup.BtnDevices"                                                           					value="//div[contains(@class, 'reset-absolute-origin')]//button[text() = 'Devices']" />
		<WebElement name="PolicyGroup.Settings.SDC"                                                          					value="//div[contains(@class, 'policy-type')]//div[contains(@class, 'SDC')]" />
		<WebElement name="PolicyGroup.TopRightPolicyGroupOptionsBtn" 														    value="//div[contains(@class,'button-block-container')]//button[contains(@class,'is-button-for-dropdown-toggle')]" />
		<WebElement name="PolicyGroup.TopRightPolicyGroupDeleteBtn" 														    value="//button[contains(@class,'is-button-for-delete-policy-group')]" />
		<WebElement name="PolicyGroup.TopRightPolicyGroupPropertiesBtn"             			                                value="//button[contains(@class, 'is-button-for-edit-policy-group')]"/>

		<WebElement name="PolicyGroup.PolicyGroupSettingsTab" 														    		value="//button[contains(@class,'is-button-for-licences') and not(contains(@class,'active'))]" />
		<WebElement name="PolicyGroup.PolicyGroupDevicesTab" 														    		value="//button[contains(@class,'is-button-for-devices') and not(contains(@class,'active'))]" />
		<WebElement name="PolicyGroup.PolicyGroupOnOffToggle" 														    		value="//div[contains(@class,'%s')]/div[@class='on-off-toggle__checkbox checkbox-toggle']" />
		<WebElement name="PolicyGroup.EDDConfigurationBtn" 														    			value="//button[contains(@class,'configure-button') and @data-type='DLP']" />
		<WebElement name="PolicyGroup.RARConfigurationBtn" 														    			value="//button[contains(@class,'configure-button') and @data-type='RAR']" />
		<WebElement name="PolicyGroup.ApplicationsPersistenceConfigured.CloseBtn"  												value="//button[@class ='is-button-secondary']"/>
	<!--Permission message-->
		<WebElement name="PolicyGroup.PermissionMessage"  																		value="//div[@class='message-body__content']"/>
		<WebElement name="PolicyGroup.Policy.Activate.CloseBtn" 																value ="//div[contains(@class,'modal-dialog')]//button[contains(@class,'button--secondary')]"/>
		<WebElement name="PolicyGroup.Modal.Body.Content" 																		value ="//div[@class='modal-body']//p[contains(@class, 'body__content')]"/>
		<WebElement name="PolicyGroup.PolicyType" 																				value ="//div[@data-type]"/>
	<!-- UBA Policy Configuration -->
		<WebElement name="PolicyGroup.UBAConfigurationBtn"																		value="//button[contains(@class,'configure-button') and @data-type='UBA']" />
		<WebElement name="PolicyGroup.UBAOnOffToggle"																			value="//div[contains(@class,'on-off-toggle UBA')]"/>
		<WebElement name="PolicyGroup.ConfigureUBA.Modal"																		value="//div[@class='ember-view is-uba-config'][1]"/>
		<WebElement name="PolicyGroup.ConfigureUBA.SaveAndActivate"                                                             value="//button[contains(@class, 'btn btn-action')][1]"/>
		<WebElement name="PolicyGroup.ConfigureUBA.Save"																		value="//button[contains(@class,'is-button-for-save')]"/>
		<WebElement name="PolicyGroup.ConfigureUBA.CloseModal"																	value="//button[contains(@class, 'is-button-secondary')][1]"/>
		<WebElement name="PolicyGroup.ConfigureUBA.Deactivate"																	value="//button[contains(@class,'is-button-primary')]"/>
		<WebElement name="PolicyGroup.ConfigureUBA.CaslActivate"																value="//button[@type='submit'][1]"/>
		<WebElement name="PolicyGroup.ConfigureUBA.ConfirmPolicyActivationModal"             									value="//div[contains(@class, 'is-uba-config')]//div[contains(@class, 'modal-dialog--confirm')]"/>
		<WebElement name="PolicyGroup.ConfigureUBA.MaxStorage"                                                             		value="//input[contains(@class, 'is-input-for-max-storage')][1]"/>
		<WebElement name="PolicyGroup.ConfigureUBA.RetentionPeriod"                                                             value="//input[contains(@class, 'is-input-for-retention')][1]"/>
		<WebElement name="PolicyGroup.ConfigureUBA.AppUsage.Enable"                                                             value="//input[contains(@class, 'is-enable-app-usage')][1]"/>
		<WebElement name="PolicyGroup.ConfigureUBA.WebMonitoring.Enable"                                                        value="//input[contains(@class, 'is-enable-web-montoring')][1]"/>
		<WebElement name="PolicyGroup.ConfigureUBA.KeystrokeAuth.Enable"                                                        value="//input[contains(@class, 'is-enable-keystroke-auth')][1]"/>
		<WebElement name="PolicyGroup.ConfigureUBA.UsbCopyMonitoring.Enable"                                                    value="//input[contains(@class, 'is-enable-usb-copy-monitoring')][1]"/>
		<WebElement name="PolicyGroup.name.upg"                                            										value="//div[contains(@class,'label') and contains(.,'Unlicensed Policy')]"/>
	</WebElements>

</WebElementMap>

