<WebElementMap name="NextGen WebUI Element Mapping - User Management" description="" >

    <WebElements>
        <WebElement name="User.UserDetails"									                    value="//div[text()='User Details']"/>
        <WebElement name="User.UserPreferences"								                    value="//div[text()='User Preferences']"/>
        <WebElement name="User.UserStatusAndSuspensionSetting"				                    value="//div[text()='User Status and Suspension Settings']"/>
        <WebElement name="User.SaveButton"                                                      value="//button[text()='Save']"/>
        <WebElement name="User.CancelButton"                                                    value="//button[text()='Cancel']"/>
        <WebElement name="User.Cancel2FAButton"                                                 value="//button[@id='btnCancel']"/>
        <WebElement name="User.UserDetails.Email"                                               value="//input[@id='emailField']"/>
        <WebElement name="User.Profile.UserDetails.CurrentPassword"                             value=""/>
        <WebElement name="User.Profile.UserDetails.SetNewPassword"                              value=""/>
        <WebElement name="User.Profile.UserDetails.PasswordCombineErrorLabel"                   value=""/>
        <WebElement name="User.Profile.UserDetails.PasswordSpecificErrorLabel"                  value=""/>
        <WebElement name="User.Profile.UserDetails.RetypeNewPassword"                           value=""/>
        <WebElement name="User.Profile.UserDetails.ShowHidePasswordIcon"                        value=""/>
        <WebElement name="User.Profile.Preferences.Language"                                    value="//select[@id='locale']"/>
        <WebElement name="User.UserDetails.FirstName"                                           value="//input[@id='firstNameField']"/>
        <WebElement name="User.UserDetails.LastName"                                            value="//input[@id='lastNameField']"/>
        <WebElement name="User.UserDetails.PrimaryPhoneType"                                    value="//select[@id='primaryPhoneType']"/>
        <WebElement name="User.UserDetails.PrimaryPhoneType.ErrorMessage"                       value=""/>
        <WebElement name="User.UserDetails.PrimaryCountryCode"                                  value="//select[@id='primaryCountryCode']"/>
        <WebElement name="User.UserDetails.PrimaryNumber"                                       value="//input[@id='primaryPhoneNumberField']"/>
        <WebElement name="User.UserDetails.PrimaryNumber.ErrorMessage"                          value=""/>
        <WebElement name="User.UserDetails.PrimaryExtension"                                    value="//input[@id='primaryExtensionField']"/>
        <WebElement name="User.UserDetails.SecondaryPhoneType"                                  value="//select[@id='secondaryPhoneType']"/>
        <WebElement name="User.UserDetails.SecondaryCountryCode"                                value="//select[@id='secondaryCountryCode']"/>
        <WebElement name="User.UserDetails.SecondaryNumber"                                     value="//input[@id='secondaryPhoneNumberField']"/>
        <WebElement name="User.UserDetails.SecondaryExtension"                                  value="//input[@id='secondaryExtensionField']"/>
        <WebElement name="User.UserDetails.Reset2FAUserProfile"                                 value="//input[@id='user-checkbox-reset2fa']"/>
        <WebElement name="User.UserDetails.DeleteButton"                                        value="//button[contains(@class,'user-management-delete-user-button')]"/>
        <WebElement name="User.UserDetails.TwoFALabel"                                          value="//label[text()='Two-Factor Authentication']"/>
        <WebElement name="User.UserDetails.Reset2FACheckbox"                                    value="//input[@id='user-checkbox-reset2fa']"/>
        <WebElement name="User.UserPreferences.RoleList"                                        value="//select[@id='role']"/>
        <WebElement name="User.UserPreferences.RoleList.Administrator"                          value="//select[@id='role']/option[@data-role-id='49fe36a4-506c-48b1-bd1a-fc01316033f2']"/>
        <WebElement name="User.UserPreferences.RoleList.AdministratorUD"                        value="//select[@id='role']/option[@data-role-id='8559f96e-e020-439a-b634-2fd8c67c3ba3']"/>
        <WebElement name="User.UserPreferences.RoleList.Guest"                                  value="//select[@id='role']/option[@data-role-id='040a7ecd-a647-4e3d-b45b-231a5186b67c']"/>
        <WebElement name="User.UserPreferences.RoleList.Power"                                  value="//select[@id='role']/option[@data-role-id='74734208-fae6-4e2e-a7ea-c2e27cbb0518']"/>
        <WebElement name="User.UserPreferences.RoleList.PowerUD"                                value="//select[@id='role']/option[@data-role-id='9c51e3a4-27ef-4fdb-95d6-db89df2bb648']"/>
        <WebElement name="User.UserPreferences.RoleList.SecurityAdministrator"                  value="//select[@id='role']/option[@data-role-id='c6743936-8eb6-4cce-ba32-e5234a03ac3f']"/>
        <WebElement name="User.UserPreferences.RoleList.SecurityPower"                          value="//select[@id='role']/option[@data-role-id='c532c5bd-3b80-48f1-8c88-06af746658e7']"/>
        <WebElement name="User.UserPreferences.RoleList.SystemAdministrator"                    value="//select[@id='role']/option[@data-role-id='eb0ed86e-0635-4071-a6b6-b7ab0dfad8c4']"/>
        <WebElement name="User.UserPreferences.RoleList.CustomRole"                             value="//select[@id='role']/option[text()='%s']"/>
        <WebElement name="User.UserPreferences.SelectDeviceGroupButton"                         value="//button[contains(@class, 'is-button-for-toggle-show-device-group-tree')]"/>

        <WebElement name="User.UserPreferences.DeviceGroupList.AllDevices"                      value="//div[contains(@class, 'is-cc-device-group-tree-page')]//div[contains(@data-id,'all_active_devices') and not(contains(@class, 'selected'))]//div[child::input]"/>
        <WebElement name="User.UserPreferences.DeviceGroupList.DeviceGroupOption"               value="//div[contains(@class, 'is-cc-device-group-tree-page')]//div[contains(@data-automation-id,'%s')]//input"/>

        <WebElement name="User.UserPreferences.DeviceGroupList"                                 value="//select[@id='groupField']"/>
        <WebElement name="User.UserPreferences.DefaultLanguageList"                             value="//select[@id='locale']"/>
        <WebElement name="User.UserPreferences.DefaultTimeZoneList"                             value="//select[@id='timezone']"/>
        <WebElement name="User.UserPreferences.DefaultUserSessionTimeOutList"                   value="//select[@id='timeout']"/>
        <WebElement name="User.Profile.UserPreferences.RoleValueLabel"                          value=""/>
        <WebElement name="User.Profile.UserPreferences.DeviceGroupValueLabel"                   value=""/>
        <WebElement name="User.CreateUserButton"                                                value="//button[contains(@class,'is-button-for-create-user')]"/>
        <WebElement name="User.InviteUserButton"                                                value="//button[contains(@class,'is-button-for-invite-user')]"/>
        <WebElement name="User.ResendInvitationEmailButton"                                     value="//button[text()='Resend Invitation Email']"/>
        <WebElement name="User.UserDetails.NextButton"                                          value="//button[text()='Next']"/>
        <WebElement name="User.UserDetails.SaveUserButton"                                      value="//button[text()='Invite User']"/>
        <WebElement name="Users.DropdownActions"                                                value="//button[contains(@class,'is-button-for-dropdown-toggle')]" />
        <WebElement name="Users.DropdownActions.Edit"                                           value="//button[contains(@class,'is-button-for-edit-user')]" />
        <WebElement name="Users.DropdownActions.Delete"                                         value="//button[contains(@class,'is-button-for-delete-user')]" />
        <WebElement name="Users.DropdownActions.Reset2FAUserManagement"                         value="//button[contains(@class,'is-button-for-reset2-fa-users')]" />
        <WebElement name="Users.Password"                                                       value="//input[@id='txtPassword']" />
        <WebElement name="Users.ReEnterPassword"                                                value="//input[@id='txtConfirmPassword']" />
        <WebElement name="Users.CreatePasswordButton"                                           value="//button[@id='btnCreatePassword']" />
        <WebElement name="User.UserDetails.EmailLabel"                                          value="//label[@for='emailField']"/>
        <WebElement name="Users.SearchBox"                                                      value="//input[contains(@class,'txt-search')]" />

        <WebElement name="User.UserList.FullName"                                               value="//td[@data-name='fullname']/a"/>
        <WebElement name="User.UserList.Email"                                                  value="//td[@data-name='email']"/>
        <WebElement name="User.UserList.Status"                                                 value="//td[@data-name='status']"/>
        <WebElement name="User.UserList.Roles"                                                  value="//td[@data-name='roles']"/>
        <WebElement name="User.UserList.Groups"                                                 value="//td[@data-name='groups']"/>

        <WebElement name="User.UserDetails.RoleLabel"                                           value="//label[@for='roleField']"/>
        <WebElement name="User.UserDetails.DeviceGroupLabel"                                    value="//label[@for='groupField']"/>
        <WebElement name="User.UserStatusAndSuspensionSetting.Suspended"				        value="//input[@id='userStatusSuspendedField']"/>
        <WebElement name="User.UserStatusAndSuspensionSetting.Active"				            value="//input[@id='userStatusActiveField']"/>
        <WebElement name="User.UserStatusAndSuspensionSetting.Pending"				            value="//input[@id='userStatusPendingField']"/>
        <WebElement name="User.UserStatusAndSuspensionSetting.TemporarilySuspendedUntil"		value="//input[@id='userStatusTempSuspendedField']"/>
        <WebElement name="User.UserStatusAndSuspensionSetting.SelectDate"		                value="//input[@placeholder='Select Date']"/>

        <WebElement name="User.SessionTimeOut.RenewSessionButton"		                        value="//button[@class='button button--yellow']"/>
        <WebElement name="User.SessionTimeOut.RenewSessionMessage"		                        value="//p[@class='dialog-body__content font-body-1']"/>
        <WebElement name="User.UserCheckBoxByEmailContains"		                                value="//tr[@data-automation-id=string(//tr[./td[contains(.,'automation_name')]]/@data-automation-id)]/td/input[@class='is-select-checkbox']"/>
        <WebElement name="User.UserNameLinkByEmailContains"		                                value="//tr[@data-automation-id=string(//tr[./td[contains(.,'automation_name')]]/@data-automation-id) and not(.//input)]/td[@data-name='fullname']/a"/>
        <WebElement name="User.CurrentUserTr"		                                            value="//tr[./td[contains(.,'automation_name')]]"/>
        <WebElement name="GlobalMenu.UserProfile.Button"                                        value="//button[@id='user-profile']"/>
        <WebElement name="GlobalMenu.UserProfile.UserProfile.Link"                              value="//li[@data-automation-id='dropdown-menu-item-edit-profile']"/>
        <WebElement name="GlobalMenu.UserProfile.UserProfile.UserDetails.UserRole"              value="//div[@class='ant-dropdown ant-dropdown-placement-bottomRight']"/>
        <WebElement name="User.Profile.Switch.InActive.Tab"                                     value="//div[@class='modal-steps__item']"/>
        <WebElement name="Users.Active.ErrorMessage"                                            value="//p[@class='font-body-2']"/>
        <WebElement name="Users.ResendInvitationDialog"                                         value="//div[@class='modal-action-window ']"/>
        <WebElement name="Users.Profile.UserRole"                                               value="//li[@class='user-role']"/>
        <WebElement name="User.ValidationMessages"                                               value="//div[contains(@class,'helper-text')]"/>
        <!-- Localization Purposes-->
        <WebElement name="User.UserPreferencesLocalization"								        value="//div[contains(@class,'modal-steps__item') and not(contains(@class,'active'))]"/>
        <WebElement name="User.CancelButtonLocalization"                                        value="//button[contains(@class,'btn-low')]"/>
        <WebElement name="User.SaveButtonLocalization"                                          value="//button[contains(@class,'btn-action')]"/>
        <WebElement name="User.UserManagement.RoleMenu"                                         value="//a[contains(@data-automation-id,'nested-list-item')]//div[contains(@class,'label') and contains(.,'QA_Automation')]" />

        <WebElement name="User.ShowTotal.Users.tbl"
                    value="//div[contains(@class, 'user-management')]//div[contains(@class, 'user-management-nav-header')]//div[contains(@class, 'right pagination')]" />
    </WebElements>

</WebElementMap>