<WebElementMap name="NextGen WebUI Element Mapping - EUSA Map" description="">
    <WebElements>
        <WebElement name="EUSA.Title"       value="//div[@data-automation-id='eusa-title']"/>
        <WebElement name="EUSA.Content"     value="//div[@data-automation-id='eusa-content']"/>
        <WebElement name="EUSA.Paragraph"   value="//div[starts-with(@id,'page_')]/p"/>
        <WebElement name="EUSA.Footer"      value="//div[@class='left-action']"/>
        <WebElement name="EUSA.Confirm"     value="//*[name()='path']"/>
        <WebElement name="EUSA.Decline"     value="//button[@data-automation-id='go-to-eusa-guide-btn']"/>
        <WebElement name="EUSA.Agree"       value="//button[@data-automation-id='agree-eusa-btn']"/>
        <WebElement name="EUSA.AgreeCheckbox"       value="//div[@class='read-content']"/>
        <WebElement name="EUSA.FAQ.Title"   value="//section[@id='page-title']//h1"/>
    </WebElements>
</WebElementMap>