<WebElementMap name="NextGen WebUI Element Mapping - File Delete Map"
	description="">
	<WebElements>
		<!-- File Delete Dialog -->
		<WebElement name="FileDelete.FileDeleteDialog"	value="//div[contains(@class,'file-delete-modal')]" />
		<WebElement name="FileDelete.FileDeleteDialog.Title"	value="//div[contains(@class,'file-delete-modal')]//div[contains(@class,'ant-modal-title')]"/>
		<WebElement name="FileDelete.FileDeleteDialog.Notes"	value="//div[contains(@class,'file-delete-modal')]//*[@name='description']"/>
		<WebElement name="FileDelete.FileDeleteDialog.Notes.Error"	value="//div[contains(@class,'file-delete-modal')]//*[@name='description']/following-sibling::span[@class='form-input-error-message']"/>
		<!-- File Paths-->
		<WebElement name="FileDelete.FileDeleteDialog.FilePaths.Title"	value="//div[contains(@class,'file-delete-modal')]//label[contains(@for,'patterns')]"/>
		<WebElement name="FileDelete.FileDeleteDialog.FilePaths.InputBox.Line0"	value="//input[contains(@name,'patterns[0].path')]"/>
		<WebElement name="FileDelete.FileDeleteDialog.FilePaths.AddButton"	value="//div[contains(@class,'patterns')]//button[contains(@class,'add-button')]"/>
		<WebElement name="FileDelete.FileDeleteDialog.FilePaths.RemoveButton.Line0"	value="//div[contains(@class,'patterns')]//button[contains(@class,'remove-button remove-item-0')]"/>
		<WebElement name="FileDelete.FileDeleteDialog.FilePaths.InputBox.Line1"	value="//input[contains(@name,'patterns[1].path')]"/>
		<WebElement name="FileDelete.FileDeleteDialog.FilePaths.RemoveButton.Line1"	value="//div[contains(@class,'patterns')]//button[contains(@class,'remove-button remove-item-1')]"/>
		<WebElement name="FileDelete.FileDeleteDialog.FilePaths.InputBox.LineN"	value="//input[contains(@name,'patterns['QA_Automation'].path')]"/>
		<WebElement name="FileDelete.FileDeleteDialog.FilePaths.RemoveButton.LineN"	value="//div[contains(@class,'patterns')]//button[contains(@class,'remove-button remove-item-'QA_Automation'')]"/>

		<WebElement name="FileDelete.FileDeleteDialog.FilePaths.Pattern0.Error" value="//input[contains(@name,'patterns[0].path')]/following-sibling::span[@class='form-input-error-message']" />
		<WebElement name="FileDelete.FileDeleteDialog.FilePaths.Pattern1.Error" value="//input[contains(@name,'patterns[1].path')]/following-sibling::span[@class='form-input-error-message']" />

		<!-- Email Addresses-->
		<WebElement name="FileDelete.FileDeleteDialog.EmailAddresses.Title"	value="//div[contains(@class,'file-delete-modal')]//label[contains(@for,'emails')]"/>
		<WebElement name="FileDelete.FileDeleteDialog.EmailAddresses.InputBox.Line0"	value="//input[contains(@name,'emails[0].email')]"/>
		<WebElement name="FileDelete.FileDeleteDialog.EmailAddresses.AddButton"	value="//div[contains(@class,'emails')]//button[contains(@class,'add-button')]"/>
		<WebElement name="FileDelete.FileDeleteDialog.EmailAddresses.RemoveButton.Line0"	value="//div[contains(@class,'email')]//button[contains(@class,'remove-button remove-item-0')]"/>
		<WebElement name="FileDelete.FileDeleteDialog.EmailAddresses.InputBox.Line1"	value="//input[contains(@name,'emails[1].email')]"/>
		<WebElement name="FileDelete.FileDeleteDialog.EmailAddresses.RemoveButton.Line1"	value="//div[contains(@class,'email')]//button[contains(@class,'remove-button remove-item-1')]"/>
		<!-- Summary-->
		<WebElement name="FileDelete.FileDeleteDialog.Summary.Title"	value="//div[contains(@class,'file-delete-modal')]//div[contains(@class,'summary-title')]"/>
		<WebElement name="FileDelete.FileDeleteDialog.Summary.Text.Line0"	value="//div[contains(@class,'file-delete-modal')]//div[@data-automation-id='summary-file-paths']//span"/>

		<!-- Consent-->
		<WebElement name="FileDelete.FileDeleteDialog.Consent"	value="//input[contains(@name,'userAgreement')]"/>
		<!-- Buttons-->
		<WebElement name="FileDelete.FileDeleteDialog.Button.Cancel"	value="//div[contains(@class,'file-delete-modal')]//button[contains(@class,'btn-secondary')]"/>
		<WebElement name="FileDelete.FileDeleteDialog.Button.ConfirmAndDelete"	value="//div[contains(@class,'file-delete-modal')]//button[contains(@class,'btn-primary')]"/>
		<!-- Help Icon-->
		<WebElement name="FileDelete.FileDeleteDialog.HelpIcon"	value="//div[contains(@class,'file-delete-modal')]//a[contains(@class,'is-button-for-help')]"/>
        <!-- Warning Text-->
        <WebElement name="FileDelete.FileDeleteDialog.WarningText"	value="//div[contains(@class,'file-delete-modal')]//section[contains(@class,'form-operation-warning-section')]/p"/>

		<!-- File Delete Eligibility Dialog -->
		<WebElement name = "FileDelete.FileDeleteEligibilityDialog"	value = "//div[contains(@class,'is-file-delete-eligibility')]" />
		<WebElement name = "FileDelete.FileDeleteEligibilityDialog.Title"	value = "//div[contains(@class,'is-file-delete-eligibility')]//h3[contains(@class,'is-window-title')]" />
		<WebElement name = "FileDelete.FileDeleteEligibilityDialog.Button.Close"  value = "//div[contains(@class,'dialog-footer__buttons')]//button[contains(@class,'is-button-for-cancel')]"/>
		<WebElement name = "FileDelete.FileDeleteEligibilityDialog.Button.Proceed"	value = "//div[contains(@class,'dialog-footer__buttons')]//button[contains(@class,'is-button-for-next')]"/>
		<WebElement name = "FileDelete.FileDeleteEligibilityDialog.Icon.Help"	value = "//div[contains(@class,'dialog-footer__icon')]//a[contains(@class,'is-button-for-help')]"/>
		<WebElement name = "FileDelete.FileDeleteEligibilityDialog.Column.DeviceName"	value = "//div[contains(@class,'is-file-delete-eligibility')]//th[@data-column-name='deviceName']"/>
		<WebElement name = "FileDelete.FileDeleteEligibilityDialog.Column.Username"	value = "//div[contains(@class,'is-file-delete-eligibility')]//th[@data-column-name='username']"/>
		<WebElement name = "FileDelete.FileDeleteEligibilityDialog.Column.Eligibility"	value = "//div[contains(@class,'is-file-delete-eligibility')]//th[@data-column-name='eligibilityCode']"/>
		<WebElement name = "FileDelete.FileDeleteEligibilityDialog.Column.SerialNumber"	value = "//div[contains(@class,'is-file-delete-eligibility')]//th[@data-column-name='serialNumber']"/>
		<WebElement name = "FileDelete.FileDeleteEligibilityDialog.Column.Identifier"	value = "//div[contains(@class,'is-file-delete-eligibility')]//th[@data-column-name='identifier']"/>
		<WebElement name = "FileDelete.FileDeleteEligibilityDialog.Row.QAAutomationDeviceID"	value = "//div[contains(@class,'is-file-delete-eligibility')]//td[text() = 'QA_Automation']"/>
		<WebElement name="FileDelete.FileDeleteEligibilityDialog.Row.QAAutomationDeviceStatus" value="//div[contains(@class,'is-file-delete-eligibility')]//tr[@data-automation-id = 'QA_Automation']//div[contains(@class,'is-file-delete-eligible-status')]//span" />

	</WebElements>

</WebElementMap>