<WebElementMap name="NextGen WebUI Element Mapping - Event Store Map" description="" >

    <WebElements>

        <!--Filter Mapping Elements-->
        <WebElement name="EventStoreFilter.Field"
                    value="//*[contains(@class,'rule--field')]" />
        <WebElement name="EventStoreFilter.SelectedField"
                    value="//*[contains(@class,'rule--field')]/descendant::div[contains(@class, 'ant-select-selection-selected-value')]" />
        <WebElement name="EventStoreFilter.Operator"
                    value="//*[contains(@class,'rule--operator')]" />
        <WebElement name="EventStoreFilter.SelectedOperator"
                    value="//*[contains(@class,'rule--operator')]/descendant::div[contains(@class, 'ant-select-selection-selected-value')]" />
        <WebElement name="EventStoreFilter.Value.FromDate"
                    value="//*[contains(@class,'rule--value')]/descendant::input[contains(@class,'ant-calendar-picker-input') and contains(@placeholder, 'Enter date from')]" />
        <WebElement name="EventStoreFilter.Value.ToDate"
                    value="//*[contains(@class,'rule--value')]/descendant::input[contains(@class,'ant-calendar-picker-input') and contains(@placeholder, 'Enter date to')]" />
        <WebElement name="EventStoreFilter.Value"
                    value="//*[contains(@class,'rule--value')]/descendant::input[contains(@class,'ant-input ant-input-sm') and contains(@placeholder, 'Enter text')]" />

        <!--Params: Object, EventType-->
        <WebElement name="EventStoreListItem.EventType"
                    value="//div[text()='%s']/ancestor::div[contains(@class,'fixedDataTableRowLayout_body')]/descendant::div[contains(@class,'is-cell-content-for-eventtype')]/descendant::div[text()='%s']"/>
        <!--Params: Object-->
        <WebElement name="EventStoreListItem.Actor"
                    value="//div[text()='%']/ancestor::div[contains(@class,'fixedDataTableRowLayout_body')]/descendant::div[contains(@class,'is-cell-content-for-actor')]"/>
        <WebElement name="EventStoreListItem.Object"
                    value="(//*[contains(@class,'is-cell-content-for-object') and not(contains(@class,'is-cell-content-for-objectproperties'))])/descendant::div[last() and text()='%s']"/>
        <!--Params: Object, Expected Object Properties-->
        <WebElement name="EventStoreListItem.ObjectProperties"
                    value="//div[text()='%s']/ancestor::div[contains(@class,'fixedDataTableRowLayout_body')]/descendant::a[contains(@class,'is-label-for-object-properties') and text()='%s']"/>
        <!--Params: Object-->
        <WebElement name="EventStoreListItem.EmptyObjectProperties"
                    value="//div[text()='%s']/ancestor::div[contains(@class,'fixedDataTableRowLayout_body')]/descendant::a[contains(@class,'is-label-for-object-properties') and not(text())]"/>

        <WebElement name="EventStoreReport.BtnShowHideColumns"
                    value="//div[contains(@class,'is-content-for-data-table')]//button"/>
        <WebElement name="EventStoreReport.ShowHideColumnsDialogTitle"
                    value="//div[contains(@class, 'modal-header')]//span[contains(@class,'modal-title-name')]"/>
        <WebElement name="EventStoreReport.ShowHideColumns.AvailableColumns"
                    value="//div[contains(@class, 'modal-body')]//div[contains(@class,'droppable-container')][1]"/>
        <WebElement name="EventStoreReport.ShowHideColumns.IncludeColumns"
                    value="//div[contains(@class, 'modal-body')]//div[contains(@class,'droppable-container')][2]"/>
        <WebElement name="EventStoreReport.ShowHideColumns.IncludeColumnItems"
                    value="//div[contains(@class, 'modal-body')]//div[contains(@class,'droppable-container')][2]//div[contains(@class,'item-container')]"/>
        <WebElement name="EventStoreReport.NumberItems"
                    value="//p[contains(@class, 'data-table-count')]" />
        <WebElement name="EventStoreReport.ReportListItem"
                    value="//div[@id='leftPanelSecondary']/descendant::span[contains(@class,'list-navigation-item__name') and text()='%s']" />

        <!--Save As Event Store Report-->
        <WebElement name="SaveAsEventStoreReportWindow.TxtName"
                    value="//input[contains(@class, 'is-input-for-name')]" />
        <WebElement name="SaveAsEventStoreReportWindow.TxtDescription"
                    value="//textarea[contains(@class,'is-input-for-description')]" />
        <WebElement name="SaveAsEventStoreReportWindow.LblName"
                    value="//label[@for='reportName']" />
        <WebElement name="SaveAsEventStoreReportWindow.LblDescription"
                    value="//label[@for='description']/span" />
        <WebElement name="SaveAsEventStoreReportWindow.SaveBtn"
                    value="//button[contains(@class,'is-button-for-confirm')]" />
        <WebElement name="SaveAsEventStoreReportWindow.CancelBtn"
                    value="//button[contains(@class,'is-button-for-cancel')]" />
        <WebElement name="ReportOptions.ReportOptionsBtn"
                    value="//div[contains(@class,'is-report-options-button')]/descendant::button[contains(text(), 'Report Options')]" />
        <WebElement name="ReportOptions.SaveAsBtn"
                    value="//div[contains(@class,'is-report-options-button')]/descendant::button[contains(text(), 'Save As')]" />
        <WebElement name="ReportOptions.ExportBtn"
                    value="//div[contains(@class,'is-report-options-button')]/descendant::button[contains(text(), 'Export')]" />
        <WebElement name="ReportOptions.DeleteBtn"
                    value="//div[contains(@class,'is-report-options-button')]/descendant::button[contains(text(), 'Delete')]" />

        <!--Delete Custom Event Store Report Window/Dialog-->
        <WebElement name="DeleteReportConfirmationWindow.DeleteBtn"
                    value="//button[contains(@class, 'btn btn-warning') and text()='Delete']" />
        <WebElement name="DeleteReportConfirmationWindow.CancelBtn"
                    value="//button[contains(@class, 'btn btn-secondary') and text()='Cancel']" />
        <WebElement name="DeleteReportConfirmationWindow.TitleLabel"
                    value="//*[contains(@class, 'modal-title-name')]" />
        <WebElement name="DeleteReportConfirmationWindow.BodyContent"
                    value="//div[contains(@class, 'confirm-modal__body modal-body')]/p" />

        <!--Event Store Report content-->
        <WebElement name="EventStoreReport.TableContent"
                    value="//div[@class='fixedDataTableLayout_rowsContainer']" />

        <!--Sorting-->
        <!--Params: propertyName, direction: ASC, DESC-->
        <WebElement name="EventStoreReport.CurrentSortedColumn"
                    value="//div[contains(@class, 'sort-by-%s sort-direction-%s')]" />
    </WebElements>

</WebElementMap>
