<WebElementMap name="NextGen WebUI Element Mapping - Parallel Testing Maps" description="" >

	<WebElements>

		<WebElement name="DDS5.CallHistoryReport.Filter.FieldsDropdown"			value="//select[@id='ctl00_ctl00_bodyContent_cpSearch_searchCriteriaContent_usrSearchCriteria_usrFields_ddlValues']" />
		<WebElement name="DDS5.CallHistoryReport.Filter.FieldsValueTxt"			value="//input[@id='ctl00_ctl00_bodyContent_cpSearch_searchCriteriaContent_usrSearchCriteria_usrFields_tbxValue']" />
		<WebElement name="DDS5.CallHistoryReport.Filter.ChangeOccurredTxt"		value="//input[@id='ctl00_ctl00_bodyContent_cpSearch_searchCriteriaContent_usrSearchCriteria_usrChangeOccurred_tbxDaysFilter']" />
		<WebElement name="DDS5.CallHistoryReport.Filter.ShowResultBtn"			value="//input[@id='ctl00_ctl00_bodyContent_cpSearch_searchCriteriaContent_usrSearchCriteria_btnSubmit']" />

		<WebElement name="DDS5.CallHistoryReport.ResultTable"					value="//table[@id='ctl00_ctl00_bodyContent_resultsContent_gvCallHistory_gvResults']" />
		<WebElement name="DDS5.CallHistoryReport.ResultTable.Header.CallTimeLnk"		value="//a[contains(@href,'ServerTimeStampUTC')]" />
		<WebElement name="DDS5.CallHistoryReport.ResultTable.Header.CallTimeSortIcon"	value="//a[contains(@href,'ServerTimeStampUTC')]//following-sibling::img[contains(@src,'SortHS')]" />

		<WebElement name="DDS5.CallHistoryReport.ResultTable.Results.Identifier"		value="//table[@id='ctl00_ctl00_bodyContent_resultsContent_gvCallHistory_gvResults']//tr[2]/td[2]" />
		<WebElement name="DDS5.CallHistoryReport.ResultTable.Results.CallTime"			value="//table[@id='ctl00_ctl00_bodyContent_resultsContent_gvCallHistory_gvResults']//tr[2]/td[11]" />
		<WebElement name="DDS5.CallHistoryReport.ResultTable.Progress"			value="//div[@id='ctl00_progress_upProgress' and @aria-hidden='false']" />
		<WebElement name="DDS5.CallHistoryReport.ResultTable.Results.IdentifierLink"	value="//a[.='%s']" />

	</WebElements>
</WebElementMap>