<WebElementMap name="NextGen WebUI Element Mapping - API Token Map" description="" >
	<WebElements>
		<!-- Mapping for API token menu and page-->
		<WebElement name="APIToken.DropdownMenu"
					value="//div[contains(@class, 'ant-dropdown-placement-bottomRight') and not(contains(@class, 'hidden'))]//li[contains(@data-automation-id, 'apiToken')]//span" />
		<WebElement name="APIToken.CreateTokenButton"
					value="//button[text()='Create token']" />
		<WebElement name="APIToken.ActionsButton"
					value="//button[contains(@class,'is-button-for-dropdown-toggle')]" />
		<WebElement name="APIToken.Actions.EditButton"
					value="//button[contains(@class, 'btn-dropdown is-button-for-show-edit-modal')]" />
		<WebElement name="APIToken.Actions.DeleteButton"
					value="//button[contains(@class, 'btn-dropdown is-button-for-show-delete-modal')]" />

		<!-- Mapping for API token page-->
		<WebElement name="APIToken.TokenTable.TokenCheckBox"
					value="//tr[@data-automation-id='%s']/td[1]/input[contains(@class,'is-select-checkbox')]"/>
		<WebElement name="APIToken.TokenTable.TokenSelectedCheckBox"
					value="//tr[@data-automation-id='%s' and contains(@class,'selected')]/td[1]/input[contains(@class,'is-select-checkbox')]"/>
		<WebElement name="APIToken.TokenTable.TokenID"
					value="//td[@data-name='id' and text()='%s']"/>
		<WebElement name="APIToken.TokenTable.TokenID.Custom"
					value="//tr[descendant::td[contains(., '%s')]]/td[@data-name='id']"/>
		<WebElement name="APIToken.TokenTable.TokenName"
					value="//td[@data-name='tokenName' and contains(.,'%s')]" />
		<WebElement name="APIToken.TokenTable.TokenDescription"
					value="//td[@data-name='description' and text()='%s']" />
		<WebElement name="APIToken.TokenTable.DebugButton"
					value="//td[@data-name='tokenName' and contains(.,'%s')]/../td[@data-name='debugEnabled']//div[contains(@class, 'checkbox-toggle')]/input"/>

		<!-- Mapping for create token popup-->
		<WebElement name="APIToken.CreateTokenPopup"
					value="//div[contains(@class,'is-container-for-api-token')]" />
		<WebElement name="APIToken.CreateTokenPopup.Title"
					value="//div[contains(@class,'is-container-for-api-token')]/div/h3[contains(@class,'is-window-title')]" />
		<WebElement name="APIToken.CreateTokenPopup.TokenNameLabel"
					value="//label[@for='ReportNameField']" />
		<WebElement name="APIToken.CreateTokenPopup.TokenNameInput"
					value="//input[contains(@class,'is-input-for-name')]" />
		<WebElement name="APIToken.CreateTokenPopup.TokenDescriptionLabel"
					value="//label[@for='ReportDescription']" />
		<WebElement name="APIToken.CreateTokenPopup.TokenDescriptionInput"
					value="//textarea[contains(@class,'is-input-for-description')]" />
		<WebElement name="APIToken.CreateTokenPopup.TokenCancelButton"
					value="//button[contains(@class,'is-button-for-cancel') and text()='Cancel']" />
		<WebElement name="APIToken.CreateTokenPopup.TokenSaveButton"
					value="//button[contains(@class,'is-button-for-confirm') and text()='Save']" />

		<!-- Mapping for token created confirmation popup-->
		<WebElement name="APIToken.TokenCreatedPopup"
					value="//div[contains(@class,'modal-dialog')]" />
		<WebElement name="APIToken.TokenCreatedPopup.Title"
					value="//div[contains(@class,'modal-dialog')]/div/h3[contains(@class,'is-window-title')]" />
		<WebElement name="APIToken.TokenCreatedPopup.TokenTable"
					value="//table[@class='y-flow-table']" />
		<WebElement name="APIToken.TokenCreatedPopup.CloseButton"
					value="//button[contains(@class,'is-button-for-cancel') and @type='button']" />
		<WebElement name="APIToken.TokenCreatedPopup.DownloadTokenButton"
					value="//button[contains(@class,'is-button-for-cancel') and @type='submit']" />
		<WebElement name="APIToken.TokenCreatedPopup.ViewSecretKeyButton"
					value="//button[contains(@class,'is-button-for-confirm') and @type='submit']" />

		<!-- Mapping for token deleted confirmation popup -->
		<WebElement name="APIToken.TokenDeleteConfirmationPopup.DeleteButton"
					value="//button[@type='submit' and text()='Delete']" />
		<WebElement name="APIToken.TokenConfirmationPopup.CloseButton"
					value="//button[contains(@class,'is-button-secondary')]" />
	</WebElements>
</WebElementMap>