<WebElementMap name="NextGen WebUI Element Mapping - Main Map" description="" >

    <WebElements>
        <WebElement name="Login.LoginAgainLink" 				value="//a[contains(.,'Log in again')]" />
        <WebElement name="Login.AppVersion" 			    	value="//div[@class='app-version']" />
        <WebElement name="Login.Username" 						value="//input[contains(@id,'txtEmailAddress')]" />
        <WebElement name="Login.OldUsername" 					value="//input[@id='username']" />		<!-- Old login info for team env testing -->
        <WebElement name="Login.Password" 						value="//input[contains(@id,'txtPassword')]" />
        <WebElement name="Login.OldPassword" 					value="//input[@id='password']" />
        <WebElement name="Login.TwoFactorToken"                 value="//input[contains(@id,'txtToken')]"/>
        <WebElement name="Login.LoginButton" 					value="//button[contains(@id,'btnSignIn')]" />
        <WebElement name="Login.OldLoginButton" 				value="//input[@id='LoginButton']" />
        <WebElement name="Login.LanguageButton" 			    value="//button[contains(@id,'ddlLanguageSelection_ddText')]" />
        <WebElement name="Login.LanguageOption" 				value="//ul[contains(@id,'ddlLanguageSelection_listBox')]/li/a[@value='langCode']" />
        <WebElement name="Login.SuspendedError" 				value="//div[@class='notification-inline notification-inline--error']" />
        <WebElement name="Login.TwoFAVerificationCode"          value="//input[contains(@id,'txtVerificationCode')]"/>
        <WebElement name="Login.TwoFAManualKey"                 value="//span[contains(@id,'lblQRKey')]"/>
        <WebElement name="Login.EnableTwoFAButton"              value="//button[contains(@id,'btnVerify')]"/>
        <WebElement name="Login.EnableTwoFAHeader"              value="//h2[@class='login2-container__title']"/>
        <WebElement name="Login.LinkNotYou"                     value="//a[contains(@id,'lnkNotYou')]"/>
        <WebElement name="Login.WarningVerificationCode"        value="//span[@id='regVerificationCode']"/>
        <WebElement name="Login.PageContainer"                  value="//div[contains(@class,'page-container')]"/>
        <WebElement name="Login.PasswordExpired.ResetPWButton"  value="//button[@id='btnSubmit']"/>
        <WebElement name="Login.PasswordExpired.successfulMsg"  value="//div[@class='notification notification--success']"/>
        <WebElement name="Login.LoadingSpinner"                 value="//div[contains(@class, 'updatePanelProgress loader')]"/>

        <WebElement name="Home.UserProfile" 				    value="//button[contains(@id,'user-profile')]" />
        <WebElement name="Home.LogoutLink" 						value="//li[@data-automation-id='dropdown-menu-item-logout']" />
        <WebElement name="Home.NextGenLink" 					value="//div[@class='accordionHeaderLevel1']/input[contains(@value,'NewGen')]/.."/>
        <WebElement name="Home.HomePageLink"					value="//a[@data-automation-id='nav-link-item--1']"/>
        <WebElement name="Home.HomePageHeader"					value="//h1[contains(@class,'heading__title') and .='Home']"/>
        <WebElement name="Home.DeviceGroupLink" 				value="//a[contains(@href,'groups')]" />
        <WebElement name="Home.PolicyGroupLink" 				value="//li[@data-automation-id='nav-list-item-40']" />
        <WebElement name="Home.ReportsLink"						value="//a[contains(@href,'reports')]" />
        <WebElement name="Home.ApplicationsPersistenceLink"     value="//a[contains(@class, 'is-applications-nav-link-item')]"/>
        <WebElement name="Home.EddRulesLink"					value="//a[contains(@href,'edd')]" />
        <WebElement name="Home.UserAwarenessLink"				value="//a[contains(@class,'userawareness-nav-link')]" />
        <WebElement name="Home.OkButton" 						value="//button[@class='btn btn-small']" />
        <WebElement name="Home.AdministrationButton" 			value="//div[@id='is-dds-menu']//ul/li[contains(@class, 'is-administration-nav-list-item')]" />
        <WebElement name="Home.ResourcesButton" 				value="//span[text()='Resources']" />
        <WebElement name="Home.AdministrationNodeExpanded"		value="//div[@nodeid='30015' and contains(@class, 'Active')]" />
        <WebElement name="Home.ResourcesNodeExpanded"			value="//span[text()='Resources']/..[contains(@class, 'Selected')]" />
        <WebElement name="Home.DashboardLink"					value="//a[contains(@href,'home')]" />
        <WebElement name="Home.SupportLink"						value="//a[contains(@href,'support')]" />
        <WebElement name="Home.TrainingLink"						value="//a[contains(@href,'training')]" />
        <WebElement name="Home.ActiveHeaderLevel"				value="//div[@class='accordionHeaderLevel1Selected']/span"/>
        <WebElement name="Home.ActiveText"						value="//div[@class='accordionSelectedLeaf']/a" />
        <WebElement name="Home.SlideShow.Image"					value="//img[contains(@src,'slide')]"/>
        <WebElement name="Home.SlideShow.OkButton" 				value="//div[@class='modal-window']//button[contains(@class,'btn btn-small')]" />
        <WebElement name="Home.SlideShow.CheckBox" 				value="//input[@class='ember-view ember-checkbox']" />

        <WebElement name="Home.Callout"							value="//div[contains(@class,'callout-message')]" />
        <WebElement name="Home.Callout.CloseBtn"				value="//button[@class='icon-closedialog')]" />

        <WebElement name="Home.DDS5Menu" 				        value="//div[@class='accordionHeaderLevel1']/span" />

        <!-- Webelement for DDS Core Automation UI: "Home.DownloadPackage" and "Home.DownloadPackage.WindowsAgent" -->
        <WebElement name="Home.DownloadPackage" 				value="//a[@id='ctl00_bodyContent_hlkDownloadAgentAdmin']" />
        <WebElement name="Home.DownloadPackage.WindowsAgent" 	value="//a[@id='ctl00_bodyContent_gvAgentInstallerResults_gvResults_ctl06_btnDownload']" />
        <WebElement name="Home.AdministrationButton.UserManagement"	value="//a[text()='User Management' and @nodeid='30016']"/>
        <WebElement name="Home.MyProfile"						value="//div[@id='logoutbox']/a[text()='My Profile']"/>

        <WebElement name="DDS5.LeftMenu.CallHistoryAndLossControl.CallHistoryReport" 		value="//a[contains(@href,'CallHistoryReport')]" />
        <WebElement name="DDS5.LeftMenu.CallHistoryAndLossControl"					 		value="//div//span[contains(text(),'Call History and Loss Control')]" />
        <WebElement name="DDS5.LeftMenu.Report" 		value="(//div[contains(@class, 'accordionHeader') and contains(., 'Reports')])[2]" />
        <WebElement name="Home.UserProfileLink"						value="//li[contains(@class,'dropdown-menu')]/div[contains(.,'User Profile')]"/>
        <WebElement name ="Home.ImportExportBtn" 					value="//button[@id='importExportButton']"/>
        <WebElement name ="Home.ImportExport.Unenroll" 			    value="//a[contains(@href,'unEnrollFileUpload')]"/>
        <WebElement name="Home.AdministrationNavLnk" 			 	value="//li[contains(@data-automation-id,'nav-list-item-70')]"/>
        <WebElement name="Home.Administration.DataLnk"			 	value="//a[contains(@data-automation-id,'dataHomePage-nested-list-item')]"/>
        <WebElement name="Home.Administration.ViewAndEditCDFLnk"    value="//a[contains(@data-automation-id,'editUdfData-nested-list-item')]"/>
        <WebElement name="Administration.ImportBtn" 			 	value="//button[contains(@class,'is-button-for-open-cdf-import-modal')]"/>
        <WebElement name="Home.ImportExport.ImportDataLnk" 			value="//li[contains(@data-automation-id,'dropdown-menu-item-importCDFData')]"/>
        <WebElement name="Home.ImportExport.BulkDeviceActionLnk" 	value="//li[contains(@data-automation-id,'dropdown-menu-item-uploadFileForBulkDeviceAction')]" />
        <WebElement name="Home.HeadingTitle" 						value="//h1[contains(@class,'heading__title') and not(.='')]" />

        <WebElement name="Home.ServiceAgreement.AgreeBtn"		            value="//*[@id='ctl00_bodyContent_btnAccept']" />

        <WebElement name="Home.UserProfileLinkLocalization"			value="//li[contains(@class,'user-settings')]//a"/>
    </WebElements>

</WebElementMap>

