<WebElementMap name="NextGen WebUI Element Mapping - AnyScript Map" description="">

    <WebElements>
        <WebElement name="CommonComponents.NavPane.AnyScript.AddButton"
                    value="//div[contains(@data-automation-id,'add-new-script-action')]"/>
        <!-- AnyScript menu options in Device Actions menu -->
        <WebElement name="Reports.DeviceActions.RunScript"
                    value="//button[contains(@class, 'is-button-for-begin-run-script')]"/>
        <WebElement name="Reports.DeviceActions.CancelScript"
                    value="//button[contains(@class, 'is-button-for-begin-cancel-script')]"/>

        <!-- Device Eligibility For Script dialog -->
        <WebElement name="AnyScript.DeviceEligibilityForScriptDlg"
                    value="//div[contains(@class, 'is-run-script-modal')]/div[contains(@class, 'is-any-script-eligibility')]"/>
        <WebElement name="AnyScript.DeviceEligibilityForScriptDlg.DevicesTable"
                    value="//div[contains(@class, 'is-any-script-eligibility')]//div[contains(@class, 'is-paged-table')]"/>
        <WebElement name="AnyScript.DeviceEligibilityForScriptDlg.DevicesTable.Col.DeviceName"
                    value="//div[contains(@class, 'is-any-script-eligibility')]//div[contains(@class, 'is-paged-table')]//th[@data-column-name='deviceName']"/>
        <WebElement name="AnyScript.DeviceEligibilityForScriptDlg.DevicesTable.Col.Username"
                    value="//div[contains(@class, 'is-any-script-eligibility')]//div[contains(@class, 'is-paged-table')]//th[@data-column-name='username']"/>
        <WebElement name="AnyScript.DeviceEligibilityForScriptDlg.DevicesTable.Col.EligibleForScript"
                    value="//div[contains(@class, 'is-any-script-eligibility')]//div[contains(@class, 'is-paged-table')]//th[@data-column-name='eligibleStatus']"/>
        <WebElement name="AnyScript.DeviceEligibilityForScriptDlg.DevicesTable.Col.SerialNum"
                    value="//div[contains(@class, 'is-any-script-eligibility')]//div[contains(@class, 'is-paged-table')]//th[@data-column-name='serialNumber']"/>
        <WebElement name="AnyScript.DeviceEligibilityForScriptDlg.DevicesTable.Col.ESN"
                    value="//div[contains(@class, 'is-any-script-eligibility')]//div[contains(@class, 'is-paged-table')]//th[@data-column-name='identifier']"/>
        <WebElement name="AnyScript.DeviceEligibilityForScriptDlg.CloseBtn"
                    value="//div[contains(@class, 'is-any-script-eligibility')]//button[contains(@class, 'is-button-for-cancel')]"/>
        <WebElement name="AnyScript.DeviceEligibilityForScriptDlg.ProceedBtn"
                    value="//div[contains(@class, 'is-any-script-eligibility')]//button[contains(@class, 'is-button-for-next')]"/>

        <!-- Run Script wizard -->
        <WebElement name="AnyScript.RunScriptWizard" value="//div[contains(@class, 'is-run-script-modal')]"/>
        <WebElement name="AnyScript.RunScriptWizard.ModalProgressStep"
                    value="//div[contains(@class, 'is-run-script-modal')]//div[contains(@class, 'is-step-active') and contains(@class, 'is-run-script-%s')]"/>
        <WebElement name="AnyScript.RunScriptWizard.SearchScriptLibrary"
                    value="//div[contains(@class, 'is-run-script-modal')]//div[contains(@class, 'is-step-active')]//div[contains(@class, 'is-script-search-container')]/input"/>
        <WebElement name="AnyScript.RunScriptWizard.CreateScriptBtn"
                    value="//div[contains(@class, 'is-run-script-modal')]//div[contains(@class, 'is-step-active')]//button[contains(@class, 'is-button-for-create-script')]"/>
        <WebElement name="AnyScript.RunScriptWizard.ScriptList"
                    value="//div[contains(@class, 'is-run-script-modal')]//div[contains(@class, 'is-step-active')]//div[@class='accordion']"/>
        <WebElement name="AnyScript.RunScriptWizard.ScriptList.NoResults"
                    value="//div[contains(@class, 'is-run-script-modal')]//div[contains(@class, 'is-step-active')]//div[contains(@class, 'no-results')]"/>
        <WebElement name="AnyScript.RunScriptWizard.ScriptList.Item"
                    value="//div[contains(@class, 'is-run-script-modal')]//div[contains(@class, 'is-step-active')]//div[@class='accordion']/div[@class='accordion-group']//div[@class='content-container']/span[@class='first-line' and text()='%s']"/>
        <WebElement name="AnyScript.RunScriptWizard.ScriptList.Item.Description"
                    value="//div[contains(@class, 'is-run-script-modal')]//div[contains(@class, 'is-step-active')]//div[@class='accordion']/div[@class='accordion-group']//div[@class='content-container']/span[@class='first-line' and text()='%s']/../../../../../div[contains(@class, 'accordion-body')]//p[contains(@class, 'content')]"/>
        <WebElement name="AnyScript.RunScriptWizard.ScriptList.Item.SelectScriptBtn"
                    value="//div[contains(@class, 'is-run-script-modal')]//div[contains(@class, 'is-step-active')]//div[@class='accordion']/div[@class='accordion-group']//div[@class='content-container']/span[@class='first-line' and text()='%s']/../../../../../div[contains(@class, 'accordion-body')]//button[contains(@class, 'is-button-for-select-script')]"/>

        <WebElement name="AnyScript.RunScriptWizard.DlgView.Windows"
                    value="//button[contains(@class,'is-button-for-windows-script')]"/>
        <WebElement name="AnyScript.RunScriptWizard.DlgView.Mac"
                    value="//button[contains(@class,'is-button-for-mac-script')]"/>
        <WebElement name="AnyScript.RunScriptWizard.SelectedDlgView"
                    value="//div[contains(@class, 'script-toggle-platform-container__buttons')]"/>
        <WebElement name="AnyScript.RunScriptWizard.IsWindowsPowerShell"
                    value="//div[contains(@class, 'is-run-script-modal')]//div[contains(@class, 'show-block') and contains(@class, 'is-run-script-configure-windows')]"/>
        <WebElement name="AnyScript.RunScriptWizard.IsMacBash"
                    value="//div[contains(@class, 'is-run-script-modal')]//div[contains(@class, 'show-block') and contains(@class, 'is-run-script-configure-mac')]"/>
        <WebElement name="AnyScript.RunScriptWizard.AddScript.Windows.UploadBtn"
                    value="//div[contains(@class, 'is-run-script-modal')]//div[contains(@class, 'is-run-script-configure-windows')]//input[@type='file']"/>
        <WebElement name="AnyScript.RunScriptWizard.AddScript.Mac.UploadBtn"
                    value="//div[contains(@class, 'is-run-script-modal')]//div[contains(@class, 'is-run-script-configure-mac')]//input[@type='file']"/>
        <WebElement name="AnyScript.RunScriptWizard.SaveToLibrary"
                    value="//div[contains(@class, 'is-run-script-modal')]//label[contains(@class, 'is-container-for-save-script-checkbox')]/input[@type='checkbox']"/>
        <WebElement name="AnyScript.RunScriptWizard.ScriptPreview"
                    value="//div[contains(@class, 'is-run-script-modal')]//div[contains(@class, 'is-preview-content')]"/>
        <WebElement name="AnyScript.RunScriptWizard.Windows.ScriptOptions.DisplayMode"
                    value="//div[contains(@class, 'is-run-script-modal')]//div[contains(@class, 'is-run-script-configure')]//div[contains(@class, 'is-config-options-container')]//div[contains(@class, 'is-display-mode-options')]"/>
        <WebElement name="AnyScript.RunScriptWizard.Windows.ScriptOptions.Rights"
                    value="//div[contains(@class, 'is-run-script-modal')]//div[contains(@class, 'is-run-script-configure')]//div[contains(@class, 'is-config-options-container')]//div[contains(@class, 'is-rights-options')]"/>
        <WebElement name="AnyScript.RunScriptWizard.Windows.ScriptOptions.RunCondition"
                    value="//div[contains(@class, 'is-run-script-modal')]//div[contains(@class, 'is-run-script-configure')]//div[contains(@class, 'is-config-options-container')]//div[contains(@class, 'is-run-condition-options')]"/>
        <WebElement name="AnyScript.RunScriptWizard.Windows.ScriptOptions.MaximumRunTimeInput"
                    value="//div[contains(@class, 'is-run-script-modal')]//input[contains(@class, 'is-time-field')]"/>
        <WebElement name="AnyScript.RunScriptWizard.Windows.ScriptOptions.MaximumRunTimeDropDown"
                    value="//div[contains(@class, 'is-run-script-modal')]//div[contains(@class, 'is-run-script-configure')]//div[contains(@class, 'is-config-options-container')]//div[contains(@class, 'is-run-time-select')]"/>
        <WebElement name="AnyScript.RunScriptWizard.Windows.ScriptOptions.Run32BitMode"
                    value="//div[contains(@class, 'is-run-script-modal')]//div[contains(@class, 'is-run-script-configure-windows')]//div[contains(@class, 'is-container-for-win-version-checkbox')]/input[@type='checkbox']"/>
        <WebElement name="AnyScript.RunScriptWizard.Windows.Parameters.Input"
                    value="//div[contains(@class, 'is-run-script-modal')]//div[contains(@class, 'is-run-script-configure-windows')]//input[contains(@class, 'is-command-line')]"/>
        <WebElement name="AnyScript.RunScriptWizard.Windows.ParsedComments"
                    value="//div[contains(@class, 'is-run-script-modal')]//div[contains(@class, 'run-script-variables')]//div[contains(@class, 'is-variables-comment')]"/>
        <WebElement name="AnyScript.RunScriptWizard.Windows.NoParsedComments"
                    value="//div[contains(@class, 'is-run-script-modal')]//div[contains(@class, 'run-script-variables hide-block')]//div[contains(@class, 'is-variables-comment')]"/>
        <WebElement name="AnyScript.RunScriptWizard.Windows.NoScriptVariables.Title"
                    value="//div[contains(@class, 'is-run-script-modal')]//div[contains(@class, 'run-script-variables hide-block')]//span[contains(@class, 'run-script-variables__title')]"/>
        <WebElement name="AnyScript.RunScriptWizard.Windows.ParsedParams.Param"
                    value="//div[contains(@class, 'is-run-script-modal')]//div[contains(@class, 'run-script-variables')]//div[contains(@class, 'run-script-variables-list')]/div[contains(@class, 'is-variable-item')]/label[text()='%s']/../input[@type='text']"/>
        <WebElement name="AnyScript.RunScriptWizard.Windows.ParsedParams.HelpMessage"
                    value="//div[contains(@class, 'is-run-script-modal')]//div[contains(@class, 'run-script-variables')]//div[contains(@class, 'run-script-variables-list')]/div[contains(@class, 'is-variable-item')]/label[text()='%s']/../p[contains(@class, 'description')]"/>
        <WebElement name="AnyScript.RunScriptWizard.Mac.ScriptOptions.Rights"
                    value="//div[contains(@class, 'is-run-script-modal')]//div[contains(@class, 'is-run-script-configure-mac')]//div[contains(@class, 'is-config-options-container')]//div[contains(@class, 'is-rights-options')]"/>
        <WebElement name="AnyScript.RunScriptWizard.Mac.ScriptOptions.MaximumRunTimeInput"
                    value="//div[contains(@class, 'is-run-script-modal')]//div[contains(@class, 'is-run-script-configure-mac')]//div[contains(@class, 'is-config-options-container')]//input[contains(@class, 'is-time-field')]"/>
        <WebElement name="AnyScript.RunScriptWizard.Mac.ScriptOptions.MaximumRunTimeDropDown"
                    value="//div[contains(@class, 'is-run-script-modal')]//div[contains(@class, 'is-run-script-configure-mac')]//div[contains(@class, 'is-config-options-container')]//div[contains(@class, 'is-run-time-select')]"/>
        <WebElement name="AnyScript.RunScriptWizard.Mac.Parameters.Input"
                    value="//div[contains(@class, 'is-run-script-modal')]//div[contains(@class, 'is-run-script-configure-mac')]//div[contains(@class, 'command-line-params')]/input"/>
        <WebElement name="AnyScript.RunScriptWizard.ConfirmDeviceCount"
                    value="//div[contains(@class, 'is-run-script-submit')]//div[contains(@class, 'modal-wizard-body')]/span"/>
        <WebElement name="AnyScript.RunScriptWizard.ConfirmDevicesTable"
                    value="//div[contains(@class, 'is-run-script-submit')]//div[contains(@class, 'is-paged-table')]"/>
        <WebElement name="AnyScript.RunScriptWizard.ConfirmDevicesTable.Col.RunScript"
                    value="//div[contains(@class, 'is-run-script-submit')]//div[contains(@class, 'is-paged-table')]//th[contains(@class, 'is-container-for-control')]"/>
        <WebElement name="AnyScript.RunScriptWizard.ConfirmDevicesTable.Col.ESN"
                    value="//div[contains(@class, 'is-run-script-submit')]//div[contains(@class, 'is-paged-table')]//th[contains(@data-column-name,'identifier')]"/>
        <WebElement name="AnyScript.RunScriptWizard.ConfirmDevicesTable.Col.SerialNum"
                    value="//div[contains(@class, 'is-run-script-submit')]//div[contains(@class, 'is-paged-table')]//th[contains(@data-column-name,'serialNumber')]"/>
        <WebElement name="AnyScript.RunScriptWizard.ConfirmDevicesTable.Col.DeviceName"
                    value="//div[contains(@class, 'is-run-script-submit')]//div[contains(@class, 'is-paged-table')]//th[contains(@data-column-name,'deviceName')]"/>
        <WebElement name="AnyScript.RunScriptWizard.ConfirmDevicesTable.Col.Username"
                    value="//div[contains(@class, 'is-run-script-submit')]//div[contains(@class, 'is-paged-table')]//th[contains(@data-column-name,'username')]"/>
        <WebElement name="AnyScript.RunScriptWizard.PreviousBtn"
                    value="//div[contains(@class, 'is-run-script-modal')]//div[contains(@class, 'is-step-active')]//button[contains(@class, 'is-button-for-previous')]"/>
        <WebElement name="AnyScript.RunScriptWizard.NextBtn"
                    value="//div[contains(@class, 'is-run-script-modal')]//div[contains(@class, 'is-step-active ')]//button[contains(@class, 'is-button-for-next')]"/>
        <WebElement name="AnyScript.RunScriptWizard.CancelBtn"
                    value="//div[contains(@class, 'is-run-script-modal')]//div[contains(@class, 'is-step-active')]//button[contains(@class, 'is-button-for-cancel')]"/>
        <WebElement name="AnyScript.RunScriptWizard.RunScriptBtn"
                    value="//div[contains(@class, 'is-run-script-modal')]//button[contains(@class, 'is-button-for-next') and @type='submit']"/>
        <WebElement name="AnyScript.RunScriptWizard.ConfirmationMsgBox"
                    value="//div[contains(@class, 'is-run-script-modal')]//div[contains(@class, 'modal-dialog--confirm')]"/>
        <WebElement name="AnyScript.RunScriptWizard.ConfirmationMsgBox.CloseBtn"
                    value="//div[contains(@class, 'modal-dialog--confirm')]//button[contains(@class, 'button')]"/>
        <WebElement name="AnyScript.RunScriptWizard.IconCode"
                    value="//div[@id='script-accordion']//div[contains(@class,'icon-container--absolute')]//*[name()='svg']"/>
        <WebElement name="AnyScript.RunScriptWizard.RunScriptConfirmationMsgBox.CloseBtn"
                    value="//div[contains(@class, 'modal-dialog')]//button[contains(@class, 'is-button-secondary')]"/>
        <WebElement name="AnyScript.RunScriptWizard.PopupAfterRunScript"
                    value="ant-notification ant-notification-topRight"/>

        <!-- Eligibility for Cancel dialog -->
        <WebElement name="AnyScript.EligibilityForCancelDlg"
                    value="//div[contains(@class, 'is-cancel-script-modal')]/div[contains(@class, 'is-any-script-eligibility')]"/>
        <WebElement name="AnyScript.EligibilityForCancelDlg.DevicesTable"
                    value="//div[contains(@class, 'is-cancel-script-modal')]/div[contains(@class, 'is-any-script-eligibility')]//div[contains(@class, 'is-paged-table')]"/>
        <WebElement name="AnyScript.EligibilityForCancelDlg.DevicesTable.Col.DeviceName"
                    value="//div[contains(@class, 'is-cancel-script-modal')]/div[contains(@class, 'is-any-script-eligibility')]//div[contains(@class, 'is-paged-table')]//th[@data-column-name='deviceName']"/>
        <WebElement name="AnyScript.EligibilityForCancelDlg.DevicesTable.Col.Username"
                    value="//div[contains(@class, 'is-cancel-script-modal')]/div[contains(@class, 'is-any-script-eligibility')]//div[contains(@class, 'is-paged-table')]//th[@data-column-name='username']"/>
        <WebElement name="AnyScript.EligibilityForCancelDlg.DevicesTable.Col.EligibleForCancel"
                    value="//div[contains(@class, 'is-cancel-script-modal')]/div[contains(@class, 'is-any-script-eligibility')]//div[contains(@class, 'is-paged-table')]//th[@data-column-name='eligibleStatus']"/>
        <WebElement name="AnyScript.EligibilityForCancelDlg.DevicesTable.Col.SerialNum"
                    value="//div[contains(@class, 'is-cancel-script-modal')]/div[contains(@class, 'is-any-script-eligibility')]//div[contains(@class, 'is-paged-table')]//th[@data-column-name='serialNumber']"/>
        <WebElement name="AnyScript.EligibilityForCancelDlg.DevicesTable.Col.ESN"
                    value="//div[contains(@class, 'is-cancel-script-modal')]/div[contains(@class, 'is-any-script-eligibility')]//div[contains(@class, 'is-paged-table')]//th[@data-column-name='identifier']"/>
        <WebElement name="AnyScript.EligibilityForCancelDlg.CloseBtn"
                    value="//div[contains(@class, 'is-cancel-script-modal')]/div[contains(@class, 'is-any-script-eligibility')]//button[contains(@class, 'is-button-for-cancel')]"/>
        <WebElement name="AnyScript.EligibilityForCancelDlg.ProceedBtn"
                    value="//div[contains(@class, 'is-cancel-script-modal')]/div[contains(@class, 'is-any-script-eligibility')]//button[contains(@class, 'is-button-for-next')]"/>


        <!-- Cancel Script dialog -->
        <WebElement name="AnyScript.CancelScriptDialog" value="//div[contains(@class, 'is-cancel-select-script')]"/>
        <WebElement name="AnyScript.CancelScriptDialog.SelectScriptDropDown"
                    value="//div[contains(@class, 'is-cancel-select-script')]//button[contains(@class, 'is-multi-select-menu-button')]"/>
        <WebElement name="AnyScript.CancelScriptDialog.SelectScriptDropDown.AllCheckBox"
                    value="//div[contains(@class, 'is-cancel-select-script')]//div[contains(@class, 'is-all-option-checkbox menu-item__checkbox')]"/>
        <WebElement name="AnyScript.CancelScriptDialog.CancelBtn"
                    value="//div[contains(@class, 'is-cancel-select-script')]//button[contains(@class, 'is-button-for-cancel')]"/>
        <WebElement name="AnyScript.CancelScriptDialog.CancelScriptBtn"
                    value="//div[contains(@class, 'is-cancel-select-script')]//button[contains(@class, 'is-button-for-next')]"/>

        <!-- Script Library (fmr. Reach Library) landing page -->
        <WebElement name="AnyScript.ScriptLibrary.Navigation.LinkToAdministration"
                    value="//a[contains(@class,'administration-nested-list-item')]"/>
        <WebElement name="AnyScript.ScriptLibrary.Navigation.ListOfScripts"
                    value="//div[contains(@class,'nested-list-subtitle-container')]"/>
        <WebElement name="AnyScript.ScriptLibrary.Navigation.ListOfScripts.ScriptItem"
                    value="//div[contains(@class, 'nested-list-items-container')]//a[contains(@data-automation-id, 'nested-list-item')]//div[contains(.,'%s')]"/>
        <WebElement name="AnyScript.ScriptLibrary.Navigation.ListOfScripts.SelectedScript"
                    value="//div[contains(@class, 'nested-list-items-container')]//a[contains(@data-automation-id, 'nested-list-item')]//div[contains(.,'%s')]"/>
        <WebElement name="AnyScript.ScriptLibrary.Navigation.ListOfScripts.FirstDefaultAbsoluteScript"
                    value="//div[contains(@data-automation-id,'defaultnodes-nested-list-subtitle')]//a[contains(@data-automation-id, 'nested-list-item')][1]"/>
        <WebElement name="AnyScript.ScriptLibrary.ScriptPreview.Title"
                    value="//div[contains(@class, 'is-script-library-container')]//div[contains(@class, 'is-script-name')]"/>
        <WebElement name="AnyScript.ScriptLibrary.ScriptPreview.Description"
                    value="//div[contains(@class, 'is-script-library-container')]//p[contains(@class, 'is-script-description')]"/>
        <WebElement name="AnyScript.ScriptLibrary.ScriptPreview.Title.Textbox"
                    value="//div[contains(@class, 'is-script-library-container')]//input[contains(@class, 'is-edit-name')]"/>
        <WebElement name="AnyScript.ScriptLibrary.ScriptPreview.Description.Textbox"
                    value="//div[contains(@class, 'is-script-library-container')]//textarea[contains(@class, 'is-edit-description')]"/>
        <WebElement name="AnyScript.ScriptLibrary.ScriptPreview.EditBtn"
                    value="//div[contains(@class, 'is-script-library-container')]//button[contains(@class, 'is-button-for-edit')]"/>
        <WebElement name="AnyScript.ScriptLibrary.ScriptPreview.SaveBtn"
                    value="//div[contains(@class, 'is-script-library-container')]//button[contains(@class, 'is-button-for-save')]"/>
        <WebElement name="AnyScript.ScriptLibrary.ScriptPreview.CancelBtn"
                    value="//div[contains(@class, 'is-script-library-container')]//button[contains(@class, 'is-button-for-cancel')]"/>
        <WebElement name="AnyScript.ScriptLibrary.ScriptPreview.SaveConfirmationMsgBox.CloseBtn"
                    value="//div[contains(@class, 'modal-dialog')]//button[contains(@class, 'is-button-secondary')]"/>
        <WebElement name="AnyScript.ScriptLibrary.ScriptPreview.DlgView.Windows"
                    value="//div[contains(@class, 'is-script-library-container')]//button[contains(@class, 'is-button-for-windows-script')]"/>
        <WebElement name="AnyScript.ScriptLibrary.ScriptPreview.DlgView.Mac"
                    value="//div[contains(@class, 'is-script-library-container')]//button[contains(@class, 'is-button-for-mac-script')]"/>
        <WebElement name="AnyScript.ScriptLibrary.ScriptPreview.Windows.ScriptContentPreview"
                    value="//div[contains(@class, 'is-run-script-configure-windows')]//div[contains(@class, 'is-preview-content')]"/>
        <WebElement name="AnyScript.ScriptLibrary.ScriptPreview.Windows.ReplaceScriptFile"
                    value="//div[contains(@class, 'is-script-library-container')]//div[contains(@class, 'is-run-script-configure-windows')]//div[contains(@class, 'is-file-upload')]"/>
        <WebElement name="AnyScript.ScriptLibrary.ScriptPreview.Windows.ScriptOptions.DisplayMode"
                    value="//div[contains(@class, 'is-run-script-configure-windows')]//div[contains(@class, 'is-config-options-container')]//div[contains(@class, 'is-display-mode-options')]"/>
        <WebElement name="AnyScript.ScriptLibrary.ScriptPreview.Windows.ScriptOptions.Rights"
                    value="//div[contains(@class, 'is-run-script-configure-windows')]//div[contains(@class, 'is-config-options-container')]//div[contains(@class, 'is-rights-options')]"/>
        <WebElement name="AnyScript.ScriptLibrary.ScriptPreview.Windows.ScriptOptions.RunCondition"
                    value="//div[contains(@class, 'is-run-script-configure-windows')]//div[contains(@class, 'is-config-options-container')]//div[contains(@class, 'is-run-condition-options')]"/>
        <WebElement name="AnyScript.ScriptLibrary.ScriptPreview.Windows.ScriptOptions.MaximumRunTimeInput"
                    value="//div[contains(@class, 'is-run-script-configure-windows')]//div[contains(@class, 'is-config-options-container')]//input[contains(@class, 'is-time-field')]"/>
        <WebElement name="AnyScript.ScriptLibrary.ScriptPreview.Windows.ScriptOptions.MaximumRunTimeDropDown"
                    value="//div[contains(@class, 'is-run-script-configure-windows')]//div[contains(@class, 'is-config-options-container')]//input[contains(@class, 'is-run-time-select')]"/>
        <WebElement name="AnyScript.ScriptLibrary.ScriptPreview.Windows.ScriptOptions.Run32BitMode"
                    value="//div[contains(@class, 'is-script-library-container')]//div[contains(@class, 'is-run-script-configure-windows')]//div[contains(@class, 'is-container-for-win-version-checkbox')]/input[@type='checkbox']"/>
        <WebElement name="AnyScript.ScriptLibrary.ScriptPreview.Windows.Parameters"
                    value="//div[contains(@class, 'is-run-script-configure-windows')]//div[contains(@class, 'is-container-for-command-line')]"/>
        <WebElement name="AnyScript.ScriptLibrary.ScriptPreview.Windows.Parameters.Input"
                    value="//div[contains(@class, 'is-run-script-configure-windows')]//div[contains(@class, 'is-container-for-command-line')]//input[contains(@class, 'is-command-line')]"/>
        <WebElement name="AnyScript.ScriptLibrary.ScriptPreview.Windows.ParsedComments"
                    value="//div[contains(@class, 'is-script-library-container')]//div[contains(@class, 'run-script-variables')]//div[contains(@class, 'run-script-variables-comment')]"/>
        <WebElement name="AnyScript.ScriptLibrary.ScriptPreview.Windows.ParsedParams.Param"
                    value="//div[contains(@class, 'is-script-library-container')]//div[contains(@class, 'run-script-variables-list')]/div[contains(@class, 'variable-item')]/label[text()='%s']/../input[@type='text']"/>
        <WebElement name="AnyScript.ScriptLibrary.ScriptPreview.Windows.ParsedParams.HelpMessage"
                    value="//div[contains(@class, 'is-script-library-container')]//div[contains(@class, 'run-script-variables-list')]/div[contains(@class, 'variable-item')]/label[text()='%s']/../p[contains(@class, 'description')]"/>
        <WebElement name="AnyScript.ScriptLibrary.ScriptPreview.Mac.ScriptContentPreview"
                    value="//div[contains(@class, 'is-run-script-configure-mac')]//div[contains(@class, 'run-script-preview-content')]"/>
        <WebElement name="AnyScript.ScriptLibrary.ScriptPreview.Mac.ReplaceScriptFile"
                    value="//div[contains(@class, 'is-script-library-container')]//div[contains(@class, 'is-run-script-configure-mac')]//div[contains(@class, 'is-file-upload')]"/>
        <WebElement name="AnyScript.ScriptLibrary.ScriptPreview.Mac.ScriptOptions.Rights"
                    value="//div[contains(@class, 'is-run-script-configure-mac')]//div[contains(@class, 'is-config-options-container')]//div[contains(@class, 'is-rights-options')]"/>
        <WebElement name="AnyScript.ScriptLibrary.ScriptPreview.Mac.ScriptOptions.MaximumRunTimeInput"
                    value="//div[contains(@class, 'is-run-script-configure-mac')]//div[contains(@class, 'is-config-options-container')]//input[contains(@class, 'is-time-field')]"/>
        <WebElement name="AnyScript.ScriptLibrary.ScriptPreview.Mac.ScriptOptions.MaximumRunTimeDropDown"
                    value="//div[contains(@class, 'is-run-script-configure-mac')]//div[contains(@class, 'is-config-options-container')]//input[contains(@class, 'is-run-time-select')]"/>
        <WebElement name="AnyScript.ScriptLibrary.ScriptPreview.Mac.Parameters"
                    value="//div[contains(@class, 'is-run-script-configure-mac')]//div[contains(@class, 'is-container-for-command-line')]"/>
        <WebElement name="AnyScript.ScriptLibrary.ScriptPreview.Mac.Parameters.Input"
                    value="//div[contains(@class, 'is-run-script-configure-mac')]//div[contains(@class, 'is-container-for-command-line')]//input[contains(@class, 'is-command-line')]"/>
        <WebElement name="AnyScript.ScriptLibrary.ActionsBtn"
                    value="//div[contains(@class, 'bottom-container')]/div[1]/a[contains(@class, 'bottom-item--actions-btn')]"/> <!--this is no more-->

        <WebElement name="AnyScript.ScriptLibrary.ActionsMenu.DeleteScript"
                    value="//div[contains(@id, 'nested-list-action-item-delete-script')]"/>
        <WebElement name="AnyScript.ScriptLibrary.ActionsMenu.DeleteScript.Disabled"
                    value="//div[contains(@id, 'nested-list-action-item-delete-script') and contains(@class, 'action-disabled')]"/>
        <WebElement name="AnyScript.ScriptLibrary.AddScriptMenu.AddScript"
                    value="//div[contains(@id, 'nested-list-action-item-add-new-script')]"/>

        <!-- Add Script dialog page -->
        <WebElement name="AnyScript.ScriptLibrary.AddScriptPg" value="//div[contains(@class, 'is-add-script-modal')]"/>
        <WebElement name="AnyScript.ScriptLibrary.AddScriptPg.Title"
                    value="//div[contains(@class, 'is-add-script-modal')]"/>
        <WebElement name="AnyScript.ScriptLibrary.AddScriptPg.ScriptName"
                    value="//div[contains(@class, 'is-add-script-modal')]//input[@id='NameField']"/>
        <WebElement name="AnyScript.ScriptLibrary.AddScriptPg.ScriptDescription"
                    value="//div[contains(@class, 'is-add-script-modal')]//textarea[@id='DescriptionField']"/>
        <WebElement name="AnyScript.ScriptLibrary.AddScriptPg.DlgView.Windows"
                    value="//div[contains(@class, 'is-add-script-modal')]//button[contains(@class, 'is-button-for-windows-script')]"/>
        <WebElement name="AnyScript.ScriptLibrary.AddScriptPg.DlgView.Mac"
                    value="//div[contains(@class, 'is-add-script-modal')]//button[contains(@class, 'is-button-for-mac-script')]"/>
        <WebElement name="AnyScript.ScriptLibrary.AddScriptPg.Windows.UploadBtn"
                    value="//div[contains(@class, 'is-add-script-modal')]//div[contains(@class, 'is-run-script-configure-windows')]//div[contains(@class, 'is-file-upload')]/input[@type='file']"/>
        <WebElement name="AnyScript.ScriptLibrary.AddScriptPg.Windows.ScriptContentPreview"
                    value="//div[contains(@class, 'is-add-script-modal')]//div[contains(@class, 'is-run-script-configure-windows')]//div[contains(@class, 'run-script-preview-content')]"/>
        <WebElement name="AnyScript.ScriptLibrary.AddScriptPg.Windows.ScriptOptions.DisplayMode"
                    value="//div[contains(@class, 'is-add-script-modal')]//div[contains(@class, 'is-run-script-configure-windows')]//div[contains(@class, 'is-display-mode-options')]"/>
        <WebElement name="AnyScript.ScriptLibrary.AddScriptPg.Windows.ScriptOptions.Rights"
                    value="//div[contains(@class, 'is-add-script-modal')]//div[contains(@class, 'is-run-script-configure-windows')]//div[contains(@class, 'is-rights-options')]"/>
        <WebElement name="AnyScript.ScriptLibrary.AddScriptPg.Windows.ScriptOptions.RunCondition"
                    value="//div[contains(@class, 'is-add-script-modal')]//div[contains(@class, 'is-run-script-configure-windows')]//div[contains(@class, 'is-run-condition-options')]"/>
        <WebElement name="AnyScript.ScriptLibrary.AddScriptPg.Windows.ScriptOptions.MaximumRunTimeInput"
                    value="//div[contains(@class, 'is-add-script-modal')]//div[contains(@class, 'is-run-script-configure-windows')]//span[contains(@class, 'is-run-time-text-box')]/input"/>
        <WebElement name="AnyScript.ScriptLibrary.AddScriptPg.Windows.ScriptOptions.MaximumRunTimeDropDown"
                    value="//div[contains(@class, 'is-add-script-modal')]//div[contains(@class, 'is-run-script-configure-windows')]//div[contains(@class, 'is-run-time-select')]"/>
        <WebElement name="AnyScript.ScriptLibrary.AddScriptPg.Windows.ScriptOptions.Run32BitMode"
                    value="//div[contains(@class, 'is-add-script-modal')]//div[contains(@class, 'is-run-script-configure-windows')]//div[contains(@class, 'is-container-for-win-version-checkbox')]/input[@type='checkbox']"/>
        <WebElement name="AnyScript.ScriptLibrary.AddScriptPg.Windows.Parameters.Input"
                    value="//div[contains(@class, 'is-add-script-modal')]//div[contains(@class, 'is-run-script-configure-windows')]//div[contains(@class, 'command-line-params')]//input"/>
        <WebElement name="AnyScript.ScriptLibrary.AddScriptPg.Windows.ParsedParams.Param"
                    value="//div[contains(@class, 'is-add-script-modal')]//div[contains(@class, 'is-run-script-configure-windows')]//div[contains(@class, 'run-script-variables-list')]/div[contains(@class, 'variable-item')]/label[text()='%s']/../input[@type='text']"/>
        <WebElement name="AnyScript.ScriptLibrary.AddScriptPg.Windows.ParsedParams.HelpMessage"
                    value="//div[contains(@class, 'is-add-script-modal')]//div[contains(@class, 'is-run-script-configure-windows')]//div[contains(@class, 'run-script-variables-list')]/div[contains(@class, 'variable-item')]/label[text()='%s']/../p[contains(@class, 'description')]"/>
        <WebElement name="AnyScript.ScriptLibrary.AddScriptPg.Mac.UploadBtn"
                    value="//div[contains(@class, 'is-add-script-modal')]//div[contains(@class, 'is-run-script-configure-mac')]//div[contains(@class, 'is-file-upload')]/input[@type='file']"/>
        <WebElement name="AnyScript.ScriptLibrary.AddScriptPg.Mac.ScriptContentPreview"
                    value="//div[contains(@class, 'is-add-script-modal')]//div[contains(@class, 'is-run-script-configure-mac')]//div[contains(@class, 'run-script-preview-content')]"/>
        <WebElement name="AnyScript.ScriptLibrary.AddScriptPg.Mac.ScriptOptions.Rights"
                    value="//div[contains(@class, 'is-add-script-modal')]//div[contains(@class, 'is-run-script-configure-mac')]//div[contains(@class, 'is-rights-options')]"/>
        <WebElement name="AnyScript.ScriptLibrary.AddScriptPg.Mac.ScriptOptions.MaximumRunTimeInput"
                    value="//div[contains(@class, 'is-add-script-modal')]//div[contains(@class, 'is-run-script-configure-mac')]//span[contains(@class, 'is-run-time-text-box')]/input"/>
        <WebElement name="AnyScript.ScriptLibrary.AddScriptPg.Mac.ScriptOptions.MaximumRunTimeDropDown"
                    value="//div[contains(@class, 'is-add-script-modal')]//div[contains(@class, 'is-run-script-configure-mac')]//div[contains(@class, 'is-run-time-select')]"/>
        <WebElement name="AnyScript.ScriptLibrary.AddScriptPg.Mac.Parameters.Input"
                    value="//div[contains(@class, 'is-add-script-modal')]//div[contains(@class, 'is-run-script-configure-mac')]//div[contains(@class, 'command-line-params')]//input"/>
        <WebElement name="AnyScript.ScriptLibrary.AddScriptPg.SaveBtn"
                    value="//div[contains(@class, 'is-add-script-modal')]//button[contains(@class, 'is-button-for-next')]"/>
        <WebElement name="AnyScript.ScriptLibrary.AddScriptPg.CancelBtn"
                    value="//div[contains(@class, 'is-add-script-modal')]//button[contains(@class, 'is-button-for-cancel')]"/>
        <WebElement name="AnyScript.ScriptLibrary.AddScriptPg.SaveConfirmationMsgBox"
                    value="//div[contains(@class, 'is-add-script-modal')]//div[contains(@class, 'modal-dialog--confirm')]"/>
        <WebElement name="AnyScript.ScriptLibrary.AddScriptPg.SaveConfirmationMsgBox.CloseBtn"
                    value="//div[contains(@class, 'is-add-script-modal')]//div[contains(@class, 'modal-dialog--confirm')]//button[contains(@class, 'button')]"/>
        <WebElement name="AnyScript.BottomAddScriptButton" value="//div[contains(@class,'icon-add-new-script')]"/>
        <WebElement name="AnyScript.ScriptLibrary.AddScriptPg.MacScriptBtn"
                    value="//div[contains(@class, 'reset-absolute-origin')]//button[contains(@class, 'button tooltip-s btn btn-small is-button-for-mac-script is-button-for-toggle-button ember-view')]"/>
        <WebElement name="AnyScript.ScriptLibrary.AddScriptPg.SaveChangeBtn"
                    value="//div[contains(@class, 'script-library-container__footer button-group--right right-button-group-container')]//button[contains(@class, 'button button--blue is-button-for-save')]"/>
        <WebElement name="AnyScript.ScriptLibrary.AddScriptPg.CloseDialogBtn"
                    value="//div[contains(@class, 'dialog-footer__buttons button-group')]//button[contains(@class, 'button button--secondary button--blue is-button-secondary')]"/>

        <!-- Edit Script dialog page -->
        <WebElement name="AnyScript.ScriptLibrary.EditScriptPg.Mac.UploadBtn"
                    value="//div[contains(@class, 'ember-view is-run-script-configure-mac run-script-modal__platform')]//div[contains(@class, 'file-selection-container ember-view labeled-input')]//div[contains(@class, 'ember-view is-file-upload file-upload button button--secondary button--blue')]//input[@type='file']"/>

        <!-- Delete script -->
        <WebElement name="AnyScript.ScriptLibrary.DeleteScriptDlg"
                    value="//div[contains(@class, 'modal-dialog--warning')]"/>
        <WebElement name="AnyScript.ScriptLibrary.DeleteScriptDlg.ProceedBtn"
                    value="//div[contains(@class, 'modal-dialog--warning')]//button[contains(@class, 'is-button-primary')]"/>
        <WebElement name="AnyScript.ScriptLibrary.DeleteScriptDlg.CancelBtn"
                    value="//div[contains(@class, 'modal-dialog--warning')]//button[contains(@class, 'is-button-secondary')]"/>
        <WebElement name="AnyScript.ScriptLibrary.DeleteScriptConfirm.CloseBtn"
                    value="//div[contains(@class, 'modal-dialog--confirm')]//button[contains(@class, 'is-button-secondary')]"/>
    </WebElements>

</WebElementMap>
