<WebElementMap name="DDS WebUI Element Mapping - Single Sign-On Map" description="" >
    <WebElements>

        <!-- Single Sign-On - Add Details Section -->
        <WebElement name="SSOAdmin.Title"
                    value="//div[contains(@class,'single-sign-on-main')]/h1"/>
        <WebElement name="SSOAdmin.Description"
                    value="//div[contains(@class,'single-sign-on-main')]/div/p"/>
        <WebElement name="SSOAdmin.SetupSSOButton"
                    value="//button[contains(@class,'btn-setup-sso')]"/>
        <WebElement name="SSOAdmin.AddMetadata"
                    value="//input[contains(@class,'input-upload-metadata')]"/>
        <WebElement name="SSOAdmin.DownloadCertificateButton"
                    value="//button[contains(@class,'btn-download-certificate')]"/>
        <WebElement name="SSOAdmin.DownloadMetadataButton"
                    value="//button[contains(@class,'btn-download-metadata')]"/>
        <WebElement name="SSOAdmin.InputIdpName"
                    value="//input[contains(@class,'input-idp-name')]"/>
        <WebElement name="SSOAdmin.InputIdpDescription"
                    value="//textarea[contains(@class,'input-idp-description')]"/>
        <WebElement name="SSOAdmin.InputUploadMetadata"
                    value="//input[contains(@class,'input-upload-metadata')]"/>
        <WebElement name="SSOAdmin.SaveButton"
                    value="//button[@data-automation-id='btn-idp-save']"/>
        <WebElement name="SSOAdmin.CancelButton"
                    value="//button[@data-automation-id='btn-idp-cancel']"/>
        <WebElement name="SSOAdmin.SecondUploadMetadataButton"
                    value="//button[contains(@class,'btn-upload-metadata')]"/>
        <WebElement name="SSOAdmin.MetadataName"
                    value="//span[contains(@class,'metadata-name')]"/>
        <WebElement name="SSOAdmin.MetadataSize"
                    value="//span[contains(@class,'metadata-size')]"/>
        <WebElement name="SSOAdmin.SaveSuccessfulDialog"
                    value="(//div[@class='ant-modal-content'])[2]"/>
        <WebElement name="SSOAdmin.OKButton"
                    value="//button[@data-automation-id='btn-idp-ok']"/>
        <WebElement name="SSOAdmin.EditButton"
                    value="//button[contains(@class,'btn-edit-sso')]"/>
        <!-- Single Sign-On - Single Sign-On Configuration Details -->

        <!-- Single Sign-On - View SSO -->
        <WebElement name="SSOAdmin.View.SSOPropertyTitle"
                    value="//div[@class='sso-properties']/h3"/>
        <WebElement name="SSOAdmin.View.SSOPropertyContent"
                    value="//div[@class='sso-properties']/table"/>
        <WebElement name="SSOAdmin.View.MetadataPropertyTitle"
                    value="//div[@class='metadata-properties']/h5"/>
        <WebElement name="SSOAdmin.View.MetadataPropertyContent"
                    value="//div[@class='metadata-properties']/table"/>
        <!-- Single Sign-On - View SSO -->

        <!-- Single Sign-On - Third Party Login selector -->
        <WebElement name="SSOAdmin.OneLogin.UserName"
                    value="//input[@id='user_email']"/>
        <WebElement name="SSOAdmin.OneLogin.Password"
                    value="//input[@id='user_password']"/>
        <WebElement name="SSOAdmin.OneLogin.LoginButton"
                    value="//input[@id='user_submit']"/>

        <WebElement name="SSOAdmin.Okta.UserName"
                    value="//input[@id='okta-signin-username']"/>
        <WebElement name="SSOAdmin.Okta.Password"
                    value="//input[@id='okta-signin-password']"/>
        <WebElement name="SSOAdmin.Okta.LoginButton"
                    value="//input[@id='okta-signin-submit']"/>

        <WebElement name="SSOAdmin.PingIdentity.UserName"
                    value="//input[@id='ping-username']"/>
        <WebElement name="SSOAdmin.PingIdentity.Password"
                    value="//input[@id='ping-password']"/>
        <WebElement name="SSOAdmin.PingIdentity.LoginButton"
                    value="//input[@id='btn-sign-in']"/>

        <WebElement name="SSOAdmin.PingFederate.UserName"
                    value="//input[@id='username']"/>
        <WebElement name="SSOAdmin.PingFederate.Password"
                    value="//input[@id='password']"/>
        <WebElement name="SSOAdmin.PingFederate.LoginButton"
                    value="//a[contains(@class,'ping-button')]"/>

        <WebElement name="SSOAdmin.ForgeRock.UserName"
                    value="//input[@id='idToken1']"/>
        <WebElement name="SSOAdmin.ForgeRock.Password"
                    value="//input[@id='idToken2']"/>
        <WebElement name="SSOAdmin.ForgeRock.LoginButton"
                    value="//input[@id='loginButton_0']"/>
        <WebElement name="SSOAdmin.AzureAD.UserName"
                    value="//input[@name='loginfmt']"/>
        <WebElement name="SSOAdmin.AzureAD.NextLoginButton"
                    value="//input[@id='idSIButton9']"/>
        <WebElement name="SSOAdmin.AzureAD.Password"
                    value="//input[@name='passwd']"/>
        <WebElement name="SSOAdmin.AzureAD.LoginButton"
                    value="//input[@id='idSIButton9']"/>

        <WebElement name="SSOAdmin.ADFS.UserName"
                    value="//input[@id='userNameInput']"/>
        <WebElement name="SSOAdmin.ADFS.Password"
                    value="//input[@id='passwordInput']"/>
        <WebElement name="SSOAdmin.ADFS.LoginButton"
                    value="//span[@id='submitButton']"/>
        <!-- Single Sign-On - Third Party Login selector -->

        <!-- Single Sign-On - Account Setting for SSO -->
        <WebElement name="AccountSetting.SSO.SSOSection"
                    value="//div[contains(@class,'single-sign-on-settings')]"/>
        <WebElement name="AccountSetting.SSO.Title"
                    value="//div[contains(@class,'single-sign-on-settings')]/h3"/>
        <WebElement name="AccountSetting.SSO.Status"
                    value="(//div[contains(@class,'single-sign-on-settings')]/p)[1]"/>
        <WebElement name="AccountSetting.SSO.Description"
                    value="(//div[contains(@class,'single-sign-on-settings')]/p)[2]"/>
        <WebElement name="AccountSetting.SSO.Button"
                    value="//div[contains(@class,'single-sign-on-settings')]//button[1]"/>
        <WebElement name="AccountSetting.SSO.ViewIdpButton"
                    value="//div[contains(@class,'single-sign-on-settings')]//button[2]"/>
        <WebElement name="AccountSetting.SSO.ConfirmEnableOrDisableSSOButton"
                    value="//button[contains(@class,'btn-confirm-ok')]"/>
        <WebElement name="AccountSetting.SSO.Note"
                    value="(//div[contains(@class,'single-sign-on-settings')]/p)[3]"/>
        <!-- Single Sign-On - Account Setting for SSO -->

        <!-- Single Sign-On - Unauthorized message -->
        <WebElement name="SSOAdmin.UnauthorizedTitle"
                    value="//div[text()='Unauthorized']"/>
        <!-- Single Sign-On - Unauthorized message -->
    </WebElements>
</WebElementMap>
