<WebElementMap name="NextGen WebUI Element Mapping - Navigation Map" description="">
    <WebElements>
        <!--Header-->
        <WebElement name="Navigation.Header"                                                                value="//div[contains(@class, 'header-main')]//h1"/>
        <WebElement name="Navigation.Menu"                                                                  value="//div[@id='is-dds-menu']"/>


        <!--Top Right Corner-->
        <WebElement name="Home.UserProfile"                                                                 value="//button[@id='user-profile']"/>
        <WebElement name="UserProfile.LogoutLink"                                                           value="//a[@class='dropdown-menu__item']"/>
        <WebElement name="Home.UserProfile.UserProfile"                                                     value="//li[@data-automation-id='dropdown-menu-item-edit-profile']"/>
        <WebElement name="Home.GlobalNew"                                                                   value="//button[@id='globalButton']"/>
        <WebElement name="Home.GlobalNew.StaticDeviceGroup"                                                 value="//li[@data-automation-id='dropdown-menu-item-globalNew.fixedDeviceGroup']"/>
        <WebElement name="Home.GlobalNew.SmartDeviceGroup"                                                  value="//li[@data-automation-id='dropdown-menu-item-globalNew.smartDeviceGroup']"/>
        <WebElement name="Home.PlusIcon"                                                                    value="//button[@id='globalButton']"/>
        <WebElement name="Home.PlusIcon.AuthorizationCode"                                                  value="//div[not(contains(@class,'ant-dropdown-hidden'))]//li[@data-automation-id='dropdown-menu-item-globalNew.authorizationCode']"/>

        <!--Left Navigation Bar-->
        <WebElement name="Navigation.Bar.HomePageLink"                                                      value="//a[@data-automation-id='nav-link-item--1']"/>
        <WebElement name="Navigation.Bar.FindDevicesLink"                                                   value="//li[@data-automation-id='nav-list-item-10']"/>
        <WebElement name="Navigation.Bar.DeviceManagementLink"                                              value="//li[@data-automation-id='nav-list-item-20']"/>
        <WebElement name="Navigation.Bar.DataProtectionLink"                                                value="//li[@data-automation-id='nav-list-item-30']"/>
        <WebElement name="Navigation.Bar.PoliciesAndAlertsLink"                                             value="//li[@data-automation-id='nav-list-item-40']"/>
        <WebElement name="Navigation.Bar.GlobalPoliciesLink"                                                value="//a[contains(@class, 'is-global-policy-group-secondary')]"/>
        <WebElement name="Navigation.Bar.Applications"                                                      value="//li[@data-automation-id='nav-list-item-50']"/>
        <WebElement name="Navigation.Bar.Administration"                                                    value="//li[@data-automation-id='nav-list-item-70']"/>
        <WebElement name="Navigation.Bar.HelpAndSupport"                                                    value="//li[@data-automation-id='nav-list-item-80']"/>
        <WebElement name="Navigation.Bar.UserAwareness"                                                     value="//li[@data-automation-id='nav-list-item-60']"/>
        <WebElement name="Navigation.Bar.Tooltip"                                                           value="//div[contains(@class, 'nav-list-item__tip')]"/>

        <!--Find Devices -> Report Menu Items-->
        <WebElement name="Navigation.FindDevices.ClassicReportsMenuItem"                                    value="//div[contains(@data-automation-id, 'legacy-reports-label')]"/>
        <WebElement name="Navigation.FindDevices.ActiveDevicesReportMenuItem"                               value="//div[contains(@class, '00000000-0000-0000-0000-000000000216-label')]"/>
        <WebElement name="Navigation.FindDevices.DeviceWithActivePoliciesReportMenuItem"                    value="//div[contains(@class, '00000000-0000-0000-0000-000000000218-label')]"/>
        <WebElement name="Navigation.FindDevices.DeviceAnalyticsReportMenuItem"                             value="//div[contains(@class, '00000000-0000-0000-0000-000000000230-label')]"/>
        <WebElement name="Navigation.FindDevices.FullDiskEncryptionStatusReportMenuItem"                    value="//div[contains(@class, '00000000-0000-0000-0000-000000000250-label')]"/>
        <WebElement name="Navigation.FindDevices.DataRiskAssessmentReportMenuItem"                          value="//div[contains(@class, 'is-data-risk-assessment-secondary-item-link')]"/>
        <WebElement name="Navigation.FindDevices.CustomReportMenuItem"                                      value="//div[@data-automation-id='customnodes-nested-list-subtitle']//div[contains(text(),'%s')]"/>
        <WebElement name="Navigation.FindDevices.AntiMalwareReportMenuItem"                                 value="//div[contains(@class, '00000000-0000-0000-0000-000000000240-label')]"/>
        <WebElement name="Navigation.FindDevices.EventHistoryReportMenuItem"                                value="//div[contains(@class, '00000000-0000-0000-0000-000020170302-label')]"/>
        <WebElement name="Navigation.FindDevices.AndroidVulnerabilityReportMenuItem"                        value="//div[contains(@class, '00000000-0000-0000-0000-000000000270-label')]"/>
        <WebElement name="Navigation.FindDevices.EventStoreReportMenuItem"                                  value="//div[contains(@class, '00000000-0000-0000-0000-000000000401-label')]"/>


        <!--Device Management Tabs-->
        <WebElement name="Navigation.DeviceManagement.DashboardTab"                                         value="//a[contains(@class, 'is-devicemanagement-dashboard-header-nav-link-item')]"/>
        <WebElement name="Navigation.DeviceManagement.GroupsTab"                                            value="//a[contains(@class, 'is-devicemanagement-groups-header-nav-link-item')]"/>
        <WebElement name="Navigation.DeviceManagement.GeofencesTab"                                         value="//a[contains(@class, 'is-devicemanagement-geofences-header-nav-link-item')]"/>
        <WebElement name="Navigation.DeviceManagement.GeolocationTab"                                       value="//a[contains(@class, 'is-devicemanagement-geolocation-header-nav-link-item')]"/>
        <WebElement name="Navigation.DeviceManagement.GeolocationTab.DeviceLocationReportMenuItem"          value="//a[contains(@class, 'is-pages-ng-app-geolocation-00000000-0000-0000-0000-000000000280-secondary-item-link')]"/>
        <WebElement name="Navigation.DeviceManagement.GeolocationTab.SettingMenuItem"                       value="//a[contains(@class, 'is-pages-ng-app-geolocation-settings-secondary-item-link')]"/>
        <WebElement name="Navigation.DeviceManagement.GeolocationTab.GeofenceDefinitions"                   value="//a[contains(@class, 'is-pages-ng-app-geofences-secondary-item-link')]"/>
        <WebElement name="Navigation.DeviceManagement.InvestigationsTab"                                    value="//a[contains(@class, 'is-devicemanagement-investigations-header-nav-link-item')]"/>
        <WebElement name="Navigation.DeviceManagement.ActionsTab"                                           value="//a[contains(@class, 'is-devicemanagement-deviceactionmanager-header-nav-link-item')]"/>

        <!--Data Protection Tabs-->
        <WebElement name="Navigation.DataProtection.DashboardTab"                                           value="//a[contains(@class, 'is-dataprotection-dashboard-header-nav-link-item')]"/>
        <WebElement name="Navigation.DataProtection.EDDTab"                                                 value="//a[contains(@class, 'is-dataprotection-endpointdatadiscovery-header-nav-link-item')]"/>

        <!--Data Protection -> EDD -> Menu Items-->
        <WebElement name="Navigation.DataProtection.EDD.EDDMatchScoreSummaryReportMenuItem"                 value="//div[contains(@class, '00000000-0000-0000-0000-000000000016-label')]"/>
        <WebElement name="Navigation.DataProtection.EDD.EDDHistoryReportMenuItem"                           value="//div[contains(@class, '00000000-0000-0000-0000-000000000017-label')]"/>
        <WebElement name="Navigation.DataProtection.EDD.EDDReportingDataReportMenuItem"                     value="//div[contains(@class, '00000000-0000-0000-0000-000000000019-label')]"/>
        <WebElement name="Navigation.DataProtection.EDD.GDPRReportMenuItem"                                 value="//div[contains(@class, '20000000-2000-2000-2000-000000000016-label')]"/>
        <WebElement name="Navigation.DataProtection.EDD.DeviceWithAtRiskFilesInCloudReportPage"             value="//div[contains(@class, '00000000-0000-0000-0000-000000000219-label')]"/>
        <WebElement name="Navigation.DataProtection.EDD.DataRiskAssessmentReportMenuItem"                   value="//div[contains(@class, '10000000-1000-1000-1000-000000000016-label')]"/>
        <WebElement name="Navigation.DataProtection.EDD.RulesMenuItem"                                      value="//a[@data-automation-id='rules-nested-list-item']"/>
        <WebElement name="Navigation.DataProtection.EDD.Rules.GoBackToParentMenuItem"                       value="//a[contains(@class, 'is-parent-links.endpointdatadiscovery.title-secondary-item-link')]"/>

        <!--Policies and Alerts Tabs-->
        <WebElement name="Navigation.PoliciesAndAlerts.PoliciesTab"                                         value="//a[contains(@class, 'is-policiesandalers-policies-header-nav-link-item')]"/>
        <WebElement name="Navigation.PoliciesAndAlerts.AlertTab"                                            value="//a[contains(@class, 'is-policiesandalers-alerts-header-nav-link-item')]"/>
        <WebElement name="Navigation.PoliciesAndAlerts.DDS7AlertTab"                                        value="//a[contains(@class, 'is-policiesandalers-alertshome-header-nav-link-item')]"/>

        <!--Applications Tabs-->
        <WebElement name="Navigation.Applications.DashboardTab"                                             value="//a[contains(@class, 'is-applications-dashboard-header-nav-link-item')]"/>
        <WebElement name="Navigation.Applications.ApplicationsTab"                                          value="//a[contains(@class, 'is-applications-applications-header-nav-link-item')]"/>
        <WebElement name="Navigation.Applications.ReportsTab"                                               value="//a[contains(@class, 'is-applications-reports-header-nav-link-item')]"/>
        <WebElement name="Navigation.Applications.SoftwareReportsTab"                                       value="//a[contains(@class, 'is-applications-softwarereports-header-nav-link-item')]"/>
        <WebElement name="Navigation.Applications.SoftwareCatalogTab"                                       value="//a[contains(@class, 'is-applications-softwarecatalog-header-nav-link-item')]"/>

        <!--Applications -> Reports-->
        <WebElement name="Navigation.Applications.ApplicationPersistenceReportMenuItem" 	    value="//div[contains(@class,'00000000-0000-0000-0000-000000000290-label')]" />
        <WebElement name="Navigation.Applications.ApplicationPersistenceEventsReportMenuItem" 	value="//div[contains(@class,'00000000-0000-0000-0000-000000000292-label')]" />
        <WebElement name="Navigation.Applications.SoftwareLicensesReportMenuItem"               value="//div[contains(@class, '00000000-0000-0000-0000-000000000021-label')]"/>
        <WebElement name="Navigation.Applications.SoftwareOverviewReportMenuItem"               value="//div[contains(@class, '00000000-0000-0000-0000-000000000214-label')]"/>
        <WebElement name="Navigation.Applications.SoftReportingDataReportMenuItem"              value="//div[contains(@class, '00000000-0000-0000-0000-000000000215-label')]"/>
        <WebElement name="Navigation.Applications.DevicesWithCloudStorageSoftwareMenuItem"      value="//div[contains(@class, '00000000-0000-0000-0000-000000000220-label')]"/>
        <WebElement name="Navigation.Applications.SoftwareCatalog.GoBackToParentMenuItem"       value="//a[contains(@class, 'is-parent-links.softwarecatalog.title-secondary-item-link')]"/>

        <!--User Awareness Tabs-->
        <WebElement name="Navigation.UserAwareness.DashboardTab"                                            value="//a[contains(@class, 'is-userawareness-dashboard-header-nav-link-item')]"/>

        <!--Administration Sub Menu Items-->
        <WebElement name="Navigation.Administrations.AdminHeader"                                           value="//span[text()='Administration']"/>
        <WebElement name="Navigation.Administrations.DataMenuItem"                                          value="//a[contains(@data-automation-id,'dataHomePage-nested-list-item')]"/>
        <WebElement name="Navigation.Administrations.DataMenuItem.CustomDeviceFields"                       value="//a[contains(@data-automation-id,'manageUdfs-nested-list-item')]"/>
        <WebElement name="Navigation.Administrations.DisablePreAuthorizationMenuItem"                       value="//a[contains(@class, 'is-disabledatadeletepreauthorization-secondary-item-link')]"/>
        <WebElement name="Navigation.Administrations.AgentRemovalRequestsMenuItem"                          value="//a[contains(@class, 'is-agentremovalsummary-secondary-item-link')]"/>
        <WebElement name="Navigation.Administrations.ClassicAccountSettingsMenuItem"                        value="//a[contains(@data-automation-id, 'accountSettingsClassic-nested-list-item')]"/>
        <WebElement name="Navigation.Administrations.NestedListItemsContainer"                              value="//div[contains[@class, 'nested-list-items-container)]"/>
        <WebElement name="Navigation.Administrations.SecondaryMenuContainer"                                value="//div[contains(@class,'secondary-menu-container') or contains(@class,'nested-list-items-container') or contains(@class, 'is-dashboard-container') or contains(@class,'is-nav-splitter')]"/>
        <WebElement name="Navigation.Administrations.CustomActionFieldsMenuItem"                            value="//a[contains(@class, 'is-customactionfields-secondary-item-link')]"/>
        <WebElement name="Navigation.Administrations.ApproveRequestsMenuItem"                               value="//a[contains(@class, 'is-approverequests-secondary-item-link')]"/>
        <WebElement name="Navigation.Administrations.ImportExportMenuItem"                                  value="//a[contains(@href, '/dds5/administration/import-export?targetURL=%2FPages%2FAdministration%2FImportDataStatus.aspx')]"/>
        <WebElement name="Navigation.Administrations.ScriptLibrary"					                         value="//div[contains(@class, 'reachLibrary-label')]"/>
        <WebElement name="Navigation.Administrations.DeviceFreezeMessages"                                  value="//a[@data-automation-id='deviceFreezeMessage-nested-list-item']"/>
        <WebElement name="Navigation.Administrations.GoBackToParentMenuItem"                                value="//a[contains(@class 'is-parent-links.administration.title-secondary-item-link)]"/>

        <WebElement name="Navigation.Administrations.UserManagementMenuItem"                                value="//a[@data-automation-id='userManagement-nested-list-item']"/>
        <WebElement name="Navigation.Administrations.UserManagementMenuItem.Users"                          value="//a[@data-automation-id='userManagementUsers-nested-list-item']"/>
        <WebElement name="Navigation.Administrations.UserManagementMenuItem.Roles"                          value="//a[@data-automation-id='userManagementRoles-nested-list-item']"/>
        <WebElement name="Navigation.Administrations.AgentManagementMenuItem"                               value="//a[@data-automation-id='agentVersion-nested-list-item']"/>
        <WebElement name="Navigation.Administrations.SingleSignOn"
                    value="//a[contains(@class, 'is-pages-ng-app-administration-single_sign_on-secondary-item-link')]"/>
        <WebElement name="Navigation.Administrations.AccountSetting"
                    value="//a[@data-automation-id='accountSettings-nested-list-item']"/>
        <WebElement name="Navigation.Administrations.ClassicAccountSetting"                                 value="//div[contains(@class,'accountSettingsClassic-label')]"/>
        <WebElement name="Navigation.Administrations.GoogleSyncSettings"                                    value="//div[contains(@class,'googleAccountSettings-label')]"/>
        <WebElement name="Navigation.Administrations.DataDeleteMenuItem"                                    value="//a[contains(@class,'dataDelete-nested-list-item')]"/>
        <WebElement name="Navigation.Administrations.DataDelete.DataDeleteSummaryReport"                    value="//div[contains(@class,'dataDeleteSummaryReport-label')]"/>
        <WebElement name="Navigation.Administrations.DataDelete.CreateAndEditDataDeletePolicies"            value="//div[contains(@class,'createAndEditDataDeletePolicies-label')]"/>
        <WebElement name="Navigation.Administrations.DataDelete.RequestDataDelete"                          value="//div[contains(@class,'requestDataDelete-label')]"/>

        <!--Device Freeze request-->
        <WebElement name="Navigation.Administrations.DeviceFreezeMenuItem"
                    value="//a[@data-automation-id='deviceFreeze-nested-list-item']"/>
        <WebElement name="Navigation.Administrations.DeviceFreeze.RequestDeviceFreeze"
                    value="//a[@data-automation-id='requestDeviceFreeze-nested-list-item']"/>
        <WebElement name="Navigation.Administrations.DeviceFreeze.SummaryReport"
                    value="//a[@data-automation-id='dataFreezeSummaryReport-nested-list-item']"/>
        <WebElement name="Navigation.Administrations.FileListSummaryReport"                                 value="//div[contains(@class,'fileListSummaryReport-label')]"/>
        <WebElement name="Navigation.Administrations.FileRetrievalSummaryReport"                            value="//div[contains(@class,'fileRetrievalSummaryReport-label')]"/>

        <!--Device Freeze Message-->
        <WebElement name="Navigation.Administrations.CreateDeviceFreezeMessage"
                    value="//div[@data-automation-id='createDeviceFreezeMessages-label']"/>

        <!--Offline Freeze-->
        <WebElement name="Navigation.Administrations.CreateDeviceFreezeOfflinePolicy"
                    value="//a[@data-automation-id='createADeviceFreezeOfflinePolicies-nested-list-item']"/>
        <WebElement name="Navigation.Administrations.ManageDeviceFreezeOfflinePolicies"
            value="//a[@data-automation-id='manageDeviceFreezeOfflinePolicies-nested-list-item']"/>
        <!--Training and Support Tabs-->
        <WebElement name="Navigation.HelpAndSupport.TrainingTab"                                            value="//a[contains(@class, 'is-helpandsupport-training-header-nav-link-item')]"/>
        <WebElement name="Navigation.HelpAndSupport.SupportTab"                                             value="//a[contains(@class, 'is-helpandsupport-support-header-nav-link-item')]"/>

        <!--Communication Error-->
        <WebElement name="Navigation.CommunicationErrorIcon"                                                value="//*[contains(@class,'error') and contains(@class, 'icon') and contains(@class, 'full')]|//*[contains(@class,'is-container-for-action-failed-icon')]//*[contains(@class,'icon') and contains(@class,'error')]|//div[contains(@class, 'ant-modal-content')]|//*[contains(text(), 'error') and contains(@class, 'icon')]"/>

        <!--Full page error-->
        <WebElement name="Navigation.FullPageErrorPage"                                                     value="//div[contains(@class, 'ant-modal-content')]"/>
        <WebElement name="Navigation.FullPageErrorMessage"                                                  value="//span[text()[contains(.,'GE')]]"/>
        <WebElement name="Navigation.OtherErrorMessages"                                                    value="//*[contains(text(), 'error') and contains(text(), 'unexpected') or contains(text(), 'following error')]"/>

        <!--DDS5 Classic Page Verification-->
        <WebElement name="Navigation.DDS5.Header"                                                           value="//div[contains(@class,'pageTitleMain')]"/>
        <WebElement name="Navigation.AnyLink"
                    value="//a[contains(@href,'/dds5/') or contains(@href, 'Pages/ng/app')]"/>
        <WebElement name="Navigation.RenewSessionButton"
                    value="//button[text()='Renew Session']"/>
        <WebElement name="Navigation.CountdownTimeout"
                    value="//p/strong[@class='is-countdown']"/>
        <WebElement name="AuthorizationCode.RequestCodeButton"                                              value="//input[@id='ctl00_bodyContent_btnRequest']"/>
        <WebElement name="IFrameShowDDS5"                                                                   value="//iframe[@id='iframe-show-dds5']"/>
        <WebElement name="Navigation.DDS5.RequestFileListButton"                                            value="//input[@id='ctl00_ctl00_bodyContent_resultsContent_btnCreateRequest']"/>
        <WebElement name="Navigation.DDS5.RequestFileRetrievalButton"                                       value="//input[@id='ctl00_ctl00_bodyContent_resultsContent_btnCreateRequest']"/>
        <WebElement name="Navigation.DD5.AssetReportLink"                                                   value="//td[@class='cssSiteMapSectionMenuContentNavigationLink']//a[.='Asset Report']"/>
        <WebElement name="Navigation.DD5.CallHistoryReportLink"                                             value="//td[@class='cssSiteMapSectionMenuContentNavigationLink']//a[.='Call History Report']"/>
        <WebElement name="Navigation.DD5.ActivationReportLink"                                              value="//td[@class='cssSiteMapSectionMenuContentNavigationLink']//a[.='Activation Report']"/>


    </WebElements>
</WebElementMap>
