<WebElementMap name="NextGen WebUI Element Mapping - Common Components Map"
	description="">

	<WebElements>

		<WebElement name="CommonComponents.PageTitle" 														value="//h1[contains(@class,'list-header-title') and .='%s']" />


		<WebElement name="ViewReports.EditFilter.BtnRemoveFilter" 											value="//div[@class='filters-main-content']/descendant::button[@class='remove-filter icon-minus tooltip-w']" />
		<WebElement name="ViewReports.EditFilter.BtnAddAndFilter" 											value="//button[contains(@class,'add-single-filter-block-trigger')]" />
		<WebElement name="ViewReports.EditFilter.BtnAddOrFilter" 											value="//button[@class='add-filter-button add-single-filter-trigger']" />

		<WebElement name="ViewReports.EditFilter.BtnDone" 													value="//div[contains(@class, 'edit-filter-dialog')]//button[contains(@class,'is-button-for-next')]" />
		<WebElement name="ViewReports.EditFilter.BtnCancel" 												value="//div[contains(@class, 'edit-filter-dialog')]//button[contains(@class,'is-button-for-cancel')]" />
		<WebElement name="ViewReports.EditFilterPopup.MainContent" 											value="//div[@class='filters-main-content']" />

		<WebElement name="CommonComponents.ModalWizardWindow" 												value="//div[contains(@class,'modal-wizard-window')]" />
		<WebElement name="ViewReports.SaveAsModal.Header" 													value="//div[@class='modal-wizard-window devices-modal']/div[@class='modal-wizard-header']/h2" />
		<WebElement name="ViewReports.SaveAsModal.ItemCount" 												value="//div[@class='flex-item-middle list-top-frame']/div" />
		<WebElement name="CommonComponents.QAAutomationLinkWithExactText" 									value="//a[text()='QA_Automation']" />
		<WebElement name="QAAutomationCustomizedItem" 														value="//div[contains(@class, 'nested-list-items-container')]//div[contains(text(),'QA_Automation')]" />
		
		<WebElement name="CommonComponents.BtnDropdownToggleUp" 											value="//button[contains(@class,'is-button-for-dropdown-toggle up')]" />
		<WebElement name="CommonComponents.BtnDropdownToggleDown" 											value="//button[contains(@class,'is-button-for-dropdown-toggle down')]" />

		<WebElement name="CommonComponents.deviceActionsBtn" 												value="//button[contains(@class,'is-button-for-dropdown-toggle up') and text()='Device Actions']" />

		<WebElement name="CommonComponents.Button.ContinueButton" 											value="//button[contains(@class,'btn btn-action') or @class='button button--blue is-button-for-next']" />
		<WebElement name="CommonComponents.BtnBtnAction" 													value="//button[contains(@class,'btn btn-action') or contains(@class,'is-button-for-confirm') or contains(@class,'button button-group__button button--blue') or @class='button button--secondary button--blue is-button-secondary' or @class='button button--blue is-button-for-next']" />
		<WebElement name="CommonComponents.BtnDeactivate" 													value="//div[@class='dialog-footer__buttons button-group']//button[text()='Deactivate']" />
		<WebElement name="CommonComponents.Dialog.ContinueButton" 											value="//div[contains(@class,'modal-dialog__footer') and not(contains(@class,'hide-block'))]//button[not(contains(@class, 'cancel') or contains(@class, 'back'))]" />
		<WebElement name="CommonComponents.Dialog.HeaderClose" 												value="//div[contains(@class,'dialog-header__close')]" />

		<WebElement name="CommonComponents.BtnConfirm" 														value="//button[contains(@class,'is-button-primary') or @type='submit' or contains(@class,'btn-primary')]" />
		<WebElement name="CommonComponents.BtnCancelConfirm" 												value="//button[contains(@class,'is-button-secondary')]" />

		<WebElement name="CommonComponents.ConfirmOKButton" 												value="//button[contains(@class,'is-button-secondary') or contains(@class,'is-button-for-confirm') or .//ancestor::*[contains(@class,'ant-modal-footer')]]" />
		<WebElement name="CommonComponents.BtnSave" 														value="//button[text()='Save']" />

		<WebElement name="CommonComponents.BtnBtnSmall" 													value="//button[contains(@class,'btn btn-small')]" />
		<WebElement name="CommonComponents.BtnBtnLow" 														value="//button[contains(@class,'btn btn-low')]" />
		<WebElement name="CommonComponents.BtnCancel" 														value="//button[contains(@class,'cancel')]" />
		<WebElement name="CommonComponents.InputCancel" 													value="//input[@id='ctl00_bodyContent_ucComputerGroups_ChooserModelDialog_ctl00_btnCancel']" />
		<WebElement name="CommonComponents.BtnBtnActionDisabled" 											value="//button[@class='btn btn-action' and @disabled]" />
		<WebElement name="CommonComponents.BtnBtnSmallActive" 												value="//button[contains(@class,'btn btn-small active')]" />
		
		<WebElement name="CommonComponents.MessageActionSuccess" 											value="//span[contains(@class,'action-ok')]" />
		<WebElement name="CommonComponents.Wizard.Button.Help" 		value="//div[contains(@class,'modal-dialog')]//a[contains(@class,'is-button-for-help')]"/>

		<WebElement name="CommonComponents.closeToolTip" 				value="//button[contains(@class,'closedialog')]"/>
		<WebElement name="CommonComponents.closeMenuToolTip" 			value="//div[contains(@class,'is-callout-message')]//button[contains(@class,'closedialog')]"/>
		<WebElement name="CommonComponents.closeMessageBox" 				value="//button[contains(@class,'is-button-secondary')]"/>
		<WebElement name="CommonComponents.Spinner" 				value="//span[contains(@class,'spinner') and not(ancestor::div[contains(@class,'is-container-for-notifications-tab')])]"/>
		<WebElement name="CommonComponents.SystemError" 				value="//div[contains(@class,'system-message--error')]"/>

		<WebElement name="CommonComponents.DeviceList.FirstIdentifier"   						 	            value="//tr[contains(@class,'is-record')]/td[contains(@data-name,'identifier')]" />
		<WebElement name="CommonComponents.DeviceList.QAAutomationRowCheckbox"   						 	    value="//tr[@data-automation-id='QA_Automation']//input"/>
		<WebElement	name="CommonComponents.DeviceList.RowCheckboxByIndex" 										value="//tr[contains(@class,'is-record')][%d]//input"/>
		<WebElement	name="CommonComponents.DeviceList.RowCheckboxByActivePolicy" 								value="//tr[@data-automation-id=string(//tr[./td[@data-name='%s']//span[contains(@class, 'icon-check-circle')]]/@data-automation-id)]/td/input" />
		<WebElement	name="CommonComponents.DeviceList.IdentifierByIndex" 										value="//tr[contains(@class,'is-record')][%d]//a"/>
		<WebElement	name="CommonComponents.DeviceList.IdentifierByActivePolicy" 								value="//tr[./td[@data-name='%s']//span[contains(@class, 'icon-check-circle')]]/td/a" />

		<!--modal dialog elements-->
		<WebElement name="CommonComponents.ModalDialog.Title"   						 	            					value="//*[contains(@class, 'modal')]//*[contains(@class, 'is-window-title')]" />
		<WebElement name="CommonComponents.ModalDialog.DeviceList.FirstIdentifier"   						 	            value="//*[contains(@class, 'modal')]//tr[contains(@class,'is-record')]/td[@data-name='identifier']" />
		<WebElement name="CommonComponents.ModalDialog.DeviceList.QAAutomationRowCheckbox"   						 	    value="//*[contains(@class, 'modal')]//tr[@data-automation-id='QA_Automation']//input"/>
		<WebElement	name="CommonComponents.ModalDialog.DeviceList.RowCheckboxByIndex" 										value="//*[contains(@class, 'modal')]//tr[contains(@class,'is-record')][%d]//input"/>
		<WebElement	name="CommonComponents.ModalDialog.DeviceList.RowCheckboxByActivePolicy" 								value="//*[contains(@class, 'modal')]//tr[@data-automation-id=string(//tr[./td[@data-name='%s']//span[contains(@class, 'icon-check-circle')]]/@data-automation-id)]/td/input" />
		<WebElement	name="CommonComponents.ModalDialog.DeviceList.IdentifierByActivePolicy" 								value="//*[contains(@class, 'modal')]//tr[./td[@data-name='%s']//span[contains(@class, 'icon-check-circle')]]/td/a" />
		<WebElement name="CommonComponents.ModalDialog.DeviceTable"                                           				value="//*[contains(@class, 'modal')]//div[contains(@class,'free virtual-pages-container')]//div[%d]//table[contains(@class, 'paged-table')]//tr" />
		<WebElement name="CommonComponents.ModalDialog.DeviceTable.Cell"                                      				value="//*[contains(@class, 'modal')]//div[contains(@class,'free virtual-pages-container')]//div[%d]//table[contains(@class, 'paged-table')]//tr[%d]/td[@data-name='%s']" />


		<WebElement name="CommonComponents.GlobalSearchBar"   						 							value="//div[contains(@class,'manage-content')]//input[contains(@class,'snap-view-search-input')]" />
		<WebElement name="CommonComponents.Filter.SearchTextbox"                                               value="//input[parent::div[contains(@class,'is-adhoc-search-filter-input')]]"/>
		<WebElement name="CommonComponents.Filter.FilterPicker"                                               	value="//div[@class='is-container-for-filter-attr-picker']//span"/>

		<WebElement name="CommonComponents.List.ResultLabel"   						 			value="//div[contains(@class,'list-container')]//div[contains(@class,'right pagination-block') and not(contains(@class,'button'))]"/>
		<WebElement name="CommonComponents.List.EditFilterResultLabel"   						value="//div[contains(@class,'dialog-body')]//div[contains(@class,'right pagination-block') and not(contains(@class,'button'))]"/>
		<WebElement	name="CommonComponents.List.NoResults" 										value="//div[contains(@class,'is-empty-resultset')]"/>
		<WebElement name="CommonComponents.Filter.BtnAddFilterBlock"   						 	value="//button[contains(@class,'add-single-filter-block-trigger')]" />
		<WebElement name="CommonComponents.Filter.BtnAddORFilter"   							value="//span[contains(@class,'flex-baseline')]/preceding::button[contains(@class,'add-single-filter-trigger')][1]" />
		<WebElement name="CommonComponents.Filter.BtnAddFilter"   						 		value="//button[contains(@class,'add-filter')]" />
		<WebElement name="CommonComponents.Filter.SelectDataFieldLastFilterBlock"   			value="//span[contains(@class,'flex-baseline')]/preceding::div[contains(@class,'is-op-lval')][1]" />
		<WebElement name="CommonComponents.Filter.SelectDataFieldFilter"                        value="//div[contains(@class,'filter-line')]//div[contains(@class,'is-op-lval')]" />
		<WebElement name="CommonComponents.Filter.DataFieldDropDownListItem" 					value="//div[contains(@class,'tree-view-container')]/ul[contains(@class,'jqtree_common jqtree-tree')]//li/div[@data-is-container-for-id='%s']//span[contains(@class,'is-name')]" />
		<WebElement name="CommonComponents.Filter.SelectConditionFilter"   						value="//div[contains(@class,'filter-line')]//div[contains(@class,'is-op-lval')]/following-sibling::div[1]" />
		<WebElement name="CommonComponents.Filter.SelectConditionLastFilterBlock"  		 		value="//span[contains(@class,'flex-baseline')]/preceding::div[contains(@class,'is-op-lval')][1]/following-sibling::div" />
		<WebElement name="CommonComponents.Filter.ConditionDropDownListItem" 					value="//div[contains(@class,'select2-drop-active')]/ul[@class='select2-results']//li[contains(@class,'%s')]" />
		<WebElement name="CommonComponents.Filter.SelectValueFilter"   						 	value="//div[contains(@class,'filter-line')]//div[contains(@class,'is-op-rval')]" />
		<WebElement name="CommonComponents.Filter.SelectValueFilterLastFilterBlock"   			value="//span[contains(@class,'flex-baseline')]/preceding::div[contains(@class,'is-op-rval')][1]" />
		<WebElement name="CommonComponents.Filter.FilterValueList"                              value="//ul[contains(@class,'select2-results') and parent::div[contains(@class,'select2-drop-active')] and child::li]"/>
		<WebElement name="CommonComponents.Filter.SelectValueDropDownListItem" 					value="//div[contains(@class,'select2-drop-active')]/ul[@class='select2-results']//li[contains(@class,'%s')]" />
		<WebElement name="CommonComponents.Filter.EnterValueLastFilterBlock"   					value="//span[contains(@class,'flex-baseline')]/preceding::input[contains(@class,'is-op-rval')][1]" />
		<WebElement name="CommonComponents.Filter.EnterDateValueLastFilterBlock"   				value="//span[contains(@class,'flex-baseline')]/preceding::div[contains(@class,'is-op-rval')][1]/input[contains(@class, 'date-input-field')]" />

		<WebElement name="CommonComponents.FilterJS.RuleField"
					value="//div[@class='rule--field']//div[@class='ant-select-selection__placeholder']"/>
		<WebElement name="CommonComponents.FilterJS.RuleListItem"
					value="//div[contains(@class,'ant-select-dropdown') and not(contains(@class,'ant-select-dropdown-hidden'))]//ul/li[.='%s']"/>
		<WebElement name="CommonComponents.FilterJS.RuleOperator"
					value="//div[@class='rule--value']//input[@value='']/ancestor::div[@class='rule group-or-rule']//div[@class='rule--operator']"/>
		<WebElement name="CommonComponents.FilterJS.RuleValue"
					value="//div[@class='rule--value']//input[@value='']"/>
		<WebElement name="CommonComponents.FilterJS.AddRuleBtn"
					value="//button[contains(@class,'action--ADD-RULE')]"/>
		<WebElement name="CommonComponents.FilterJS.AddGroupBtn"
					value="//button[contains(@class,'action--ADD-GROUP')]"/>
		<WebElement name="CommonComponents.FilterJS.DeleteBtn"
					value="//i[contains(@class,'anticon-delete')]/.."/>
		<WebElement name="CommonComponents.DeviceTable.Cell"   									value="//div[contains(@class,'free virtual-pages-container')]//table[contains(@class, 'paged-table')]//tr[%d]/td[@data-name='%s']" />
		<WebElement name="CommonComponents.Filter.FilterResultText"   									value="//div[@class='show-details-info-list is-edit-filer ']/span" />

		<!-- Notifications Tab -->
		
		<WebElement name="CommonComponents.OverviewTable.firstLayer" 										value="//div[contains(@class,'overlay-row')]" />
		<WebElement name="CommonComponents.OverviewTable.secondLayer" 										value="//div[contains(@class,'overlay-row')][2]" />
		<WebElement name="CommonComponents.NotificationsTab.Button"  										value="//div[contains(@class,'is-container-for-notifications-tab')]"/>
		<WebElement name="CommonComponents.NotificationsTab.Icon"  											value="//span[contains(@class,'is-container-for-notification-icon')]"/>
		<WebElement name="CommonComponents.NotificationsTab.NewIcon"  										value="//span[contains(@class,'is-container-for-new-notification-icon')]"/>
		<WebElement name="CommonComponents.NotificationsTab.CloseButton"  									value="//span[contains(@class,'is-container-for-close-icon icon-closedialog')]"/>
		<WebElement name="CommonComponents.NotificationsTab.Count"											value="//span[contains(@class,'is-container-for-notifications-count')]"/>
		<WebElement name="CommonComponents.NotificationsTab.Spinner"										value="//div[contains(@class,'is-container-for-notifications-spinner')]"/>
		<WebElement name="CommonComponents.NotificationsTab.List"  											value="//div[contains(@class,'is-container-for-notifications-list-items')]"/>
		<WebElement name="CommonComponents.NotificationsTab.List.ItemDetails"  								value="//div[contains(@class,'is-container-for-notifications-list-items')]//div[contains(@class,'is-container-for-notification-item-details')]"/>
		<WebElement name="CommonComponents.NotificationsTab.ListItems.DeleteBtn"							value="//div[contains(@class,'is-container-for-notifications-list-items')]//a[contains(@class, 'is-link-for-clear')]"/>
		<WebElement name="CommonComponents.NotificationsTab.ListItems.AnyTitle"								value="//span[contains(@class,'is-container-for-notification-name') and contains(text(),'v.anyTitle')]"/>
		<WebElement name="CommonComponents.NotificationsTab.ListItems.AnyTitle.DownloadLink"				value="//span[contains(@class,'is-container-for-notification-name') and contains(text(),'v.anyTitle')]/ancestor::div[contains(@class,'is-container-for-notification-item-details')]/descendant::span[contains(@class,'is-container-for-notification-progress-retry')]/a"/>
		<WebElement name="CommonComponents.NotificationsTab.ListItems.AnyTitle.ProgressBar"					value="//span[contains(@class,'is-container-for-notification-name') and contains(text(),'v.anyTitle')]/ancestor::div[contains(@class,'is-container-for-notification-item-details')]/descendant::span[contains(@class,'is-container-for-notification-progress-retry')]/progress"/>
		<WebElement name="CommonComponents.NotificationsTab.ListItems.AnyTitle.CancelBtn"					value="//span[contains(@class,'is-container-for-notification-name') and contains(text(),'v.anyTitle')]/ancestor::div[contains(@class,'is-container-for-notification-item-details')]/following::div[contains(@class,'is-container-for-notification-item-action')]/a[contains(@class,'is-link-for-cancel')]"/>
		<WebElement name="CommonComponents.NotificationsTab.ListItems.AnyTitle.ClearBtn"					value="//span[contains(@class,'is-container-for-notification-name') and contains(text(),'v.anyTitle')]/ancestor::div[contains(@class,'is-container-for-notification-item-details')]/following::div[contains(@class,'is-container-for-notification-item-action')]/a[contains(@class,'is-link-for-clear')]"/>
		<WebElement name="CommonComponents.NotificationsTab.ListItems.AnyTitle.FailedMessage"				value="//span[contains(@class,'is-container-for-notification-name') and contains(text(),'v.anyTitle')]/ancestor::div[contains(@class,'is-container-for-notification-item-details')]/descendant::span[contains(@class,'is-container-for-notification-message')]"/>
		<WebElement name="CommonComponents.NotificationsTab.ListItems.AnyTitle.FailedDetails"				value="//span[contains(@class,'is-container-for-notification-name') and contains(text(),'v.anyTitle')]/ancestor::div[contains(@class,'is-container-for-notification-item-details')]/descendant::span[contains(@class,'is-container-for-notification-progress-retry')]/a[1]"/>		
		<WebElement name="CommonComponents.NotificationsTab.ListItems.AnyTitle.FailedRetry"					value="//span[contains(@class,'is-container-for-notification-name') and contains(text(),'v.anyTitle')]/ancestor::div[contains(@class,'is-container-for-notification-item-details')]/descendant::span[contains(@class,'is-container-for-notification-progress-retry')]/a[2]"/>

		<!-- DeviceFreeze Wizard -->
		
		<WebElement name="CommonComponents.DeviceFreezeWizard" 												value="//div[contains(@class,'device-freeze-wizard')]" />
		<WebElement name="CommonComponents.DeviceFreezeWizard.SelectMessageBtn" 							value="//div[contains(@class,'is-select-for-device-freeze-message')]/a" />
		<WebElement name="CommonComponents.DeviceFreezeWizard.DropDownOpen" 								value="//div[contains(@class,'dropdown-open')]" />
		<WebElement name="CommonComponents.DeviceFreezeWizard.Message1" 									value="//li[contains(@class,'is-option-for-device-freeze-message')][1]" />
		<WebElement name="CommonComponents.DeviceFreezeWizard.QAAutomationCustomMessage" 					value="//li[contains(@class,'is-option-for-device-freeze-message')]//descendant::div[text()='QA_Automation']" />
		<WebElement name="CommonComponents.DeviceFreezeWizard.QAAutomationDFMessage" 					    value="//li[contains(@class,'is-option-for-device-freeze-message')]//descendant::div[contains(text(),'%s')]" />
		<WebElement name="CommonComponents.DeviceFreezeWizard.MessageNameTextBox"  							value="//div[contains(@class,'device-freeze-wizard')]//input[contains(@class,'is-input-for-message-name ')]"/>
		<WebElement name="CommonComponents.DeviceFreezeWizard.MessageContentTextBox"  						value="//body[contains(@class,'is-input-for-message-content')]"/>
		<WebElement name="CommonComponents.DeviceFreezeWizard.SaveMessageCheckbox"  						value="//div[contains(@class,'device-freeze-wizard')]//input[contains(@class,'is-checkbox-for-save-message')]"/>	
		<WebElement name="CommonComponents.DeviceFreezeWizard.NextButton"  									value="//div[contains(@class,'device-freeze-wizard')]//button[contains(@class,'is-button-for-next')]"/>
		<WebElement name="CommonComponents.DeviceFreezeWizard.EditButton"  									value="//div[contains(@class,'device-freeze-wizard')]//button[contains(@class,'is-button-for-edit')]"/>
		<WebElement name="CommonComponents.DeviceFreezeWizard.DeleteButton"	   								value="//div[contains(@class,'device-freeze-wizard')]//button[contains(@class,'is-button-for-delete')]"/>
		<WebElement name="CommonComponents.DeviceFreezeWizard.DeleteButtonConfirm"                          value="//div[contains(@class,'device-freeze-wizard')]//button[contains(@class,'is-button-for-delete-confirm')]"/>
		<WebElement name="CommonComponents.DeviceFreezeWizard.DeleteButtonCancel"                           value="//div[contains(@class,'device-freeze-wizard')]//button[contains(@class,'is-button-for-delete-cancel')]"/>
		<WebElement name="CommonComponents.DeviceFreezeWizard.MessageName"                                  value="//div[contains(@class,'is-device-freeze-set-message')]//p[contains(@class,'is-message-name')]"/>
		<WebElement name="CommonComponents.DeviceFreezeWizard.DuplicateButton"                              value="//div[contains(@class,'device-freeze-wizard')]//button[contains(@class,'is-button-for-duplicate')]"/>

		<WebElement name="CommonComponents.DeviceFreezeWizard.PreviousButton"  								value="//div[contains(@class,'device-freeze-wizard')]//button[contains(@class,'is-button-for-previous')]"/>
		<WebElement name="CommonComponents.DeviceFreezeWizard.CancelButton"                                 value="//div[contains(@class,'modal-footer')]//button[contains(@class,'is-button-for-cancel')] | //div[contains(@class,'dialog-footer__button')]//button[contains(@class,'is-button-for-cancel')]"/>
		<WebElement name="CommonComponents.DeviceFreezeWizard.CloseButton"  								value="//a[contains(@class,'is-close-button')]"/>
		<WebElement name="CommonComponents.DeviceFreezeWizard.UnfreezeCodeDropdownBtn"  					value="//div[contains(@class,'is-select-for-unfreeze-code')]//a"/>
		<WebElement name="CommonComponents.DeviceFreezeWizard.RandomUnfreezeCodeMultipleDevices"  			value="//li[contains(@class,'is-option-for-search-randomforall')]"/>	
		<WebElement name="CommonComponents.DeviceFreezeWizard.RandomUnfreezeCode" 							value="//li[contains(@class,'is-option-for-search-randomforeach')]"/>
		
		<WebElement name="CommonComponents.DeviceFreezeWizard.CustomUnfreezeCode"  							value="//li[contains(@class,'is-option-for-search-userdefined')]"/>
		<WebElement name="CommonComponents.DeviceFreezeWizard.CustomUnfreezeCodeInput"  					value="//input[contains(@class,'is-input-for-unfreeze-code')]"/>
		<WebElement name="CommonComponents.DeviceFreezeWizard.StatusEmailsCheckbox"  						value="//input[contains(@class,'is-checkbox-for-send-email')]"/>
		<WebElement name="CommonComponents.DeviceFreezeWizard.StatusEmailsTextbox"                          value="//input[contains(@class,'is-input-for-email')]"/>
		
		<WebElement name="CommonComponents.DeviceFreezeWizard.ImpactLevelDropdownBtn"  						value="//div[contains(@class,'is-select-for-user-impact-level')]//a"/>
		<WebElement name="CommonComponents.DeviceFreezeWizard.RebootImpactLevel"  							value="//li[contains(@class,'is-option-for-search-reboot')]"/>
		<WebElement name="CommonComponents.DeviceFreezeWizard.NoRebootImpactLevel"  						value="//li[contains(@class,'is-option-for-search-noreboot')]"/>
		<WebElement name="CommonComponents.DeviceFreezeWizard.RequestName"  								value="//div[contains(@class,'device-freeze-wizard')]//input[contains(@class,'is-input-for-device-freeze-name')]"/>
		<WebElement name="CommonComponents.DeviceFreezeWizard.AuthorizationCode"  							value="//input[contains(@class,'is-input-for-auth-code')]"/>
		<WebElement name="CommonComponents.DeviceFreezeWizard.UserPassword"  								value="//input[contains(@class,'is-input-for-password')]"/>		
		<WebElement name="CommonComponents.DeviceFreezeWizard.UserConsent"  								value="//input[contains(@class,'is-checkbox-for-consent')]"/>		
		<WebElement name="CommonComponents.DeviceFreezeWizard.FreezeDeviceList.Column.Identifier"  			value="//div[contains(@class,'is-container-for-device-freeze-submit')]//th[@data-column-name='identifier']"/>		
		<WebElement name="CommonComponents.DeviceFreezeWizard.FreezeDeviceList.Column.SerialNumber"  		value="//div[contains(@class,'is-container-for-device-freeze-submit')]//th[@data-column-name='serialNumber']"/>		
		<WebElement name="CommonComponents.DeviceFreezeWizard.FreezeDeviceList.Column.DeviceName"  			value="//div[contains(@class,'is-container-for-device-freeze-submit')]//th[@data-column-name='deviceName']"/>		
		<WebElement name="CommonComponents.DeviceFreezeWizard.FreezeDeviceList.Column.Username"  			value="//div[contains(@class,'is-container-for-device-freeze-submit')]//th[@data-column-name='username']"/>		
		<WebElement name="CommonComponents.DeviceFreezeWizard.FreezeDeviceList.Column.Status"  				value="//div[contains(@class,'is-container-for-device-freeze-submit')]//th[@data-column-name='dfStatus.calcStatus']"/>
		<WebElement name="CommonComponents.DeviceFreezeWizard.FreezeDeviceList.Column.ReportedStolen"       value="//div[contains(@class,'is-container-for-device-freeze-submit')]//th[@data-column-name='isStolen']"/>
		<WebElement name="CommonComponents.DeviceFreezeWizard.FreezeDeviceList.Column.ReportedStolenValue"  value="//div[contains(@class,'is-container-for-device-freeze-submit')]//tr[contains(@data-automation-id,'QA_Automation')]//td[@data-name='isStolen']" />

		<WebElement name="CommonComponents.DeviceFreezeWizard.FreezeDeviceList.Column.Freeze"  				value="//div[contains(@class,'is-container-for-device-freeze-submit')]//th[contains(@class,'is-container-for-control')]"/>		
		<WebElement name="CommonComponents.DeviceFreezeWizard.FreezeDeviceList.Row.QAAutomationDeviceID"  	value="//div[contains(@class,'is-container-for-device-freeze-submit')]//tr[@data-automation-id='QA_Automation']//td[@data-name='identifier']"/>		
		<WebElement name="CommonComponents.DeviceFreezeWizard.FreezeDeviceList.Row.FreezeCheckbox"  	    value="//div[contains(@class,'is-container-for-device-freeze-submit')]//tr[@data-automation-id='QA_Automation']//td//input[@class='is-select-checkbox']"/>

		<!-- Classic CC web elements -->
		<WebElement name="CommonComponents.DeviceFreezeRequestDialog"										value="//div[contains(@id,'ctl00_bodyContent_usrDeviceLockRequestDetails_dlgSelectDevices')]"/>
		<WebElement name="CommonComponents.DeviceFreezeRequestDialog.CancelBtn" 							value="//div[contains(@id,'ctl00_bodyContent_usrDeviceLockRequestDetails_dlgSelectDevices')]//input[contains(@id,'btnCancel')]" />

		<!-- Cancel Request Wizard-->
		<WebElement name="CommonComponents.CancelFreezeWizard" 												value="//div[contains(@class,'cancel-freeze-modal')]" />
		<WebElement name="CommonComponents.CancelFreezeWizard.ContinueButton"  								value="//div[contains(@class,'cancel-freeze-modal')]//button[contains(@class,'is-button-for-next')]"/>
		<WebElement name="CommonComponents.CancelFreezeWizard.CancelButton"  								value="//div[contains(@class,'cancel-freeze-modal')]//button[contains(@class,'is-button-for-cancel')]"/>
		<WebElement name="CommonComponents.CancelFreezeWizard.CloseButton"  								value="//div[contains(@class,'cancel-freeze-modal')]//a[contains(@class,'is-close-button')]"/>

		<WebElement name="CommonComponents.CancelFreezeWizard.CancelWizardDeviceList.Column.Identifier"  	value="//div[contains(@class,'is-container-for-cancel-device-freeze')]//th[@data-column-name='identifier']"/>
		<WebElement name="CommonComponents.CancelFreezeWizard.CancelWizardDeviceList.Column.SerialNumber"  	value="//div[contains(@class,'is-container-for-cancel-device-freeze')]//th[@data-column-name='serialNumber']"/>

		<WebElement name="CommonComponents.CancelFreezeWizard.CancelWizardDeviceList.Column.DeviceName"  	value="//div[contains(@class,'is-container-for-cancel-device-freeze')]//th[@data-column-name='deviceName']"/>
		<WebElement name="CommonComponents.CancelFreezeWizard.CancelWizardDeviceList.Column.Username"  		value="//div[contains(@class,'is-container-for-cancel-device-freeze')]//th[@data-column-name='username']"/>
		<WebElement name="CommonComponents.CancelFreezeWizard.CancelWizardDeviceList.Column.Status"  		value="//div[contains(@class,'is-container-for-cancel-device-freeze')]//th[@data-column-name='dfStatus.calcStatus']"/>


		<WebElement name="CommonComponents.CancelFreezeWizard.CancelWizardDeviceList.Column.Cancel"  		value="//div[contains(@class,'is-container-for-cancel-device-freeze')]//th[contains(@class,'is-container-for-control')]"/>
		<WebElement name="CommonComponents.CancelFreezeWizard.CancelWizardDeviceList.Row.QAAutomationDeviceID"  	value="//div[contains(@class,'is-container-for-cancel-device-freeze')]//tr[@data-automation-id='QA_Automation']//td[@data-name='identifier']"/>
		<WebElement name="CommonComponents.CancelFreezeWizard.CancelWizardDeviceList.Row.CancelRequestCheckbox"  	    value="//div[contains(@class,'is-container-for-cancel-device-freeze')]//tr[@data-automation-id='QA_Automation']//td//input[@class='is-select-checkbox']"/>

		<!-- Unfreeze Device Wizard-->
		<WebElement name="CommonComponents.UnfreezeDeviceWizard" 						value="//div[contains(@class,'unfreeze-device-modal')]" />
		<WebElement name="CommonComponents.UnfreezeDeviceWizard.ContinueButton"  		value="//div[contains(@class,'unfreeze-device-modal')]//button[contains(@class,'is-button-for-next')]"/>
		<WebElement name="CommonComponents.UnfreezeDeviceWizard.CancelButton"  			value="//div[contains(@class,'unfreeze-device-modal')]//button[contains(@class,'is-button-for-cancel')]"/>
		<WebElement name="CommonComponents.UnfreezeDeviceWizard.UnfreezeDeviceWizardDevicesList.Column.Identifier"  		 value = "//div[contains(@class,'is-container-for-unfreeze-device')]//th[@data-column-name='identifier']"/>
		<WebElement name="CommonComponents.UnfreezeDeviceWizard.UnfreezeDeviceWizardDevicesList.Column.SerialNumber"  		 value = "//div[contains(@class,'is-container-for-unfreeze-device')]//th[@data-column-name='serialNumber']"/>
		<WebElement name="CommonComponents.UnfreezeDeviceWizard.UnfreezeDeviceWizardDevicesList.Column.DeviceName"  		 value = "//div[contains(@class,'is-container-for-unfreeze-device')]//th[@data-column-name='deviceName']"/>
		<WebElement name="CommonComponents.UnfreezeDeviceWizard.UnfreezeDeviceWizardDevicesList.Column.Username"  			 value = "//div[contains(@class,'is-container-for-unfreeze-device')]//th[@data-column-name='username']"/>
		<WebElement name="CommonComponents.UnfreezeDeviceWizard.UnfreezeDeviceWizardDevicesList.Column.Status"  			 value = "//div[contains(@class,'is-container-for-unfreeze-device')]//th[@data-column-name='dfStatus.calcStatus']"/>
		<WebElement name="CommonComponents.UnfreezeDeviceWizard.UnfreezeDeviceWizardDevicesList.Column.Unfreeze"  			  value = "//div[contains(@class,'is-container-for-unfreeze-device')]//th[contains(@class,'is-container-for-control')]"/>
		<WebElement name="CommonComponents.UnfreezeDeviceWizard.UnfreezeDeviceWizardDevicesList.Row.QAAutomationDeviceID"  	  value = "//div[contains(@class,'is-container-for-unfreeze-device')]//tr[@data-automation-id='QA_Automation']//td[@data-name='identifier']"/>
		<WebElement name="CommonComponents.UnfreezeDeviceWizard.UnfreezeDeviceWizardDevicesList.Row.UnfreezeRequestCheckbox"  value = "//div[contains(@class,'is-container-for-unfreeze-device')]//tr[@data-automation-id='QA_Automation']//td//input[@class='is-select-checkbox']"/>

		<!-- Bottom NavPane elements-->
		<WebElement name="CommonComponents.NavPane.Search.Icon" 												value="//a[contains(@class,'bottom-item--search-btn')]" />
		<WebElement name="CommonComponents.NavPane.Search.Input" 											value="//div[contains(@class,'bottom-container')]//a[contains(@class,'bottom-item--search-textbox')]//input | //input[contains(@class,'list-filter')]" />
		<WebElement name="CommonComponents.NavPane.Search.NoResult" 											value="//div[contains(@class,'list-nav__navigation')]//span[contains(@class,'name no-result')]" />
		<WebElement name="CommonComponents.NavPane.AddButton" 												value="//a[contains(@class,'bottom-item--add-btn')]"/>
		<WebElement name="CommonComponents.NavPane.CreatePolicyGroup" 										value="//div[contains(@class,'icon-create-policy-group')]"/>

		<!-- DDS5 -->
		<WebElement name="CommonComponents.DDS5.ProgressBar"										        value="//div[contains(@id,'upProgress') and @aria-hidden = 'false']"/>
		<WebElement name="CommonComponents.unauthorized" 							value="//div[contains(@class, 'un-authorize-error-container')]" />
		<WebElement name="CommonComponents.ConfirmationModal.Body"															value="//div[contains(@class,'modal-dialog__body')]/p" />
		<WebElement name="CommonComponents.SecondaryMenuList"                      value="//div[@id='leftPanelSecondary']"/>
		<WebElement name="CommonComponents.NavPane.ItemLabels" 				value="//a[contains(@class,'nested-list-item')]//*[contains(@class,'label')] | //li[contains(@class,'list-navigation-item')]//*[contains(@class,'name')]" />
		<WebElement name="CommonComponents.NavPane.ItemLabelByPosition" 	value="(//a[contains(@class,'nested-list-item')]//*[contains(@class,'label')] | //li[contains(@class,'list-navigation-item')]//*[contains(@class,'name')])[%d]" />

		<WebElement name="CommonComponents.LeftItemLink"                                                                    value="//a[contains(@data-automation-id,'nested-list-item')]//div[contains(@class,'label') and contains(text(),'auto_name')]"/>
		<WebElement name="CommonComponents.ModalDialog"                      value="//div[contains(@class,'modal-dialog')]"/>
	</WebElements>

</WebElementMap>