<WebElementMap name="DDS WebUI Element Mapping - DDS5 Data Delete Map" description="">
    <WebElements>

        <!-- File List Summary Report Page - Add Details Section -->
        <WebElement name="DDS5.FileListSummaryReport.Filter.FieldsDropdown"
                    value="//select[@id='ctl00_ctl00_bodyContent_cpSearch_searchCriteriaContent_usrDataboundSearchCriteria_ctl02_usrItem_usrEsnChooseFields_userField_ddlValues']"/>
        <WebElement name="DDS5.FileListSummaryReport.Filter.FieldsValueTxt"
                    value="//input[@id='ctl00_ctl00_bodyContent_cpSearch_searchCriteriaContent_usrDataboundSearchCriteria_ctl02_usrItem_usrEsnChooseFields_userField_tbxValue']"/>
        <WebElement name="DDS5.FileListSummaryReport.Filter.RequestNameTxt"
                    value="//input[@id='ctl00_ctl00_bodyContent_cpSearch_searchCriteriaContent_usrDataboundSearchCriteria_ctl03_usrItem_txtRequestName']"/>
        <WebElement name="DDS5.FileListSummaryReport.Filter.ShowResultBtn"
                    value="//input[@class='buttonShowResults']"/>


        <WebElement name="DDS5.FileListSummaryReport.ResultTable.Results.Identifier"
                    value="//a[@id='ctl00_ctl00_bodyContent_resultsContent_gvFileListResults_gvResults_ctl02_lnkbtnEsn']"/>
        <WebElement name="DDS5.FileListSummaryReport.ResultTable.Results.RequestName"
                    value="//table[@id='ctl00_ctl00_bodyContent_resultsContent_gvFileListResults_gvResults']//tr[contains(.,'%s')]/td[%s]"/>
        <WebElement name="DDS5.FileListSummaryReport.ResultTable.Results.Status"
                    value="//table[@id='ctl00_ctl00_bodyContent_resultsContent_gvFileListResults_gvResults']//tr[contains(.,'%s')]/td[%s]"/>
        <WebElement name="DDS5.FileListSummaryReport.ResultTable.Results.ActionLnk"
                    value="//a[@id='ctl00_ctl00_bodyContent_resultsContent_gvFileListResults_gvResults_ctl02_lnkbtnAction']"/>

        <WebElement name="DDS5.FileListSummaryReport.WarningDialog.ConfirmCancelButton"
                    value="//input[@id='ctl00_ctl00_bodyContent_resultsContent_dlgConfirmCancel_btnOK']"/>
        <WebElement name="DDS5.FileListSummaryReport.WarningDialog.ConfirmRemoveButton"
                    value="//input[@id='ctl00_ctl00_bodyContent_resultsContent_dlgConfirmDelete_btnOK']"/>


        <!-- Request File List Page - Add Details Section -->
        <WebElement name="DDS5.RequestFileList.SubmitTopBtn"
                    value="//input[@id='ctl00_bodyContent_btnSubmitTop']"/>


        <WebElement name="DDS5.RequestFileList.RequestNameTxt"
                    value="//input[@id='ctl00_bodyContent_txtFileListRequestName']"/>
        <WebElement name="DDS5.RequestFileList.ChooseDeviceBtn"
                    value="//input[@id='ctl00_bodyContent_usrEsnChooseFields_userField_btnChoose']"/>
        <WebElement name="DDS5.RequestFileList.Dialog.IdentifierTxt"
                    value="//input[@id='ctl00_bodyContent_usrEsnChooseFields_userField_usrFieldsFilterModal_ctl00_tbxFilter']"/>
        <WebElement name="DDS5.RequestFileList.Dialog.FilterBtnn"
                    value="//input[@id='ctl00_bodyContent_usrEsnChooseFields_userField_usrFieldsFilterModal_ctl00_btnFilter']"/>
        <WebElement name="DDS5.RequestFileList.Dialog.FirstRecord"
                    value="//table[@id='ctl00_bodyContent_usrEsnChooseFields_userField_usrFieldsFilterModal_ctl00_userChooseResults_gvResults']//tr[contains(.,'%s')]"/>
        <WebElement name="DDS5.RequestFileList.Dialog.FirstRecordIdentifiert"
                    value="//table[@id='ctl00_bodyContent_usrEsnChooseFields_userField_usrFieldsFilterModal_ctl00_userChooseResults_gvResults']//td[text()='%s']"/>
        <WebElement name="DDS5.RequestFileList.SelectVolumeMenuItem"
                    value="//select[@id='ctl00_bodyContent_ddlOtherDrives']"/>
        <WebElement name="DDS5.RequestFileList.MSWordFilterChk"
                    value="//input[@id='ctl00_bodyContent_cblMSFilter_0']"/>
        <WebElement name="DDS5.RequestFileList.CorelDrawFilterChk"
                    value="//input[@id='ctl00_bodyContent_cblOtherFilter_2']"/>



    </WebElements>
</WebElementMap>
