<WebElementMap name="DDS WebUI Element Mapping - DDS5 Data Delete Map" description="">
    <WebElements>

        <!-- Data Delete Summary Report Page - Add Details Section -->
        <WebElement name="DDS5.DataDeleteSummaryReport.Filter.GroupFieldsDropdown"
                    value="//select[@id='ctl00_ctl00_bodyContent_cpSearch_searchCriteriaContent_usrSearchCriteria_ddlEsnGroups']"/>
        <WebElement name="DDS5.DataDeleteSummaryReport.Filter.FieldsDropdown"
                    value="//select[@id='ctl00_ctl00_bodyContent_cpSearch_searchCriteriaContent_usrSearchCriteria_usrFields_ddlValues']"/>
        <WebElement name="DDS5.DataDeleteSummaryReport.Filter.FieldsValueTxt"
                    value="//input[@id='ctl00_ctl00_bodyContent_cpSearch_searchCriteriaContent_usrSearchCriteria_usrFields_tbxValue']"/>
        <WebElement name="DDS5.DataDeleteSummaryReport.Filter.RequestNameTxt"
                    value="//input[@id='ctl00_ctl00_bodyContent_cpSearch_searchCriteriaContent_usrSearchCriteria_tbxRequestName']"/>
        <WebElement name="DDS5.DataDeleteSummaryReport.Filter.ShowResultBtn"
                    value="//input[@class='buttonShowResults']"/>
        <WebElement name="DDS5.DataDeleteSummaryReport.ResultTable.Header.RequestNameLnk"
                    value="//a[contains(.,'Request Name')]"/>
        <WebElement name="DDS5.DataDeleteSummaryReport.ResultTable.Header.RequestNameSortIcon"
                    value="//a[contains(.,'Request Name')]/img[contains(@src, 'SortUp')]"/>
        <WebElement name="DDS5.DataDeleteSummaryReport.ResultTable.Results.Identifier"
                    value="//a[@id='ctl00_ctl00_bodyContent_resultsContent_gvDataDeleteSummary_gvResults_ctl02_lnkIdentifier']"/>
        <WebElement name="DDS5.DataDeleteSummaryReport.ResultTable.Results.RequestName"
                    value="//table[@id='ctl00_ctl00_bodyContent_resultsContent_gvDataDeleteSummary_gvResults']//tr[contains(.,'%s')]/td[%s]"/>
        <WebElement name="DDS5.DataDeleteSummaryReport.ResultTable.Results.ViewLnk"
                    value="//a[@id='ctl00_ctl00_bodyContent_resultsContent_gvDataDeleteSummary_gvResults_ctl02_lnkbtnview']"/>

        <!-- Data Delete Details Page - Add Details Section -->
        <WebElement name="DDS5.DataDeleteSummaryReport.DataDeleteDetails.CancelRequestBtn"
                    value="//input[@id='ctl00_bodyContent_btnCancelRequestBottom']"/>
        <WebElement name="DDS5.DataDeleteSummaryReport.DataDeleteDetails.OKBtn"
                    value="//input[@id='ctl00_bodyContent_btnOK']"/>
        <WebElement name="DDS5.DataDeleteSummaryReport.DataDeleteDetails.RemoveDetailsBtn"
                    value="//input[@id='ctl00_bodyContent_btnDeleteRequestBottom']"/>
        <WebElement name="DDS5.DataDeleteSummaryReport.DataDeleteDetails.ConfirmDeleteRequestBtn"
                    value="//input[@id='ctl00_bodyContent_btnConfirmDeleteRequest']"/>


        <!-- Request Data Delete Page - Add Details Section -->
        <WebElement name="DDS5.RequestDataDelete.ContinueTopBtn"
                    value="//input[@id='ctl00_bodyContent_btnSetDataDeleteTop']"/>
        <WebElement name="DDS5.RequestDataDelete.CancelTopBtn"
                    value="//input[@id='ctl00_bodyContent_btnCancelTop']"/>
        <WebElement name="DDS5.RequestDataDelete.RequestCodeBtn"
                    value="//input[@id='ctl00_bodyContent_usrDataDeleteRequestAuthorizationCode_btnRequestCode']"/>
        <WebElement name="DDS5.RequestDataDelete.RequestCodeWarningLbl"
                    value="//span[@id='ctl00_bodyContent_usrDataDeleteRequestAuthorizationCode_lblWarningNote']"/>
        <WebElement name="DDS5.RequestDataDelete.RequestNameTxt"
                    value="//input[@id='ctl00_bodyContent_usrDataDeleteRequestName_tbxRequestName']"/>
        <WebElement name="DDS5.RequestDataDelete.ReasonDropdown"
                    value="//select[@id='ctl00_bodyContent_usrDataDeleteRequestName_ddlDataDeleteReasons']"/>
        <WebElement name="DDS5.RequestDataDelete.SelectDeviceBtn"
                    value="//input[@id='ctl00_bodyContent_usrDataDeleteSelectDetail_btnSelectDevice']"/>
        <WebElement name="DDS5.RequestDataDelete.GroupDropdown"
                    value="//select[@id='ctl00_bodyContent_usrDataDeleteSelectDetail_mbSelectDeviceDialog_ddlRequestEsnGroups']"/>
        <WebElement name="DDS5.RequestDataDelete.fieldsDropdown"
                    value="//select[@id='ctl00_bodyContent_usrDataDeleteSelectDetail_mbSelectDeviceDialog_ddlAndTheField']"/>
        <WebElement name="DDS5.RequestDataDelete.IdentifierTxt"
                    value="//input[@id='ctl00_bodyContent_usrDataDeleteSelectDetail_mbSelectDeviceDialog_txtRequestFieldValue']"/>
        <WebElement name="DDS5.RequestDataDelete.FilterBtn"
                    value="//input[@id='ctl00_bodyContent_usrDataDeleteSelectDetail_mbSelectDeviceDialog_btnRequestFilter']"/>
        <WebElement name="DDS5.RequestDataDelete.Dialog.FirstRecordIdentifierLnk"
                    value="//a[@id='ctl00_bodyContent_usrDataDeleteSelectDetail_mbSelectDeviceDialog_gvRequest_gvResults_ctl02_lnkbtnEsn']"/>
        <WebElement name="DDS5.RequestDataDelete.FirstRecordCheckbox"
                    value="//input[@id='ctl00_bodyContent_usrDataDeleteSelectDetail_mbSelectDeviceDialog_gvRequest_gvResults_ctl02_cbSelect']"/>
        <WebElement name="DDS5.RequestDataDelete.ContinueDialogBtn"
                    value="//input[@id='ctl00_bodyContent_usrDataDeleteSelectDetail_mbSelectDeviceDialog_btnOK']"/>
        <WebElement name="DDS5.RequestDataDelete.SelectDevicesTbl"
                    value="//select[@id='ctl00_bodyContent_usrDataDeleteSelectDetail_mbSelectDeviceDialog_ddlAndTheField']"/>
        <WebElement name="DDS5.RequestDataDelete.IdentifierLnk"
                    value="//a[@id='ctl00_bodyContent_usrDataDeleteSelectDetail_gvRequestResult_gvResults_ctl02_lnkbtnEsn']"/>
        <WebElement name="DDS5.RequestDataDelete.DataDeleteSettings.Windows.CustomPolicyRb"
                    value="//input[@id='ctl00_bodyContent_usrDataDeleteSettings_TabContainer1_TabPanel1_usrDataDeleteSettingsWindowsPC_rbSpecificFilesAndDirectories']"/>
        <WebElement name="DDS5.RequestDataDelete.DataDeleteSettings.Windows.CustomPolicyMenuItem"
                    value="//select[@id='ctl00_bodyContent_usrDataDeleteSettings_TabContainer1_TabPanel1_usrDataDeleteSettingsWindowsPC_ddlDataDeletePolicyName']"/>
        <WebElement name="DDS5.RequestDataDelete.DataDeleteSettings.Windows.VerifyCustomPolicyTxt"
                    value="//div[@id='divLblDataDeletePolicyItems']//fieldset[contains(.,'%s')]"/>
        <WebElement name="DDS5.RequestDataDelete.DataDeleteSettings.Windows.CustomPolicyTxt"
                    value="//div[@id='divLblDataDeletePolicyItems']//fieldset"/>
        <WebElement name="DDS5.RequestDataDelete.DataDeleteSettings.Windows.IgnoreHDDSerialNumberChk"
                    value="//input[@id='ctl00_bodyContent_usrDataDeleteSettings_TabContainer1_TabPanel1_usrDataDeleteSettingsWindowsPC_chkIgnoreHardDriveSerialNumber']"/>
        <WebElement name="DDS5.RequestDataDelete.DataDeleteSettings.AcceptAgreementChk"
                    value="//input[@id='ctl00_bodyContent_usrDataDeleteValidation_chkAcceptAgreement']"/>
        <WebElement name="DDS5.RequestDataDelete.DataDeleteSettings.ContinueConfirmBtn"
                    value="//input[@id='ctl00_bodyContent_msgConfirm_btnOK']"/>
        <WebElement name="DDS5.RequestDataDelete.DataDeleteSettings.Confirm.PasswordTxt"
                    value="//input[@id='ctl00_bodyContent_usrAuthenticateUser_txtPassword']"/>
        <WebElement name="DDS5.RequestDataDelete.DataDeleteSettings.Confirm.AuthorizationCodeTxt"
                    value="//input[@id='ctl00_bodyContent_usrAuthenticateUser_txtAuthorizationCode']"/>
        <WebElement name="DDS5.RequestDataDelete.DataDeleteSettings.Confirm.SubmitDataDeleteRequestBtn"
                    value="//input[@id='ctl00_bodyContent_usrAuthenticateUser_btnOK']"/>
        <WebElement name="DDS5.RequestDataDelete.DataDeleteSettings.Confirm.CancelCreateDataDeleteRequest"
                    value="//input[@id='ctl00_bodyContent_msgConfirm_btnCancel']"/>

        <WebElement name="AuthorizationCode.RequestCodeButton"
                    value="//input[@id='ctl00_bodyContent_btnRequest']"/>

        <!-- Create and Edit Data Delete Policies -->
        <WebElement name="CreateEditDataDeletePolicies.PolicyNameTxt"
                    value="//input[contains(@id,'txtPolicyName')]"/>
        <WebElement name="CreateEditDataDeletePolicies.PolicyDescription"
                    value="//textarea[contains(@id,'txtPolicyDescription')]"/>
        <WebElement name="CreateEditDataDeletePolicies.PreDefinedDataDeleteLbl"
                    value="//span[contains(@id,'lblPreDefinedDataDelete')]"/>
        <WebElement name="CreateEditDataDeletePolicies.PreDefinedDataDeleteChk"
                    value="//input[contains(@id,'cblPreDefined')]"/>
        <WebElement name="CreateEditDataDeletePolicies.ListCustomDDTxt"
                    value="//textarea[contains(@id,'txtSelectedDataDeletes_Custom')]"/>
        <WebElement name="CreateEditDataDeletePolicies.RegistryDDLbl"
                    value="//span[contains(@id,'lblRegistryDataDeletes')]"/>
        <WebElement name="CreateEditDataDeletePolicies.RegistryDDCbx"
                    value="//select[contains(@id,'RegistryDataDeletelist')]"/>
        <WebElement name="CreateEditDataDeletePolicies.RegistryDDTxt"
                    value="//input[contains(@id,'txtRegistryDataDeletelist')]"/>
        <WebElement name="CreateEditDataDeletePolicies.RegistryAddBtn"
                    value="//input[contains(@id,'RegistryDataDeletelistAdd')]"/>
        <WebElement name="CreateEditDataDeletePolicies.ExcludedFolderLbl"
                    value="//span[contains(@id,'lblDataDeleteExcludes')]"/>
        <WebElement name="CreateEditDataDeletePolicies.ExcludedFolderTxt"
                    value="//textarea[contains(@id,'txtDataDeleteExcludesList')]"/>
        <WebElement name="CreateEditDataDeletePolicies.PerformAdditionalDeletionsChk"
                    value="//input[contains(@id,'chkAdditionalDeletions')]"/>
        <WebElement name="CreateEditDataDeletePolicies.MakeTargetDeviceUnbootableChk"
                    value="//input[contains(@id,'bodyContent_chkNoBoot')]"/>
        <WebElement name="CreateEditDataDeletePolicies.DoNotForceRebootChk"
                    value="//input[contains(@id,'chkDoNotForceReboot')]"/>
        <WebElement name="CreateEditDataDeletePolicies.SaveBtn"
                    value="//input[contains(@id,'btnSaveBottom')]"/>
        <WebElement name="CreateEditDataDeletePolicies.DeleteBtn"
                    value="//input[contains(@id,'ctl00_bodyContent_btnDeleteTop')]"/>
        <WebElement name="CreateEditDataDeletePolicies.ConfirmDeleteOkBtn"
                    value="//input[contains(@id,'dlgDeleteConfirmation_btnOK')]"/>

        <!-- View and Manage Data Delete Policies -->
        <WebElement name="ViewManageDataDeletePolicies.PolicyNameText"
                    value="//table[contains(@id,'gvDataDeletePolicyItems_gvResults')]//td[.='%s']"/>
        <WebElement name="ViewManageDataDeletePolicies.ViewPolicyBtn"
                    value="//table[contains(@id,'gvDataDeletePolicyItems_gvResults')]//td[.='%s']//..//td/a"/>

    </WebElements>
</WebElementMap>
