<WebElementMap name="NextGen WebUI Element Mapping - HelpAndSupport Map" description="" >

    <WebElements>
        <WebElement name="Navigation.Bar.HelpAndSupportLi"                      value="//li[contains(@class,'is-helpandsupport-nav-list-item')]"/>
        <WebElement name="HelpAndSupport.Training.LearnByFeature"               value="//a[contains(@class, 'learning-hub-block__button')][1]"/>
        <WebElement name="HelpAndSupport.Training.LearnByWorkFlow"              value="//a[contains(@class, 'learning-hub-block__button')][2]"/>
        <WebElement name="Support.LinkText"						                value="//a[text()='%s']"/>
        <WebElement name="Support.CustomHeader"						            value="//div[@class='regularFormTopHeader' and text()='%s']"/>

        <WebElement name="HelpAndSupport.Doc.PageHeader"						    value="//a[contains(@href,'cshid=1119')]"/>
        <WebElement name="HelpAndSupport.Doc.ConsoleHelp"						    value="//a[contains(@href,'cshid=1119')]"/>
        <WebElement name="HelpAndSupport.Doc.AgentInstallGuides"				    value="//a[contains(@href,'cshid=1117')]"/>
        <WebElement name="HelpAndSupport.Doc.ReleaseNotes"						    value="//a[contains(@href,'cshid=1116')]"/>
        <WebElement name="HelpAndSupport.Doc.TechnicalDocs"						    value="//a[contains(@href,'cshid=1118')]"/>
        <WebElement name="Support.CustomLink.ById"						            value="//a[@id='%s']"/>
    </WebElements>

</WebElementMap>
