<WebElementMap name="NextGen WebUI Element Mapping - Parallel Testing Maps" description="" >

	<WebElements>
		<!-- This section will contain elements present on main page regarding DDS5 and others which Dds5DeviceGroup Testing Team will use -->
		<WebElement name="DDS5.Common.SaveButtonBottom"			value="//input[@id='ctl00_bodyContent_btnSaveBottom']" />
		<WebElement name="DDS5.Common.DeleteButtonBtm"			value="//input[@id='ctl00_bodyContent_btnDeleteBottom']" />
		<WebElement name="DDS5.Common.DDS5DeleteDiagOK"			value="//input[contains(@id,'dlgErrorMessage_btnOK')]" />
		<WebElement name="DDS5.Common.ChooseDeviceButton"		value="//input[contains(@id,'btnChooseComputer')]" />
		<WebElement name="DDS5.Common.DeviceChooserList"		value="//table[contains(@id,'gvConditionChooserxx_gvResults')]/tbody/tr[@class='row' or @class='altrow']" />
		<WebElement name="DDS5.AdminDDS5"						value="//div[@nodeid='39']//span[text()='Administration']"	/>
		<WebElement name="DDS5.UsersDDS5"						value="//div[@nodeid='65']//span[text()='Users']"	/>

		<WebElement name="DDS5.AdminDDS5"						value="//div[@nodeid='39']"	/>
		<WebElement name="DDS5.UsersDDS5"						value="//div[@nodeid='65']"	/>
		<WebElement name="DDS5.LeftMenu.CreateAndEditUser"		value="//a[@nodeid='67']"/>
		<WebElement name="DDS5.LeftMenu.ViewAndManageUsers"		value="//a[@nodeid='66']"/>
		<WebElement name="DDS5.LeftMenu.Groups"			        value="//div[@nodeid='53']" />
		<WebElement name="DDS5.LeftMenu.CreateEditDeviceGroup"	value="//a[contains(@href,'CreateEditDeviceGroup.aspx')]"/>
		<WebElement name="DDS5.LeftMenu.DeviceGroups"	        value="//a[@nodeid='54']"/>

		<WebElement name="DDS5.DeviceGroup.DDS6GroupPage.FolderDropdownClosed"				value="//div[contains(@class,'row') and contains(@data-automation-id, 'Classic Groups')]/a[contains(@class,'jqtree-closed')]" />
		<WebElement name="DDS5.DeviceGroup.FirstIdentifier"				                    value="//tr[contains(@class,'is-record') and ./td[count(//table[contains(@class,'paged-table')]//th[@data-column-name='os.name']/preceding-sibling::*)+1][not(contains(.,'Android'))]]/td/a" />

		<WebElement name="DDS5.DataDeviceSecurity"				            value="//div[contains(@class, 'accordionHeaderLevel1')]/span[contains(text(),'Data and Device Security')]" />
		<WebElement name="DDS5.DataDeviceSecurity.DeviceFreeze"			value="//div[contains(@class, 'accordionHeaderLevel2')]/span[contains(text(),'Device Freeze')]" />
		<WebElement name="DDS5.DataDeviceSecurity.DeviceFreeze.DeviceFreezeSummary" value="//div[contains(@class, 'accordionDefaultLeaf')]/a[contains(text(),'Device Freeze Summary Report')]" />

		<WebElement name="DDS5.DeviceGroupsPage.GroupNameSearchTxb"	              value="//input[contains(@id,'usrSearchCriteria_txtGroupName')]" />
		<WebElement name="DDS5.DeviceGroupsPage.ShowResultsBtn"	                  value="//input[contains(@id,'usrSearchCriteria_btnSubmit')]" />
		<WebElement name="DDS5.DeviceGroupsPage.DeviceGroupLink"	                  value="//a[contains(@href,'CreateEditDeviceGroup.aspx') and contains(text(),'Automation_DeviceGroupName')]" />
		<WebElement name="URP.UnauthorizedError"	                              value="//h2[contains(@class,'dtb-view-name')] | //div[contains(@class,'system-message--error')] | //div[contains(@class,'is-load-error-container')]" />
		<WebElement name="DDS5.CreateEditDeviceGroupPage.ConfirmDeleteGroupBtn"	  value="//input[contains(@id,'ComputerGroups_dlgErrorMessage_btnOK')]" />
		<WebElement name="DDS5.CreateEditDeviceGroupPage.DeleteGroupBtn"	          value="//input[contains(@id,'ComputerGroups_btnDeleteTop')]" />
		<WebElement name="DDS5.CreateEditDeviceGroupPage.DeleteFailAlert"	          value="//div[contains(@id,'usrAlertMessage_AlertBoxDiv')]" />
		<WebElement name="DDS5.CreateEditDeviceGroupPage.DGName"	          	  value="//input[@id='ctl00_bodyContent_ucComputerGroups_tbxGroupName']" />
		<WebElement name="DDS5.CreateEditDeviceGroupPage.BackToDeviceGroupsLink"	          	  value="//a[@href='DeviceGroups.aspx']" />
		<WebElement name="DDS5.CreateEditDeviceGroupPage.GroupName"	        	  value="//input[contains(@id,'tbxGroupName')]" />
		<WebElement name="DDS5.CreateEditDeviceGroupPage.SaveGroupInfo"	          value="//input[contains(@id,'btnSaveGroupInfo')]" />
		<WebElement name="DDS5.CreateEditDeviceGroupPage.AddDevices"	        	  value="//input[contains(@id,'ChooseComputer')]" />
		<WebElement name="DDS5.CreateEditDeviceGroupPage.ChooseDeviceWizard.WizardSearchBox"	    value="//input[contains(@id,'ChooserModelDialog_ctl00_tbxFilter')]" />
		<WebElement name="DDS5.CreateEditDeviceGroupPage.ChooseDeviceWizard.WizardSearchBtn"	    value="//input[contains(@id,'ChooserModelDialog_ctl00_btnFilter')]" />
		<WebElement name="DDS5.CreateEditDeviceGroupPage.ChooseDeviceWizard.WizardOKBtn"	        value="//input[contains(@id,'ChooserModelDialog_ctl00_btnOK')]" />
		<WebElement name="DDS5.CreateEditDeviceGroupPage.ChooseDeviceWizard.DeviceCheckBox"	    value="//td[./a[contains(text(),'Automation_Id')]]/preceding-sibling::td[1]//input" />
		<WebElement name="DDS5.CreateEditDeviceGroupPage.ChooseDeviceWizard.DeviceRandomCheckBox"	value="//div[contains(@id,'ComputerGroups_ChooserModelDialog_ctl00_ucChooseDialog_pnlControl')]//tr[@class = 'row' or @class = 'altrow'][Automation_Num]//input[@type='checkbox']"/>
		<WebElement name="DDS5.CreateEditDeviceGroupPage.ChooseDeviceWizard.DeviceRandomIdentifier" value="//div[contains(@id,'ComputerGroups_ChooserModelDialog_ctl00_ucChooseDialog_pnlControl')]//tr[@class = 'row' or @class = 'altrow'][Automation_Num]//a"/>
		<WebElement name="DDS5.CustomDeviceField.CreateCustomField"			value="//input[contains(@id,'btnCreateUserDefinedField')]" />
		<WebElement name="DDS5.CustomDeviceField.CreateCustomField.FieldNameInput"		value="//input[contains(@id, 'tbxFieldName')]" />
		<WebElement name="DDS5.CustomDeviceField.CreateCustomField.DateTypeInput"		value="//input[contains(@id, 'rbFieldTypeDate')]" />
		<WebElement name="DDS5.CustomDeviceField.CreateCustomField.DropdownListInput"		value="//input[contains(@id, 'rbFieldTypeDropDownList')]" />
		<WebElement name="DDS5.ViewEditCustomDeviceFields.AutomationFixedDeviceFieldInput"		value="//table[@id='ctl00_bodyContent_usrEditUdfDataDetailsFixedFields_tblLayout']//tr[./td[1][./span[text()='%s']]]/td[3]/input" />
		<WebElement name="DDS5.ViewEditCustomDeviceFields.AutomationEditUdfDataRecordsCustomField"			value="//table[contains(@id,'usrEditUdfDataDetailsUserDefinedFields_tblLayout')]" />
		<WebElement name="DDS5.ViewEditCustomDeviceFields.AutomationEditUdfDataRecordsFixedField"		value="//table[contains(@id,'usrEditUdfDataDetailsFixedFields_tblLayout')]" />
		<WebElement name="DDS5.ViewEditCustomDeviceFields.InputDropDownListValues"		value="//textarea[contains(@id,'tbxDropDownListValues')]" />
		<WebElement name="DDS5.ViewEditCustomDeviceFields.SavePopupOkBtn"		value="//input[@id='ctl00_bodyContent_dlgSavedData_btnOK']" />
		<WebElement name="DDS5.EditCustomDeviceField.DeletePopupOkBtn"		    value="//input[@id='ctl00_bodyContent_dlgDeleteMessage_btnOK']" />
		<WebElement name="DDS5.ManageCustomDeviceFields.AutomationEditBtn"		    value="//table[@id='ctl00_bodyContent_gvUdfResults_gvResults']/tbody/tr[./td[2][contains(text(),'%s')]]/td[4]/a" />

		<WebElement name="System.ListNavigationItem"		    								value="//a[contains(@class,'list-item') and not(contains(@class,'rule')) and ./ancestor::div[contains(@data-automation-id,'defaultnodes')]]" />
		<WebElement name="System.EDDRuleLeftMenu"		    									value="//a[contains(@class,'rules-nested-list-item')]" />
		<WebElement name="System.ListNavigationItemByHref"		    							value="//a[contains(@class,'list-item') and .//div[contains(@class,'label') and contains(@class,'href_value')]] | //a[contains(@class,'list-item') and contains(@class,'href_value')]" />
		<WebElement name="System.SecondaryScriptLibraryItem"		    						value="//a[contains(@data-automation-id,'reachLibrary-nested-list-item')]" />
		<WebElement name="System.ListNavigationItemByName"                                      value="//a[contains(@class,'list-item') and .//div[contains(@class,'label') and contains(.,'menu_name')]] | //a[contains(@class,'secondary-item-link') and span[contains(@class,'name') and contains(.,'menu_name')]]" />
		<WebElement name="System.ExtraListNavigationItemByName"		    						value="//a[contains(@class,'list-item') and .//div[contains(@class,'label') and not(contains(.,'menu_name')) and not(contains(.,'All Groups'))]]" />
		<WebElement name="System.PageHeader"		    										value="//h1[contains(@class,'list-header-title')]" />
		<WebElement name="System.UserManagement.Email"		    								value="//td[@data-name='email' and text()='user_email']" />
		<WebElement name="System.UserManagement.UserLink"		    							value="//td[@data-name='email' and text()='user_email']/preceding-sibling::td[1]/a" />
		<WebElement name="System.UserManagement.UserLinkByRole"		    						value="//td[./following-sibling::td[3][contains(.,'user_role')]]/a" />
		<WebElement name="System.UserManagement.Role"		    								value="//td[@data-name='email' and text()='user_email']/following-sibling::td[2][text()='user_role']" />
		<WebElement name="System.UserManagement.ActiveUser"		    							value="//td[@data-name='email' and text()='user_email']/following-sibling::td[1][text()='Active']" />
		<WebElement name="System.UserManagement.DGAssignment"		    						value="//td[@data-name='email' and text()='user_email']/following-sibling::td[3][contains(.,'devicegroup_assignment')]" />
		<WebElement name="System.BtnAction"		    											value="//button[contains(@class,'button') and contains(.,'text')]" />
		<WebElement name="System.BtnConfirm"		    										value="//button[contains(@class,'is-button-for-confirm') and contains(.,'text')]" />
		<WebElement name="System.UserRoleSelectOption"		    								value="//select[@id='role']/option[.='role_name']" />
		<WebElement name="System.ReadOnlyUserRoleSelection"		    							value="//input[./parent::div[contains(@class,'user-management-column-1')] and @readonly='true']" />
        <WebElement name="System.ReadOnlySelectDeviceGroupButton"		    		            value="//input[./parent::div[contains(@class,'user-management-column-2')] and @readonly='true']" />
        <WebElement name="System.ReadOnlyFirstName"                                             value="//input[@id='firstNameField' and @readonly='true']"/>
        <WebElement name="System.ReadOnlyLastName"                                              value="//input[@id='lastNameField' and @readonly='true']"/>
		<WebElement name="System.EditUser.UserPreferences.UncheckedAllDeviceGroupCheckBox"		value="//div[@data-id='all_active_devices' and contains(@class,'is-device-group-node') and contains(@class,'is-selectable') and not(contains(@class,'selected'))]//input" />
		<WebElement name="System.EditUser.UserPreferences.ClosedClassicDeviceGroupToggle"		    value="//a[contains(@class,'jqtree-toggler') and contains(@class,'closed') and ./following-sibling::div[2]/span[contains(.,'Classic')]]" />
		<WebElement name="System.EditUser.UserPreferences.UnSelectedDeviceGroup"		    	value="//div[contains(@data-automation-id,'devicegroup_name') and not(contains(@class,'selected'))]/div/input" />
		<WebElement name="System.UserPreferences.SelectDeviceGroupButtonWithLabel"              value="//button[contains(@class, 'is-button-for-toggle-show-device-group-tree') and contains(.,'devicegroup_name')]"/>
		<WebElement name="System.UserActivation.PasswordInput"		    						value="//input[@id='txtPassword']" />
		<WebElement name="System.UserActivation.ConfirmPasswordInput"		    				value="//input[@id='txtConfirmPassword']" />
		<WebElement name="System.UserActivation.CreatePasswordButton"		    				value="//button[@id='btnCreatePassword']" />
        <WebElement name="System.ModalWizardWindow"		    									value="//div[contains(@class,'modal-wizard-window')]" />
		<WebElement name="System.UserLinkWithDDS5DeviceGroup"		    						value="//td[./following-sibling::td[4][contains(.,'Classic Group')]]/a" />
        <WebElement name="DDS5.DeviceGroup.DeviceGroupListItem"							        value="//div[@data-automation-id='[Classic Group] Automation_deviceGroupName' or @data-is-container-for-automation-id='[Classic Group] Automation_deviceGroupName']" />
        <WebElement name="DDS5.DeviceGroup.ExtraDeviceGroupListItem"						    value="//div[contains(@data-automation-id,'[Classic Group]') and not(@data-automation-id='[Classic Group] Automation_deviceGroupName')]" />
		<WebElement name="System.UnSelectedIdentifierCheckBox"                             		value="//tr[not(contains(@class,'selected'))]//input[@class='is-select-checkbox']"/>
		<WebElement name="System.SelectedIdentifierCheckBox"                               		value="//tr[contains(@class,'selected')]//input"/>
		<WebElement name="System.PolicyGroup.AssignLicenseButton"                               value="//div[@class='licenses-table-top_right-block']/button[contains(@class,'button--blue')]"/>
		<WebElement name="System.ReportFirstRecordValueByColumn"                               	value="(//td[@data-name='%s'])[1]"/>
		<WebElement name="System.DeviceDetailValueByName"                               		value="//div[contains(@class,'main-table')]//td[./preceding-sibling::td[contains(.,'%s')]]"/>
		<WebElement name="System.DeviceDetailTabDataRecord"                             		value="//div[@class='overlay-row-container']"/>
		<WebElement name="Reports.ActiveDeviceReport.SearchFilter"                             	value="//div[contains(@class,'is-option-for-search')]"/>
		<WebElement name="Reports.ActiveDeviceReport.SearchFilterIdentifier"                    value="//li[contains(@class,'is-option-for-search-device.identifier')]"/>
		<WebElement name="UserManagement.SettingStep"                    						value="//li[contains(@class,'modal-progress-step') and text()='automation_step']"/>
		<WebElement name="UserManagement.SettingTab"                    						value="//div[@class='modal-steps__item']/div[contains(.,'automation_tabname')]"/>
		<WebElement name="Common.HeaderNavigationItem" 											value="//li[contains(@class,'header-navigation-item')]/a[.='automation_text']"/>
		<WebElement name="Policy.ToggleEnabled" 												value="//section[./div[@data-type='automation_code']]/div[@class='policy-toggle-control']//input[not(@disabled)]"/>
		<WebElement name="Policy.ConfigureEnabled" 												value="//section[./div[@data-type='automation_code']]/div[@class='policy-toggle-control']//button"/>
		<WebElement name="System.ErrorCancelBtn"												value="//button[contains(@class,'is-button-for-cancel btn btn-low')]"/>
		<WebElement name="System.Configjspre"													value="//pre"/>
		<WebElement name="System.DashboardPageContainer"										value="//div[contains(@class,'is-dashboard-container') or contains(@class,'landing-page-box') or contains(@class,'system-message--error') or contains(@class,'is-load-error-container')] | //h2[contains(@class,'dtb-view-name')]"/>
		<WebElement name="System.RequestRiskAnalysisActionButton"								value="//button[contains(.,'Risk Analysis')]"/>
		<WebElement name="System.CommonPageContainer"											value="//div[contains(@class,'page-container') and not(.//*[contains(@class,'error')])]"/>
		<WebElement name="System.ClassicPageContainer"											value="//div[@id='container']//div[@id='content']"/>
	</WebElements>
</WebElementMap>