<WebElementMap name="NextGen WebUI Element Mapping - Reports Map" description="" >

    <WebElements>

        <WebElement name="GALoginPage.Email"                                        value="//input[@id='identifierId']" />
        <WebElement name="GALoginEmail.Next"                                        value ="//div[@id='identifierNext']" />
        <WebElement name="GALogin.ProfileID"                                        value="//div[@id='profileIdentifier']"/>
        <WebElement name="GALogin.Password"                                         value="//input[@name='password']" />
        <WebElement name="GALogin.Password.Next"                                    value="//div[@id='passwordNext']" />
        <WebElement name="GALoginPage.Email.Headless"                               value="//input[@id='Email']" />
        <WebElement name="GALoginEmail.Next.Headless"                               value ="//input[@id='next']" />
        <WebElement name="GALogin.Password.Headless"                                value="//input[@id='Passwd']" />
        <WebElement name="GALogin.Password.Next.Headless"                           value="//input[@id='signIn']" />
        <WebElement name="GAHomePage.AllWebSiteData.Search.Site"                    value="//input[contains(@class,'suite-up-search-input')]"/>
        <WebElement name="GAHomePage.AllWebSiteData.Search.Site.Result"             value="//div[contains(@class,'suite-entity-breadcrumb-text')]" />
        <WebElement name="GAHomePage.AllWebSiteData.Search.Site.Data"               value ="//a[contains(@class,'suite-detailed-entity-list-row') and descendant::span[contains(text(),'All Web Site Data')]]"/>
        <WebElement name="GAHomePage.AllWebSiteData"                                value="//span[contains(@class,'suite-up-text-name ng-binding')]/ancestor::button"/>
        <WebElement name="GAHomePage.AllWebSiteData.Text"                           value="(//span[contains(@class,'suite-up-button-text-secondary ng-binding')])[2]"/>
        <WebElement name="GAReports.RealTime"                                       value="//span[contains(@class,'ga-nav-link-label')]//span[contains(text(),'Real-Time')]"/>
        <WebElement name="GAReports.RealTime.Events"                                value="//span[contains(@class,'ga-nav-link-label')]//span[contains(text(),'Events')]"/>
        <WebElement name="GAReports.RealTime.Events.EventLast30Min"                 value ="//div[@id='ID-eventPanel-Toggler']//li[contains(text(),'Events (Last 30 min)')]" />
        <WebElement name="GAReports.RealTime.Events.EventLast30Min.2"               value="//div[@id='ID-eventPanel-Toggler']//li[2]"/>
        <WebElement name="GAReports.RealTime.Events.GoogleHomeLbl"                  value="//*[@id='home-container']//h1[contains(.,'Google Analytics Home')]"/>
        <WebElement name="GAReports.RealTime.EventsLast30Min.Column"                value="//th[contains(@class,'_GAn1b _GAngb')]" />
        <WebElement name="GAReports.RealTime.Events.ActiveUsers"                    value="//div[@id='ID-eventPanel-Table']//th[contains(text(),'Active Users')]"/>
        <WebElement name="GAReports.RealTime.Events.Search"                         value ="//input[contains(@class,'ID-filterBox')]   "/>
        <WebElement name="GAReports.RealTime.Events.Search.EventCategory"           value="//table[@class='_GAhf']/tbody/tr" />
        <WebElement name="GAReports.RealTime.Events.Search.Results"                 value ="//span[contains(@class,'_GAl ACTION-select TARGET-0-0')]" />
        <WebElement name="GAReports.RealTime.Events.Search.Results.Table"           value="//div[@id='ID-eventPanel-Table']//table"/>
        <WebElement name="GAReports.RealTime.Events.Search.Results.List"            value="//tr[contains(@id,'ID-eventPanel-Table-row')]"/>
        <WebElement name="GAReports.Realtime.Events.Search.Button"                  value="//li[@class='ACTION-apply TARGET-filter _GAy _GApg']" />
        <WebElement name="GAReports.EventCategory.FirstResult"                      value="//div[@id='ID-eventPanel-Table']//table//tr[1]/td[2]/span"/>
        <WebElement name="GAReports.RealTime.Events.Iframe"                         value="galaxyIframe"/>
        <WebElement name="GAReports.RealTime.Events.IframeEle"                         value="//iframe[@id='%s']"/>
    </WebElements>

</WebElementMap>
