<WebElementMap name="NextGen WebUI Element Mapping - Dashboard Map" description="" >

	<WebElements>
		<WebElement name="Dashboard.Page"       						value="//div[contains(@class,'is-dashboard-container')]" />
		<WebElement name="Dashboard.OverviewWidget.ActiveDevices"       value="//section[@is-widget-name='SP']//span[contains(@class,'dashboard-widget__link') and not(child::a)]" />
		<WebElement name="Dashboard.OverviewWidget.ActiveDevices.SummaryCount"  value="//section[@is-widget-name='SP']//section[1]/div[contains(@class,'dashboard-widget__summary-value')]" />
		<WebElement name="Dashboard.OverviewWidget.AVP"    						value="//section[@is-widget-name='SP']//a[contains(@href,'240')]//ancestor::section[@class='dashboard-widget__summary-section']"   />
		<WebElement name="Dashboard.OverviewWidget.AVP.Link"    				value="//section[@is-widget-name='SP']//a[contains(@href,'240')]"  />
		<WebElement name="Dashboard.OverviewWidget.AVP.Summary"					value="//section[@is-widget-name='SP']//section[contains(@style,'1')]//div[contains(@class,'summary-bottom')]"/>
		<WebElement name="Dashboard.OverviewWidget.AVP.SummaryCount1"    		value="//section[@is-widget-name='SP']//a[contains(@href,'240')]//ancestor::section[contains(@class,'dashboard-widget__summary-section')]//*[contains(@class,'dashboard-widget__summary-value-count')][1]" />
		<WebElement name="Dashboard.OverviewWidget.AVP.SummaryCount2"    		value="//section[@is-widget-name='SP']//a[contains(@href,'240')]//ancestor::section[contains(@class,'dashboard-widget__summary-section')]//*[contains(@class,'dashboard-widget__summary-value-count')][2]" />
		<WebElement name="Dashboard.OverviewWidget.AVP.SummaryPercent"			value="//section[@is-widget-name='SP']//a[contains(@href,'240')]//ancestor::section[contains(@class,'dashboard-widget__summary-section')]//*[contains(@class,'dashboard-widget__summary-value-percent')]" />
		<WebElement name="Dashboard.OverviewWidget.Encryption"    				value="//section[@is-widget-name='SP']//a[contains(@href,'250')]//ancestor::section[@class='dashboard-widget__summary-section']"   />
		<WebElement name="Dashboard.OverviewWidget.Encryption.Summary"			value="//section[@is-widget-name='SP']//section[contains(@style,'2')]//div[contains(@class,'summary-bottom')]"/>
		<WebElement name="Dashboard.OverviewWidget.Encryption.Link"    			value="//section[@is-widget-name='SP']//a[contains(@href,'250')]"  />
		<WebElement name="Dashboard.OverviewWidget.Encryption.SummaryCount1"     value="//section[@is-widget-name='SP']//a[contains(@href,'250')]//ancestor::section[contains(@class,'dashboard-widget__summary-section')]//*[contains(@class,'dashboard-widget__summary-value-count')][1]" />
		<WebElement name="Dashboard.OverviewWidget.Encryption.SummaryCount2"     value="//section[@is-widget-name='SP']//a[contains(@href,'250')]//ancestor::section[contains(@class,'dashboard-widget__summary-section')]//*[contains(@class,'dashboard-widget__summary-value-count')][2]" />
		<WebElement name="Dashboard.OverviewWidget.Encryption.SummaryPercent"	value="//section[@is-widget-name='SP']//a[contains(@href,'250')]//ancestor::section[contains(@class,'dashboard-widget__summary-section')]//*[contains(@class,'dashboard-widget__summary-value-percent')]" />

		<WebElement name="Dashboard.HelpLink"                  value="//a[contains(@href,'help')]" />
		<WebElement name="Dashboard.SummaryWidget"    			value="//section[@is-widget-name='SP']"   />
		<WebElement name="Dashboard.SummaryWidgetComponentByLink"    value="//div[@class='dashboard-widget__summary']/section[@class='dashboard-widget__summary-section']//a[contains(@href,'%s')]"   />

		<WebElement name="Dashboard.AVPWidget.TitleLink"		value="//section[@is-widget-name='AVP']//*[contains(@class, 'dashboard-widget__title')]/a" />
		<WebElement name="Dashboard.AVPWidget.GoToReportLink"	value="//section[@is-widget-name='AVP']//*[contains(@class, 'dashboard-widget__link')]/a" />
		<WebElement name="Dashboard.AVPWidget.Timestamp"		value="//section[@is-widget-name='AVP']//a[contains(@class, 'dashboard-widget__timestamp')]" />
		<WebElement name="Dashboard.AVPWidget.Summary"			value="//section[@is-widget-name='AVP']//div[@class='dashboard-widget__summary']" />
		<WebElement name="Dashboard.AVPWidget.SummaryInstalled"	value="//section[@is-widget-name='AVP']//section[contains(@style,'0')]//div[@data-tooltip-attr='title']" />
		<WebElement name="Dashboard.AVPWidget.Summary.Value1"	value="//section[@is-widget-name='AVP']//section[contains(@class,dashboard-widget__summary-section) and contains(@style,'0')]//*[contains(@class,'dashboard-widget__summary-value')]" />
		<WebElement name="Dashboard.AVPWidget.Summary.Value2"	value="//section[@is-widget-name='AVP']//section[contains(@class,dashboard-widget__summary-section) and contains(@style,'3')]//*[contains(@class,'dashboard-widget__summary-value')]" />
		<WebElement name="Dashboard.AVPWidget.Table"			value="//section[@is-widget-name='AVP']//table" />


		<WebElement name="Dashboard.ESPWidget.TitleLink"		value="//section[@is-widget-name='ESP']//*[contains(@class, 'dashboard-widget__title')]/a" />
		<WebElement name="Dashboard.ESPWidget.GoToReportLink"	value="//section[@is-widget-name='ESP']//*[contains(@class, 'dashboard-widget__link')]/a" />
		<WebElement name="Dashboard.ESPWidget.Timestamp"		value="//section[@is-widget-name='ESP']//a[contains(@class, 'dashboard-widget__timestamp')]" />
		<WebElement name="Dashboard.ESPWidget.Summary"			value="//section[@is-widget-name='ESP']//div[@class='dashboard-widget__summary']" />
		<WebElement name="Dashboard.ESPWidget.SummaryEncrypted"	value="//section[@is-widget-name='ESP']//section[contains(@style,'0')]//div[@data-tooltip-attr='title']" />
		<WebElement name="Dashboard.ESPWidget.Summary.Value1"	value="//section[@is-widget-name='ESP']//section[contains(@class,dashboard-widget__summary-section) and contains(@style,'0')]//*[contains(@class,'dashboard-widget__summary-value')]" />
		<WebElement name="Dashboard.ESPWidget.Summary.Value2"	value="//section[@is-widget-name='ESP']//section[contains(@class,dashboard-widget__summary-section) and contains(@style,'1')]//*[contains(@class,'dashboard-widget__summary-value')]" />
		<WebElement name="Dashboard.ESPWidget.Summary.Value3"	value="//section[@is-widget-name='ESP']//section[contains(@class,dashboard-widget__summary-section) and contains(@style,'2')]//*[contains(@class,'dashboard-widget__summary-value')]" />
		<WebElement name="Dashboard.ESPWidget.Summary.Value4"	value="//section[@is-widget-name='ESP']//section[contains(@class,dashboard-widget__summary-section) and contains(@style,'3')]//*[contains(@class,'dashboard-widget__summary-value')]" />
		<WebElement name="Dashboard.ESPWidget.Table"			value="//section[@is-widget-name='ESP']//table" />
		<WebElement name="Dashboard.ESPWidget.ProductRowByIndex"	value="//section[@is-widget-name='ESP']//table/tr[%s][./td[1][not(text()='No Data' or text()='Not Detected' or text()='— —')]]/td[2]" />



		<WebElement name="Dashboard.APWidget.Summary"			value="//section[@is-widget-name='applicationPersistenceSummary']//div[@class='dashboard-widget__summary']"  />
		<WebElement name="Dashboard.APWidget.Summary.NonCompliant"			value="//section[@is-widget-name='applicationPersistenceSummary']//section[contains(@style,'1')]"  />
		<WebElement name="Dashboard.APWidget.Summary.Compliant"			value="//section[@is-widget-name='applicationPersistenceSummary']//section[contains(@style,'2')]"  />
		<WebElement name="Dashboard.APWidget.Summary.NonCompliant.Value"			value="//section[@is-widget-name='applicationPersistenceSummary']//section[contains(@style,'1')]//div[1]"  />
		<WebElement name="Dashboard.APWidget.Summary.Compliant.Value"			value="//section[@is-widget-name='applicationPersistenceSummary']//section[contains(@style,'2')]//div[1]"  />
		<WebElement name="Dashboard.APWidget.Item.NonCompliant"			value="//section[@is-widget-name='applicationPersistenceSummary']//div[contains(@class,'bar-segment--unhealthy')]"  />
		<WebElement name="Dashboard.APWidget.Item.Compliant"			value="//section[@is-widget-name='applicationPersistenceSummary']//div[contains(@class,'bar-segment--healthy')]"  />
		<WebElement name="Dashboard.APWidget.Drilldown"			value="//div[@role='tooltip']"  />
		<WebElement name="Dashboard.APWidget.Drilldown.Sign"			value="//div[@role='tooltip']//span[contains(@class,'bar-segment--%s')]"  />
		<WebElement name="Dashboard.APWidget.Drilldown.Label"			value="//div[@role='tooltip']//span[contains(@class,'bar-segment--%s')]/../following-sibling::span[contains(@class,'label')]"  />
		<WebElement name="Dashboard.APWidget.Drilldown.Value"			value="//div[@role='tooltip']//span[contains(@class,'bar-segment--%s')]/../following-sibling::span[contains(@class,'value')]"  />
		<WebElement name="Dashboard.APWidget.Drilldown.Detail.Labels"			value="//div[@role='tooltip']//ul[contains(@class, 'bar-drilldown-tooltip-container')]/li//span[contains(@class,'label')]"  />
		<WebElement name="Dashboard.APWidget.Drilldown.Detail.Values"			value="//div[@role='tooltip']//ul[contains(@class, 'bar-drilldown-tooltip-container')]/li//span[contains(@class,'value')]" />
		<WebElement name="Dashboard.APWidget.TitleLink"			value="//section[@is-widget-name='applicationPersistenceSummary']//*[contains(@class, 'dashboard-widget__title')]/a"  />
		<WebElement name="Dashboard.APWidget.GoToReportLink"	value="//section[@is-widget-name='applicationPersistenceSummary']//*[contains(@class, 'dashboard-widget__link')]/a"  />
		<WebElement name="Dashboard.APWidget.Timestamp"			value="//section[@is-widget-name='applicationPersistenceSummary']//header[contains(@class,'dashboard-widget__header')]/a"  />
		<WebElement name="Dashboard.APWidget.Table"				value="//section[@is-widget-name='applicationPersistenceSummary']//table"  />
		<WebElement name="Dashboard.APWidget.TableRowByIndex.NonCompliant"				value="//section[@is-widget-name='applicationPersistenceSummary']//table/tr[contains(@class, 'widget-row')][%d]//div[contains(@class, 'widget-bar-segmented-container')]//div[contains(@class,'bar-segment--unhealthy')]"  />
		<WebElement name="Dashboard.APWidget.TableRowByIndex.Compliant"					value="//section[@is-widget-name='applicationPersistenceSummary']//table/tr[contains(@class, 'widget-row')][%d]//div[contains(@class, 'widget-bar-segmented-container')]//div[contains(@class,'bar-segment--healthy')]"  />
		<WebElement name="Dashboard.APWidget.OtherApplicationsLink"	value="//section[@is-widget-name='applicationPersistenceSummary']//footer//a[.='Other Applications']"  />
		<WebElement name="Dashboard.APWidget.Application"	value="//section[@is-widget-name='applicationPersistenceSummary']//tr[contains(@class,'widget-row')]//td[1]"/>
		<WebElement name="Dashboard.APWidget.ApplicationByIndex"	value="//section[@is-widget-name='applicationPersistenceSummary']//tr[contains(@class,'widget-row')][%d]//td[1]"/>

		<WebElement name="Dashboard.APDeviceWidget.Summary"			value="//section[@is-widget-name='applicationPersistenceDeviceRanking']"  />
		<WebElement name="Dashboard.APDeviceWidget.Summary.TotalDevicesRepaired.Label" value="//section[contains(@is-widget-name,'applicationPersistenceDeviceRanking')]//div[contains(@class,'type--repair') and contains(@class,'item-value')]/./following-sibling::div/span"/>
		<WebElement name="Dashboard.APDeviceWidget.Summary.TotalDevicesRepaired.Value" value="//section[contains(@is-widget-name,'applicationPersistenceDeviceRanking')]//div[contains(@class,'type--repair') and contains(@class,'item-value')]"/>
		<WebElement name="Dashboard.APDeviceWidget.Summary.TotalDevicesReinstalled.Label" value="//section[contains(@is-widget-name,'applicationPersistenceDeviceRanking')]//div[contains(@class,'type--reinstall') and contains(@class,'item-value')]/./following-sibling::div/span"/>
		<WebElement name="Dashboard.APDeviceWidget.Summary.TotalDevicesReinstalled.Value" value="//section[contains(@is-widget-name,'applicationPersistenceDeviceRanking')]//div[contains(@class,'type--reinstall') and contains(@class,'item-value')]"/>
		<WebElement name="Dashboard.APDeviceWidget.TitleLink"			value="//section[@is-widget-name='applicationPersistenceDeviceRanking']//*[contains(@class, 'dashboard-widget__title')]/a"/>
		<WebElement name="Dashboard.APDeviceWidget.GoToReportLink"	value="//section[@is-widget-name='applicationPersistenceDeviceRanking']//*[contains(@class, 'dashboard-widget__link')]/a"  />
		<WebElement name="Dashboard.APDeviceWidget.Timestamp"			value="//section[@is-widget-name='applicationPersistenceDeviceRanking']//header[contains(@class,'dashboard-widget__header')]/a"  />
		<WebElement name="Dashboard.APDeviceWidget.Table"				value="//section[@is-widget-name='applicationPersistenceDeviceRanking']//table"  />
		<WebElement name="Dashboard.APDeviceWidget.Table.columnGroup"   value="//section[@is-widget-name='applicationPersistenceDeviceRanking']//table//tr[1]//button[contains(@class,'column-header-group-btn')]"  />
		<WebElement name="Dashboard.APDeviceWidget.Table.columnGroupHeaderName"   value="//section[@is-widget-name='applicationPersistenceDeviceRanking']//table//tr[1]//button[contains(@class,'column-header-group-btn')]//span[@class='column-header-group-btn__value']" />
		<WebElement name="Dashboard.APDeviceWidget.Table.columnGroupDropdown"   value="//section[@is-widget-name='applicationPersistenceDeviceRanking']//table//tr[1]//ul[@id='columnHeaderGroupDropdown']//li[contains(@class,'column-header-group-item')]"  />
		<WebElement name="Dashboard.APDeviceWidget.OtherDevicesLink"	value="//section[@is-widget-name='applicationPersistenceDeviceRanking']//footer//a[contains(.,'other devices with at least one persistence event')]"  />
		<WebElement name="Dashboard.APDeviceWidget.Footer"	value="//section[@is-widget-name='applicationPersistenceDeviceRanking']//footer/a"  />
		<WebElement name="Dashboard.APDeviceWidget.Item.Repairs"	value="//section[@is-widget-name='applicationPersistenceDeviceRanking']//div[contains(@class,'bar-segment__type--repair')]"  />
		<WebElement name="Dashboard.APDeviceWidget.Item.Reinstalls"	value="//section[@is-widget-name='applicationPersistenceDeviceRanking']//div[contains(@class,'bar-segment__type--reinstall')]"  />

		<WebElement name="Dashboard.UADashboardWidget" value="//section[@is-widget-name='UADashboard']" />
		<WebElement name="Dashboard.UADashboard.TitleLink" value="//section[@is-widget-name='UADashboard']//*[contains(@class, 'dashboard-widget__title')]/a" />
		<WebElement name="Dashboard.UADashboard.Timestamp" value="//section[@is-widget-name='UADashboard']//header[contains(@class,'dashboard-widget__header')]/a" />
		<WebElement name="Dashboard.UADashboard.Grid" value="//section[@is-widget-name='UADashboard']//div[@class='dashboard-widget__items']" />
		<WebElement name="Dashboard.UADashboard.LblUser" value="//section[@is-widget-name='UADashboard']//span[@title='User']" />
		<WebElement name="Dashboard.UADashboard.LblRiskScore" value="//section[@is-widget-name='UADashboard']//span[@title='Total Match Score']" />
		<WebElement name="Dashboard.UADashboard.FirstUserLink" value="(//section[@is-widget-name='UADashboard']//td[contains(@class, 'ua-user')])[1]//a" />


		<WebElement name="Dashboard.MatchScoreWidget.TitleLink"   		value="//section[@is-widget-name='PGMS']//*[contains(@class, 'dashboard-widget__title')]/a" />
		<WebElement name="Dashboard.MatchScoreWidget.GoToReportLink"	value="//section[@is-widget-name='PGMS']//*[contains(@class, 'dashboard-widget__link')]/a" />
		<WebElement name="Dashboard.MatchScoreWidget.Grid"     			value="//section[@is-widget-name='PGMS']/div[@class='dashboard-widget__frame']"   />
		<WebElement name="Dashboard.MatchScoreWidget.Timestamp"  		value="//section[@is-widget-name='PGMS']//a[contains(@class, 'dashboard-widget__timestamp')]" />
		<WebElement name="Dashboard.MatchScoreWidget.Table"				value="//section[@is-widget-name='PGMS']//table" />

		<WebElement name="Dashboard.Widget.TimestampTooltip"	value="//div[contains(@class,'dashboard-widget__timestamp-popup')]" />
		<WebElement name="Dashboard.HelpAndSupportLink"        value="//li[contains(@data-automation-id,'nav-list-item-80')]" />

		<WebElement name="Dashboard.DeviceActivityWidget.TitleLink"        value="//section[@is-widget-name='DeviceActivityWdg']//*[contains(@class, 'dashboard-widget__title')]//a" />
		<WebElement name="Dashboard.DeviceActivityWidget.GoToReportLink"        value="//section[@is-widget-name='DeviceActivityWdg']//*[contains(@class, 'dashboard-widget__link')]//a" />
		<WebElement name="Dashboard.DeviceActivityWidget.Timestamp"        		value="//section[@is-widget-name='DeviceActivityWdg']//a[contains(@class, 'dashboard-widget__timestamp')]" />

		<WebElement name="Dashboard.DeviceActivityWidget.Summary"        value="//section[@is-widget-name='DeviceActivityWdg']//div[contains(@class, 'dashboard-widget__summary')]" />
		<WebElement name="Dashboard.DeviceActivityWidget.Summary.Value1"	value="//section[@is-widget-name='DeviceActivityWdg']//section[contains(@class,dashboard-widget__summary-section) and contains(@style,'0')]//*[contains(@class,'dashboard-widget__summary-value')]" />
		<WebElement name="Dashboard.DeviceActivityWidget.Summary.Value2"	value="//section[@is-widget-name='DeviceActivityWdg']//section[contains(@class,dashboard-widget__summary-section) and contains(@style,'1')]//*[contains(@class,'dashboard-widget__summary-value')]" />
		<WebElement name="Dashboard.DeviceActivityWidget.Summary.Value3"	value="//section[@is-widget-name='DeviceActivityWdg']//section[contains(@class,dashboard-widget__summary-section) and contains(@style,'2')]//*[contains(@class,'dashboard-widget__summary-value')]" />
		<WebElement name="Dashboard.DeviceActivityWidget.Summary.Value4"	value="//section[@is-widget-name='DeviceActivityWdg']//section[contains(@class,dashboard-widget__summary-section) and contains(@style,'3')]//*[contains(@class,'dashboard-widget__summary-value')]" />
		<WebElement name="Dashboard.DeviceActivityWidget.Chart"       			 value="//section[@is-widget-name='DeviceActivityWdg']//table[contains(@class, 'dashboard-widget__items-table')]" />
		<WebElement name="Dashboard.DeviceActivityWidget.ChartData.Header"        value="//section[@is-widget-name='DeviceActivityWdg']//table[contains(@class, 'dashboard-widget__items-table')]//tr[1]" />
		<WebElement name="Dashboard.DeviceActivityWidget.ChartData.Heavily"        value="//section[@is-widget-name='DeviceActivityWdg']//table[contains(@class, 'dashboard-widget__items-table')]//tr[2]" />
		<WebElement name="Dashboard.DeviceActivityWidget.ChartData.Moderately"        value="//section[@is-widget-name='DeviceActivityWdg']//table[contains(@class, 'dashboard-widget__items-table')]//tr[3]" />
		<WebElement name="Dashboard.DeviceActivityWidget.ChartData.Slightly"        value="//section[@is-widget-name='DeviceActivityWdg']//table[contains(@class, 'dashboard-widget__items-table')]//tr[4]" />
		<WebElement name="Dashboard.DeviceActivityWidget.ChartData.NotUsed"        value="//section[@is-widget-name='DeviceActivityWdg']//table[contains(@class, 'dashboard-widget__items-table')]//tr[5]" />
		<WebElement name="Dashboard.DeviceActivityWidget.ChartData.Header.Windows"        value="//section[@is-widget-name='DeviceActivityWdg']//table[contains(@class, 'dashboard-widget__items-table')]//tr[1]//span[text()='Windows']" />
		<WebElement name="Dashboard.DeviceActivityWidget.ChartData.Header.MacOS"        value="//section[@is-widget-name='DeviceActivityWdg']//table[contains(@class, 'dashboard-widget__items-table')]//tr[1]//span[text()='macOS']" />
		<WebElement name="Dashboard.DeviceActivityWidget.ChartData.Header.Android"        value="//section[@is-widget-name='DeviceActivityWdg']//table[contains(@class, 'dashboard-widget__items-table')]//tr[1]//span[text()='Android']" />
		<WebElement name="Dashboard.DeviceActivityWidget.ChartData.Header.ChromeOS"        value="//section[@is-widget-name='DeviceActivityWdg']//table[contains(@class, 'dashboard-widget__items-table')]//tr[1]//span[text()='Chrome OS']" />
		<WebElement name="Dashboard.DeviceActivityWidget.ChartData.Header.Other"        value="//section[@is-widget-name='DeviceActivityWdg']//table[contains(@class, 'dashboard-widget__items-table')]//tr[1]//span[text()='Others']" />
		<WebElement name="Dashboard.DeviceActivityWidget.ChartData.TableRows"			value="//section[@is-widget-name='DeviceActivityWdg']//table/tr[contains(@class, 'widget-row')]" />
		<WebElement name="Dashboard.DeviceActivityWidget.ChartData.TableRowByIndex.Total"	value="//section[@is-widget-name='DeviceActivityWdg']//table/tr[contains(@class, 'widget-row')][%d]//td[contains(@class, 'bar-value')]" />
		<WebElement name="Dashboard.DeviceActivityWidget.ChartData.TableRowByIndex.FirstBarSegment"	value="//section[@is-widget-name='DeviceActivityWdg']//table/tr[contains(@class, 'widget-row')][%d]//div[contains(@class, 'widget-bar-segmented-container')]//div[@class='bar-segment']" />
		<WebElement name="Dashboard.DeviceActivityWidget.Drilldown"						value="//div[@role='tooltip']"  />
		<WebElement name="Dashboard.DeviceActivityWidget.Drilldown.Values"				value="//div[@role='tooltip']//*[contains(@class, 'bar-drilldown-entry__value')]"  />


		<WebElement name="Dashboard.LicenseWidget"  							value="//section[@is-widget-name='LicenseWdg']"/>
		<WebElement name="Dashboard.LicenseWidget.Header"  						value="//section[@is-widget-name='LicenseWdg']//div[@class='dashboard-widget__items']/table/tr[1]//span"  />
		<WebElement name="Dashboard.LicenseWidget.Timestamp"					value="//section[@is-widget-name='LicenseWdg']//a[contains(@class, 'dashboard-widget__timestamp')]" />
		<WebElement name="Dashboard.LicenseWidget.TableRows"					value="//section[@is-widget-name='LicenseWdg']//table/tr[contains(@class, 'widget-row')]" />
		<WebElement name="Dashboard.LicenseWidget.TableRowColumnByIndex"		value="//section[@is-widget-name='LicenseWdg']//table/tr[contains(@class, 'widget-row')][%d]/td[%d]" />
		<WebElement name="Dashboard.LicenseWidget.TableRowColumnLinkByIndex"		value="//section[@is-widget-name='LicenseWdg']//table/tr[contains(@class, 'widget-row')][%d]/td[%d]//a" />
		<WebElement name="Dashboard.LicenseWidget.Table.TableRow.BarSection"	value="//section[@is-widget-name='LicenseWdg']//table/tr[contains(@class, 'widget-row')][%d]//td[contains(@class, 'bar-chart')]//*[contains(@class, 'bar-segment--%s')]" />
		<WebElement name="Dashboard.LicenseWidget.UnlicensedDeviceCount"		value="//section[@is-widget-name='LicenseWdg']//div[contains(@class, 'dashboard-widget__summary-item-value')]" />
		<WebElement name="Dashboard.LicenseWidget.UnlicensedDeviceLink"		value="//section[@is-widget-name='LicenseWdg']//div[contains(@class, 'dashboard-widget__summary-item-display-name')]//a" />

		<WebElement name="Dashboard.NoDataLabel"  							    value="//section[@is-widget-name='%s']//td[contains(.,'No Data')]"/>
		<WebElement name="Dashboard.LicenseConsumption.ExpiredBar"  			value="//tr[@class='widget-row' and ./td[contains(@title,'automation_license')] and ./td/span[@title='0']]/td/div[contains(@class,'widget-bar-segmented-container') and @style='width: 100%' and not(div[contains(@class,'unhealthy')])]"/>
		<WebElement name="Dashboard.LicenseConsumption.BarConsumedNumber"  		value="//tr[@class='widget-row' and ./td[contains(@title,'%s')]]/td/div/div[contains(@class,'healthy')]/div/div[text()='%s']"/>
	</WebElements>

</WebElementMap>

