<WebElementMap name="DDS WebUI Element Mapping - Account Setting Map" description="">
    <WebElements>

        <!-- Single Sign-On - Add Details Section -->
        <WebElement name="AccountSetting.TwoFactorAuthentication"
                    value="//div[contains(@class,'two-factor-authen-settings')]"/>
        <WebElement name="AccountSetting.TwoFactorAuthentication.CurrentSetting"
                    value="//div[contains(@class,'two-factor-authen-settings')]/p[1]"/>
        <WebElement name="AccountSetting.TwoFactorAuthentication.Enable2FAButton"
                    value="//div[contains(@class,'two-factor')]/button[contains(@class,'btn-primary')]"/>
        <WebElement name="AccountSetting.TwoFactorAuthentication.Disable2FAButton"
                    value="//div[contains(@class,'two-factor')]/button[contains(@class,'btn-secondary')]"/>
        <WebElement name="AccountSetting.TwoFactorAuthentication.Confirm.Enable2FAButton"
                    value="//button[contains(@class,'btn-2fa-save') and not(contains(@class,'disabled'))]"/>
        <WebElement name="AccountSetting.TwoFactorAuthentication.Confirm.Disable2FAButton"
                    value="//div[contains(@class,'modal-footer')]//button[contains(@class,'btn-primary')and .='Disable Two-Factor Authentication']"/>
        <WebElement name="AccountSetting.TwoFactorAuthentication.VerificationCode"
                    value="//input[contains(@placeholder,'Enter the 6-digit verification code')]"/>
        <WebElement name="AccountSetting.TwoFactorAuthentication.CancelButton"
                    value="//div[contains(@class,'modal-footer')]//button[contains(@class,'btn-secondary')and .='Cancel']"/>
        <WebElement name="AccountSetting.TwoFactorAuthentication.ConfirmOKButton"
                    value="//button[contains(@class,'btn-ok')]"/>
        <WebElement name="AccountSetting.TwoFactorAuthentication.WarningVerificationCode"
                    value="//div[@class='invalid-feedback']"/>
        <WebElement name="AccountSetting.TwoFactorAuthentication.ResetPopupMessage"
                    value="//div[@class='ant-modal-content']"/>
        <WebElement name="AccountSetting.TwoFactorAuthentication.ResetPopupHeader"
                    value="//div[@class='ant-modal-content']//div[@class='ant-modal-title']"/>
        <WebElement name="AccountSetting.TwoFactorAuthentication.ResetPopupBody"
                    value="//div[@class='ant-modal-content']//div[contains(@class,'ant-modal-body')]"/>
        <WebElement name="AccountSetting.TwoFactorAuthentication.ResetPopupCancelButton"
                    value="//div[@class='ant-modal-content']//button[contains(@class,'btn-tertiary')]"/>
        <WebElement name="AccountSetting.TwoFactorAuthentication.ResetPopupEnableButton"
                    value="//div[@class='ant-modal-content']//button[contains(@class,'btn-secondary')]"/>
        <WebElement name="AccountSetting.TwoFactorAuthentication.ResetPopupResetAndEnableButton"
                    value="//div[@class='ant-modal-content']//button[contains(@class,'btn-primary')]"/>
        <WebElement name="AccountSetting.MainPanel"
                    value="//div[@class='account-settings-main']"/>
        <WebElement name="AccountSetting.TwoFactorAuthentication.Title"
                    value="//div[contains(@class,'two-factor-authen-settings')]/h3"/>
        <WebElement name="AccountSetting.TwoFactorAuthentication.Description"
                    value="//div[contains(@class,'two-factor-authen-settings')]/p[2]"/>
        <WebElement name="AccountSetting.TwoFactorAuthentication.2FAButton"
                    value="//div[contains(@class,'two-factor-authen-settings')]/button"/>
        <WebElement name="AccountSetting.TwoFactorAuthentication.Note"
                    value="//div[contains(@class,'two-factor-authen-settings')]/p[3]"/>
        <WebElement name="AccountSetting.SSO.DisableSsoConfirmationHeader"
                    value="//div[@class='ant-modal-content']/div[@class='ant-modal-header']/div[@class='ant-modal-title']"/>
        <WebElement name="AccountSetting.SSO.DisableSsoConfirmationMessage"
                    value="//div[@class='ant-modal-content']/div[@class='ant-modal-body']"/>
        <WebElement name="AccountSetting.SSO.DisableSsoConfirmationOkButton"
                    value="//div[@class='ant-modal-content']/div[@class='ant-modal-footer']/button[contains(@class,'btn-confirm-ok')]"/>
        <WebElement name="AccountSetting.SSO.DisableSsoConfirmationCancelButton"
                    value="//div[@class='ant-modal-content']/div[@class='ant-modal-footer']/button[contains(@class,'btn-confirm-cancel')]"/>
        <WebElement name="AccountSetting.SSO.EnableSsoConfirmationHeader"
                    value="//div[@class='ant-modal-content']/div[@class='ant-modal-header']/div[@class='ant-modal-title']"/>
        <WebElement name="AccountSetting.SSO.EnableSsoConfirmationMessage"
                    value="//div[@class='ant-modal-content']/div[@class='ant-modal-body']"/>
        <WebElement name="AccountSetting.SSO.EnableSsoConfirmationOkButton"
                    value="//div[@class='ant-modal-content']/div[@class='ant-modal-footer']/button[contains(@class,'btn-confirm-ok')]"/>
        <WebElement name="AccountSetting.SSO.EnableSsoConfirmationCancelButton"
                    value="//div[@class='ant-modal-content']/div[@class='ant-modal-footer']/button[contains(@class,'btn-confirm-cancel')]"/>

        <!-- Classic GAC settings -->
        <WebElement name="AccountSetting.Classic.AddGACAccountTextBox"
                    value="//*[@id='ctl00_bodyContent_GMCAccountId_txtAccountName']"/>
        <WebElement name="AccountSetting.Classic.AddGACAccountButton"
                    value="//*[@id='ctl00_bodyContent_GMCAccountId_btnGmcAddAccount']"/>
        <WebElement name="AccountSetting.Classic.AddGACAccountConfirmation"
                    value="//*[@id='ctl00_bodyContent_GMCAccountId_dlgConfirmationGMCAccount_btnOK']"/>
        <WebElement name="AccountSetting.Classic.FirstGACAccountName"
                    value="//*[@id='ctl00_bodyContent_GMCAccountId_sgvGMCAccount_ctl01_lblAccountName']"/>
        <WebElement name="AccountSetting.Classic.FirstGACAccountDelete"
                    value="//*[@id='ctl00_bodyContent_GMCAccountId_sgvGMCAccount_ctl01_lnkDelete']"/>
        <WebElement name="AccountSetting.Classic.FirstGACAccountDeleteConfirm"
                    value="//*[@id='ctl00_bodyContent_GMCAccountId_dlgGMCAccount_DeletionConfirmation_btnOK']"/>
        <WebElement name="AccountSetting.Classic.AlertBoxDiv"
                    value="//*[@id='ctl00_bodyContent_usrSuccessAlertBox_AlertBoxDiv']"/>

        <!-- Google Account Settings -->
        <WebElement name="AccountSetting.GSS.AddGACAccountButton"
                    value="//a[@data-automation-id='GSS-AddAccountButton']"/>
        <WebElement name="AccountSetting.GSS.AddGACAccountBox"
                    value="//a[@data-automation-id='Gss-NoAccountBox']"/>
        <WebElement name="AccountSetting.GSS.GACAccountList"
                    value="//div[contains(text(),'@')]"/>
        <WebElement name="AccountSetting.GSS.HighlightedGACAccount"
                    value="//a[contains(@class,'active')][./div/div/div/div[contains(text(),'@')]]/div/div/div/div[1]"/>
        <WebElement name="AccountSetting.GSS.GACListFullInfo"
                    value="//div[contains(text(),'@')]/../div"/>
        <WebElement name="AccountSetting.GSS.GACAccountSelection"
                    value="//div[contains(text(),'%s')]"/>
        <WebElement name="AccountSetting.GSS.GACAccountDeleteButtonList"
                    value="//button[span='Remove Account']"/>
        <WebElement name="AccountSetting.GSS.GACAccountDeleteConfirmation"
                    value="//button[span='Ok']"/>
        <WebElement name="AccountSetting.GSS.OrgUnitName"
                    value="//*[contains(@class, 'GSS-Org-Unit')]"/>
        <WebElement name="AccountSetting.GSS.OrgUnitHeader"
                    value="//h2[contains(text(),'@')]/../.."/>
        <WebElement name="AccountSetting.GSS.StickyHeaderStyle"
                    value="//style[@data-jss and contains(text(),'sticky')]"/>
        <WebElement name="AccountSetting.GSS.TreeNode"
                    value="//*[@data-automation-id='TreeNode']"/>
        <WebElement name="AccountSetting.GSS.TreeNodeCheckBoxByName"
                    value="//*[contains(text(), '%s')]/following::*[@data-automation-id='TriStateCheckbox']"/>
        <WebElement name="AccountSetting.GSS.TreeNodeCheckBox"
                    value="//*[@data-automation-id='TriStateCheckbox']"/>
        <WebElement name="AccountSetting.GSS.ErrorNotification"
                    value="//div[@class='ant-notification-notice-content']"/>

        <!-- Password Expiration Section -->
        <WebElement name="AccountSetting.PasswordExpirationSection"
                    value="//h3[contains(text(),'Password Expiration')]/parent::*"/>
        <WebElement name="AccountSetting.PasswordExpirationSection.CurrentSetting"
                    value="//h3[contains(text(),'Password Expiration')]/following-sibling::p[1]"/>
        <WebElement name="AccountSetting.PasswordExpirationSection.CurrentSetting.txtExpiredDay"
                    value="//span[@class='text-muted']/span[2]/b"/>
        <WebElement name="AccountSetting.PasswordExpirationSection.CurrentSetting.txtReminder"
                    value="//span[@class='text-muted']/span[4]/b"/>
        <WebElement name="AccountSetting.PasswordExpirationSection.txtTitle"
                    value="//h3[contains(text(),'Password Expiration')]"/>
        <WebElement name="AccountSetting.PasswordExpirationSection.txtDescription"
                    value="//h3[contains(text(),'Password Expiration')]/following-sibling::p[2]"/>
        <WebElement name="AccountSetting.PasswordExpirationSection.txtNote"
                    value="//h3[contains(text(),'Password Expiration')]/following-sibling::p[3]"/>
        <WebElement name="AccountSetting.PasswordExpirationSection.btnPE"
                    value="//button[contains(@data-automation-id,'password-expiration')]"/>
        <WebElement name="AccountSetting.PasswordExpirationSection.btnEnablePE"
                    value="//button[@data-automation-id='btn-enable-password-expiration']"/>
        <WebElement name="AccountSetting.PasswordExpirationSection.btnDisablePE"
                    value="//button[@data-automation-id='btn-disable-password-expiration']"/>
        <WebElement name="AccountSetting.PasswordExpirationSection.btnEditPE"
                    value="//button[@data-automation-id='btn-edit-password-expiration']"/>
        <!-- Popup Enable/Edit Password Expiration -->
        <WebElement name="AccountSetting.PasswordExpirationSection.popupPE"
                    value="//div[@class='ant-modal-content']"/>
        <WebElement name="AccountSetting.PasswordExpirationSection.popupPE.txtTitle"
                    value="//div[@class='ant-modal-title']"/>
        <WebElement name="AccountSetting.PasswordExpirationSection.popupPE.btnClose"
                    value="//span[@class='ant-modal-close-x']"/>
        <WebElement name="AccountSetting.PasswordExpirationSection.popupPE.txtWarning"
                    value="//div[contains(@class,'ant-modal-body')]/span[contains(@class,'alert')]/span[2]"/>
        <WebElement name="AccountSetting.PasswordExpirationSection.popupPE.btnCancel"
                    value="//button[@data-automation-id='btn-cancel-enable-password-expiration']"/>
        <WebElement name="AccountSetting.PasswordExpirationSection.popupPE.btnEnable"
                    value="//button[@data-automation-id='btn-ok-enable-password-expiration']"/>
        <WebElement name="AccountSetting.PasswordExpirationSection.popupPE.tbExpireIn"
                    value="//input[@data-automation-id='input-expire-in']"/>
        <WebElement name="AccountSetting.PasswordExpirationSection.popupPE.tbReminderIn"
                    value="//input[@data-automation-id='input-reminder-in']"/>
        <WebElement name="AccountSetting.PasswordExpirationSection.popupPE.btnSave"
                    value="//button[@data-automation-id='btn-ok-save-password-expiration']"/>
        <!-- Popup Disable Password Expiration -->
        <WebElement name="AccountSetting.PasswordExpirationSection.popupDisablePE"
                    value="//div[@class='ant-modal-content']"/>
        <WebElement name="AccountSetting.PasswordExpirationSection.popupDisablePE.txtTitle"
                    value="//div[@class='ant-modal-title' and .='Disable Password Expiration']"/>
        <WebElement name="AccountSetting.PasswordExpirationSection.popupDisablePE.txtContent"
                    value="//div[@class='ant-modal-content']/div/p"/>
        <WebElement name="AccountSetting.PasswordExpirationSection.popupDisablePE.btnClose"
                    value="//span[@class='ant-modal-close-x']"/>
        <WebElement name="AccountSetting.PasswordExpirationSection.popupDisablePE.btnCancel"
                    value="//button[@data-automation-id='btn-cancel-disable-password-expiration']"/>
        <WebElement name="AccountSetting.PasswordExpirationSection.popupDisablePE.btnOK"
                    value="//button[@data-automation-id='btn-ok-disable-password-expiration']"/>
        <!-- Notification Popup after enable/disable/edit Password Expiration -->
        <WebElement name="AccountSetting.PasswordExpirationSection.popupAfterConfigured"
                    value="ant-notification-notice ant-notification-notice-closable"/>
        <WebElement name="AccountSetting.PasswordExpirationSection.popupAfterConfigured.txtContent"
                    value="//div[@class='ant-notification-notice-message']"/>
    </WebElements>
</WebElementMap>
