<WebElementMap name="NextGen WebUI Element Mapping - Reports Map" description="" >

    <WebElements>
    	<WebElement name="GeoLocation.CountriesTab"								value="//ul[@class='nav nav-tabs']//span[text()='Countries']" />
        <WebElement name="GeoLocation.TabularTab"								value="//ul[@class='nav nav-tabs']//span[text()='Tabular Device Data']" />
        <WebElement name="GeoLocation.TabularTab.Fixed.Table"					value="//div[@class='geo-tabular-data-container']//div[contains(@class, 'public_fixedDataTable_main')]//div[contains(@class, 'public_fixedDataTable_header')]//a[@role='presentation']" />
        <WebElement name="GeoLocation.CountriesTab.number"                      value="//ul[@class='nav nav-tabs']//span[text()='Countries']/../h1" />
        <WebElement name="GeoLocation.TabularTab.number"						value="//ul[@class='nav nav-tabs']//span[text()='Tabular Device Data']/../h1" />
        <WebElement name="GeoLocation.EditFilter.DataField.Custom"				value="//div[contains(@class, 'ant-select-dropdown')]//li[text()='%s']" />

        <WebElement name="GeoLocation.Tabular.ColumnName.Custom"	    		value="//div[contains(@class,'geo-tabular-data')]//div[contains(@class, 'header')]//a[@role='presentation' and text()='%s']" />

        <WebElement name="GeoLocation.Report.Custom.Dialog.Save"				value="//div[contains(@class,'dialog')]//button[text()='Save']" />
        <WebElement name="GeoLocation.Report.Custom.Dialog.Close"				value="//div[contains(@class,'dialog')]//button[text()='Close']" />
        <WebElement name="Geolocation.pageTitle.NameCustom"             		value="//div[@class='geolocation-header-name-description']/h1[text()='%s']" />
        <WebElement name="Geolocation.CustomURL.ByText"                 		value="//a[text()='%s']" />
        <WebElement name="Geolocation.Tracking.CustomURL.ByHref"            	value="//div[@class='geo-tracking-description']/div/a[@href='%s']" />
        <WebElement name="Geolocation.DeviceLocations.Item"            	        value="//div[contains(@class,'list-nav')]//a[contains(@class, 'is-pages-ng-app-geolocation-00000000-0000-0000-0000-000000000280-secondary-item-link')]" />
        <WebElement name="Geolocation.CustomReport.Item"            	        value="//div[@class='list-nav']//a[contains(@class, 'is-custom-report')]" />
        <WebElement name="Geolocation.Settings.link"            	            value="//a[contains(@class, 'is-links-geolocation-geosettings')]" />
        <WebElement name="Geolocation.Settings.Geofence.Toggle"            	    value="//div[contains(@class, 'geofence-display')]//span[@class='ant-switch-inner']" />
        <WebElement name="Geolocation.Settings.Technology.Save.Button"          value="//button[contains(@class, 'primary')]" />
        <WebElement name="Geolocation.Settings.Technology.Cancel.Button"        value="//button[contains(@class, 'second')]" />
        <WebElement name="Geolocation.Settings.Technology.CustomPriority.Dropdown" value="//select[contains(@name, '%s')]" />
        <WebElement name="Geolocation.Dashboard.DeviceLocation.Link"               value="//div[contains(@class, 'geolocation-widget')]//a[contains(@href, '280')]" />
        <WebElement name="Geolocation.Dashboard.Widget.Map"                     value="//div[@class='gm-style']" />
        <WebElement name="Geolocation.DeviceLocation.ShowHideColumns.Button"    value="//button[contains(., 'Show/Hide Columns')]" />
        <WebElement name="Geolocation.DeviceLocation.ShowHideColumns.Custom.List"    value="//div[contains(@class,'droppable-container')]//div[contains(@class,'drap-drop-item-overflow-wrapper')]"/>
        <WebElement name="Geolocation.DeviceLocation.SelectDataFieldFilter"     value="//div[@class='rule--field']//div[text()='Select Field']" />
        <WebElement name="Geolocation.DeviceLocation.DeviceNumber"              value="//div[@class='tab-content' and descendant::span[text()='Tabular Device Data']]//h1" />
        <WebElement name="Geolocation.DeviceLocations.Title.Custom"             		value="//div[@class='geolocation-header-name-description']/h1[text()='%s']" />
        <WebElement name="Geolocation.DeviceLocation.ReportOptions"             value="//div[contains(@class, 'geolocation-header-action')]//button[contains(@class, 'dropdown-toggle')]" />
        <WebElement name="Geolocation.DeviceLocation.ReportOptions.SaveAs"             value="//div[contains(@class, 'geolocation-header-action')]//button[text()='Save As']" />
        <WebElement name="Geolocation.DeviceLocation.ReportOptions.Edit"             value="//div[contains(@class, 'geolocation-header-action')]//button[text()='Edit']" />
        <WebElement name="Geolocation.DeviceLocation.ReportOptions.Delete"             value="//div[contains(@class, 'geolocation-header-action')]//button[text()='Delete']" />
        <WebElement name="Geolocation.DeviceLocation.Save"             value="//div[contains(@class, 'geolocation-header-action')]//button[contains(@class, 'save')]" />
        <WebElement name="Geolocation.DeviceLocation.SaveAs.TxtReportName"             value="//input[@type='text']" />
        <WebElement name="Geolocation.DeviceLocation.SaveAs.TxtDescription"             value="//textarea[@type='textarea']" />
        <WebElement name="Geolocation.Modal.BtnConfirm"                         value="//div[contains(@class, 'modal')]//button[contains(@class,'btn-warning') or @type='submit' or contains(@class,'btn-primary')]" />
        <WebElement name="Geolocation.Modal.BtnCancel"                           value="//div[contains(@class, 'modal')]//button[contains(@class,'btn-secondary')]" />
        <WebElement name="Geolocation.Modal.Invalid"                           value="//div[contains(@class, 'invalid-feedback')]" />
        <WebElement name="Geolocation.Help.Icon.Id"                           value="//a[contains(@class,'is-button-for-help') and contains(@href, 'cshid=%s')]" />
        <WebElement name="Geolocation.LeftPanelSecondary.Item.Custom"                           value="//div[@id='leftPanelSecondary']//span[contains(@class, 'name')]//span[contains(., '%s')]" />
    </WebElements>

</WebElementMap>
