<WebElementMap name="NextGen WebUI Element Mapping - Role Management" description="" >

    <WebElements>
        <WebElement name="Role.Properties.Name"						                value="//div[contains(@class,'list-view-header__name list-header-name')]/h1"/>
        <WebElement name="Role.Properties.Description"						        value="//div[contains(@class,'list-view-header__name list-header-name')]/div/div"/>

        <WebElement name="Permission.DropdownBaseRole"                              value="//*[@id='legacyPermissions']"/>
        <WebElement name="Permission.DropdownBaseRole.Option"                       value="//option[@value='v.BaseRole']"/>
        <WebElement name="Permission.Category"						                value="//table[@class='paged-table free']//tr[v.No]//td"/>
        <WebElement name="Permission.Category.SubCategory"							value="//table[@class='paged-table free']//tr[v.No1]//td[v.No2]"/>
        <WebElement name="Permission.Category.SubCategory.Permission"				value="//table[@class='paged-table free']//tr[v.No1]//td[v.No2]//span"/>
        <WebElement name="Permission.Category.SubCategory.Action"					value="//table[@class='paged-table free']//tr[v.No1]//td[v.No2]//span[v.No3]"/>
        <WebElement name="Permission.ContainersList"	            				value="//div[@class='free-container reset-origin']"/>
        <WebElement name="Permission.CreateRole.ContainersList"	            		value="//div[@class='permission-role-modal-container']//div[@class='free-container reset-origin']"/>

        <WebElement name="Permission.DeleteData.View"						        value="//input[@id='edit-device-actions-delete-data-view' and @disabled]"/>
        <WebElement name="Permission.DeleteData.Perform"							value="//input[@id='edit-device-actions-delete-data-otheractions' and @disabled]"/>
        <WebElement name="Permission.FreezeDevice.View"				                value="//input[@id='edit-device-actions-freeze-device-view' and @disabled]"/>
        <WebElement name="Permission.FreezeDevice.Perform"					        value="//input[@id='edit-device-actions-freeze-device-otheractions' and @disabled]"/>

        <WebElement name="Role.RolesList"                                           value="//div[@data-automation-id='defaultnodes-nested-list-subtitle']"/>
        <WebElement name="Role.RoleList.SpecificRole"                               value="//div[contains(@data-automation-id,'%s')]"/>
        <WebElement name="Role.RoleList.AnyRole"                                    value="//a[@role='presentation']//div[contains(., 'v.anyRole')]"/>
        <WebElement name="Role.Buttons.NewRole"                                     value="//div[@class='nested-list-action-item-icon-newCustomRole']" />
        <WebElement name="Role.Buttons.Duplicate"                                   value="//div[@class='nested-list-action-item-icon-duplicateRole']" />
        <WebElement name="Role.RoleDetails.FieldName"                               value="//*[@id='roleName']" />
        <WebElement name="Role.RoleDetails.IconPlusDesc"                            value="//span[@class='icon-plus']" />
        <WebElement name="Role.RoleDetails.FieldDescription"                        value="//*[@id='roleDesc']" />
        <WebElement name="Role.RoleDetails.ButtonCancel"                            value="//button[contains(@class,'is-button-for-cancel')]" />
        <WebElement name="Role.RoleDetails.ButtonNext"                              value="//div[contains(@class,'show-block')]//button[contains(@class,'is-button-for-next')]" />
        <WebElement name="Role.RoleDetails.ButtonPrevious"                          value="//button[contains(@class,'is-button-for-previous')]" />
        <WebElement name="Role.RoleDetails.ButtonCreateRole"                        value="//button[@type='submit']" />
        <WebElement name="Role.RoleDetails.ButtonClose"                             value="//button[contains(@class,'is-button-secondary')]" />
        <WebElement name="Role.RoleDetails.ButtonOK"                                value="//button[contains(@class,'is-button-for-confirm')]" />
        <WebElement name="Role.RoleDetails.CheckboxPermission"                      value="//input[@id='edit-v.anyCategory-v.anyAction']"/>
        <WebElement name="Role.RoleDetails.DropdownActions"                         value="//button[contains(@class,'is-button-for-dropdown-toggle')]" />
        <WebElement name="Role.RoleDetails.DropdownActions.Edit"                    value="//button[contains(@class,'is-button-for-edit-name-and-description')]" />
        <WebElement name="Role.RoleDetails.DropdownActions.Delete"                  value="//button[contains(@class,'is-button-for-delete-role')]" />
        <WebElement name="Role.RoleDetails.EditProperties.Desc"                     value="//*[@id='NewTitleDescription']" />
        <WebElement name="Role.RoleDetails.EditProperties.Save"                     value="//button[@class='btn btn-action' and .='Save']" />
        <WebElement name="Role.RoleDetails.EditPermissions"                         value="//button[contains(@class,'is-button-for-edit-role')]" />
        <WebElement name="Role.RoleDetails.EditPermissions.Save"                    value="//button[@class='btn btn-action' and text()='Save']" />
        <WebElement name="Role.RoleDetails.EditPermissions.Delete"                  value="//button[@class='btn delete-button' and text()='Delete']" />
        <WebElement name="Role.RoleDetails.EditBaseRole"                            value="//button[contains(@class,'is-button-for-edit-base-role')]" />
        <WebElement name="Role.RoleDetails.EditBaseRole.Save"                       value="//button[contains(@class, 'is-button-for-confirm')]" />

        <WebElement name="Role.Selected"                                            value="//div[@class='virtual-pages-container']//li[contains(@class,'selected')]" />
        <WebElement name="Role.RoleDetails.DeleteMessageAssigned"                   value="//div[@class='warning-description-content']/p" />
        <WebElement name="Role.RoleDetails.ButtonCancelDelete"                      value="//button[contains(@class,'btn btn-low') and text()='Cancel']" />
        <WebElement name="Role.RoleDetails.SearchUser"                              value="//input[contains(@class,'snap-view-search-input')]" />
        <WebElement name="Role.RoleDetails.UserCheckbox"                            value="//input[contains(@class,'is-select-checkbox')]" />
        <WebElement name="Role.RoleDetails.AssignedUsers"                           value="//button[contains(@class,'is-button-for-show-assigned-users')]" />
        <WebElement name="Role.RoleDetails.CloseButton"                             value="//div[contains(@class,'modal-dialog--small')]/div[3]//button"/>
        <WebElement name="Role.RoleDetails.EditAssignedUsersButton"                 value="//button[contains(@class,'is-button-for-assign-users')]" />
        <WebElement name="Role.RoleDetails.EditManageableRolesButton"               value="//button[contains(@class,'is-button-for-assign-roles')]" />
        <WebElement name="Role.RoleDetails.AssignRoles.CheckboxInclude"             value="//*[@id='included_role']" />
        <WebElement name="Role.RoleDetails.AssignRoles.CheckboxSelectAll"           value="//input[@class='is-select-all-checkbox']" />
        <WebElement name="Role.RoleDetails.AssignRoles.CheckboxAssignedRoles"       value="//tr[@data-id='v.anyRoleId']//input" />

        <WebElement name="Role.RoleDetails.ClassicRoleTab"                          value="//button[contains(@class,'is-button-for-show-classic-role-details')]"/>
        <WebElement name="Role.RoleDetails.PermissionsTab"                          value="//button[contains(@class,'is-button-for-show-role-details')]"/>
        <WebElement name="Role.RoleDetails.ManageableRolesTab"                      value="//button[contains(@class,'is-button-for-show-assigned-roles')]"/>
        <WebElement name="Role.RoleDetails.AssignedUsersTab"                        value="//button[contains(@class,'is-button-for-show-assigned-users')]"/>

        <WebElement name="Role.ManageableRolesTab.CheckedDisabled"                  value="//tr[contains(@class,'selected disabled')]//td[text()='v.anyRole']"/>
        <WebElement name="Role.ManageableRolesTab.UncheckedDisabled"                value="//tr[not(contains(@class,'selected'))and contains(@class,'disabled')]//td[text()='v.anyRole']"/>
        <WebElement name="Role.ManageableRolesTab.RoleItem"                         value="//td[text()='v.anyRole']"/>
        <WebElement name="Role.ManageableRolesTab.Column.Name"                      value="//table[@class='paged-table free']//tr/td[1]"/>
        <WebElement name="Role.ManageableRolesTab.Column.Description"               value="//table[@class='paged-table free']//tr/td[2]"/>
        
        <WebElement name="User.InviteUser.Button"                                   value="//button[contains(@class,'is-button-for-invite-user ember-view')]"/>
        <WebElement name="User.EmailAddress.FieldName"                              value="//*[@id='emailField']"/>
        <WebElement name="User.FirstName.FieldName"                                 value="//*[@id='firstNameField']"/>
        <WebElement name="User.LastName.FieldName"                                  value="//*[@id='lastNameField']"/>
        <WebElement name="User.Next.Button"                                         value="//button[@class='btn btn-action']" />
        <WebElement name="User.Role.Dropdown"                                       value="//*[@id='role']" />
        <WebElement name="User.DeviceGroup.DropdownIcon"                            value="//button[contains(@class,'device-group-picker-button')]" />
        <WebElement name="User.DeviceGroup.CheckboxList"                            value="//input[contains(@id,'cus-checkbox')]" />

        <WebElement name="User.DeviceGroup.DoneButton"                              value="//button[@class='btn btn-action is-button-for-next']" />
        <WebElement name="User.DeviceGroup.CancelButton"                            value="//button[@class='btn btn-low is-button-for-cancel']" />
        <WebElement name="User.InviteUserScreen.InviteButton"                       value="//button[@class='btn btn-action']" />
        <WebElement name="User.InviteUserScreen.CancelButton"                       value="//button[@class='btn btn-low']" />
        <WebElement name="User.UserPreferences.DeviceGroupNode"                     value="//div[@class='virtual-pages-container']//div[contains(@class,'ember')]/div" />

    </WebElements>

</WebElementMap>