<WebElementMap name="NextGen WebUI Element Mapping - Alerts defintions" description="">
    <WebElements>
        <!-- Alerts definitions landing page -->
        <WebElement name="AlertsDefinitions.Landing.AddButton" value="//a[contains(@class,'add-btn')]"/>
        <WebElement name="AlertsDefinitions.AlertsDefinitionsList.Name" value="//div[contains(text(),'%s')]"/>
        <WebElement name="AlertsDefinitions.AlertsDefinitionsList.Description" value="//div[div[contains(text(),'%s')]]/div[contains(@class,'sub-label')]"/>
        <WebElement name="AlertsDefinitions.AlertsDefinitionsList.AlertDisabled" value="//a[contains(@class,'%s')]//div[contains(@class,'is-alert-disabled')]"/>

        <!-- Alerts definitions creation page -->
        <WebElement name="AlertsDefinitions.NewAlertDefinition.Name" value="//input[@id='name']"/>
        <WebElement name="AlertsDefinitions.NewAlertDefinition.Description" value="//textarea[@id='description']"/>
        <WebElement name="AlertsDefinitions.NewAlertDefinition.Severity" value="//select[@name='severity']"/>
        <WebElement name="AlertsDefinitions.NewAlertDefinition.SeverityLow" value="//option[@value='LOW']"/>
        <WebElement name="AlertsDefinitions.NewAlertDefinition.SeverityNormal" value="//option[@value='NORMAL']"/>
        <WebElement name="AlertsDefinitions.NewAlertDefinition.SeverityHigh" value="//option[@value='HIGH']"/>
        <WebElement name="AlertsDefinitions.NewAlertDefinition.Email" value="//input[@type='email']"/>
        <WebElement name="AlertsDefinitions.NewAlertDefinition.Disabled" value="//label[@for='alertStatusToggle']"/>
        <WebElement name="AlertsDefinitions.NewAlertDefinition.SaveButton" value="//button[contains(@class,'btn-save')]"/>
        <WebElement name="AlertsDefinitions.NewAlertDefinition.CancelButton" value="//button[contains(@class,'btn-cancel')]"/>

        <!-- Alerts definitions update page -->
        <WebElement name="AlertsDefinitions.UpdateAlertDefinition.UpdateButton" value="//button[contains(@class,'button-for-update')]"/>
        <WebElement name="AlertsDefinitions.UpdateAlertDefinition.DeleteButton" value="//button[contains(@class,'button-for-delete')]"/>
        <WebElement name="AlertsDefinitions.UpdateAlertDefinition.RequestFailed" value="//span[contains(text(),'Request failed')]"/>
        <WebElement name="AlertsDefinitions.UpdateAlertDefinition.AlertStatus" value="//input[@class='alertStatusToggle']"/>
        <WebElement name="AlertsDefinitions.UpdateAlertDefinition.AlertStatusToggle" value="//div[input[@class='alertStatusToggle']]"/>
        <WebElement name="AlertsDefinitions.UpdateAlertDefinition.DeleteDialog" value="//div[@class='ant-modal-body']"/>
        <WebElement name="AlertsDefinitions.UpdateAlertDefinition.DeleteDialogAccept" value="//div[@class='ant-confirm-btns']/button[contains(@class,'ant-btn-danger')]"/>
        <WebElement name="AlertsDefinitions.UpdateAlertDefinition.DeleteDialogCancel" value="//div[@class='ant-confirm-btns']/button[@class='ant-btn']"/>

        <!-- Alerts definitions rule building -->
        <WebElement name="AlertsDefinitions.AlertDefinitionRule.AddRuleButton" value="//button[contains(@class,'ADD-RULE')]"/>
        <WebElement name="AlertsDefinitions.AlertDefinitionRule.RemoveRule" value="(//button[contains(@class,'btn-danger')])[%s]"/>
        <WebElement name="AlertsDefinitions.AlertDefinitionRule.Rules" value="//div[@class='rule group-or-rule']"/>
        <WebElement name="AlertsDefinitions.AlertDefinitionRule.RuleFields" value="(//div[@class='rule--field'])[%s]"/>
        <WebElement name="AlertsDefinitions.AlertDefinitionRule.FieldFilter" value="//div[contains(@class,'ant-select-dropdown') and not(contains(@class,'hidden'))]//div//ul//li[text()='%s']"/>
        <WebElement name="AlertsDefinitions.AlertDefinitionRule.RuleBuildingConditional" value="//button[contains(@class,'ant-btn-primary')]"/>
        <WebElement name="AlertsDefinitions.AlertDefinitionRule.Operator" value="(//div[@class='rule--operator'])[%s]"/>
        <WebElement name="AlertsDefinitions.AlertDefinitionRule.FilterText" value="//div[contains(@class,'group--children')]/*[%s]//div[@class='rule--value']//div[contains(@class,'TEXT')]//input"/>
        <WebElement name="AlertsDefinitions.AlertDefinitionRule.FilterDateText" value="//div[contains(@class,'group--children')]/*[%s]//div[contains(@class,'DATETIME')]"/>
        <WebElement name="AlertsDefinitions.AlertDefinitionRule.RuleDropdown" value="//div[contains(@class,'ant-select-dropdown') and not(contains(@class,'hidden'))]//div//ul"/>
        <WebElement name="AlertsDefinitions.AlertDefinitionRule.FilterDateTextButton" value="//div[contains(@class,'group--children')]/*[%s]//div[contains(@class,'DATETIME')]//span//input"/>
        <WebElement name="AlertsDefinitions.AlertDefinitionRule.FilterInitialDate" value="(//div[contains(@class,'group--children')]/*[%s]//div[contains(@class,'DATETIME')]//span//input)[1]"/>
        <WebElement name="AlertsDefinitions.AlertDefinitionRule.FilterEndDate" value="(//div[contains(@class,'group--children')]/*[%s]//div[contains(@class,'DATETIME')]//span//input)[2]"/>
        <WebElement name="AlertsDefinitions.AlertDefinitionRule.DatePicker" value="//td[contains(@title,'%s')]"/>
    </WebElements>
</WebElementMap>
