<WebElementMap name="DDS WebUI Element Mapping - DDS5 Classic Report Map" description="">
    <WebElements>
        <!-- Asset Report Page -->
        <WebElement name = "DD5.AssetReport.FilterFieldComboBox"
                    value = "//select[contains(@id,'usrFields_ddlValues')]"/>
        <WebElement name = "DDS5.AssetReport.fieldValueTxt"
                    value = "//input[contains(@id,'usrFields_tbxValue')]"/>
        <WebElement name = "DDS5.AssetReport.ShowResultBtn"
                    value = "//input[contains(@id,'usrFooter_btnSubmit')]"/>
        <WebElement name = "DDS5.AssetReport.IdentifierTextLink"
                    value = "//a[.='%s']"/>

        <!-- Activation Report Page -->
        <WebElement name = "DD5.ActivationReport.FilterFieldComboBox"
                    value = "//select[contains(@id,'usrFields_ddlValues')]"/>
        <WebElement name = "DDS5.ActivationReport.fieldValueTxt"
                    value = "//input[contains(@id,'usrFields_tbxValue')]"/>
        <WebElement name = "DDS5.ActivationReport.ChangeOccurredTxt"
                    value = "//input[contains(@id,'bxDaysFilter')]"/>
        <WebElement name = "DDS5.ActivationReport.ShowResultBtn"
                    value = "//input[contains(@id,'usrSearchCriteria_btnSubmit')]"/>
        <WebElement name = "DDS5.ActivationReport.IdentifierTextLink"
                    value = "//a[.='%s']"/>


        <!-- Investigations Summary -->
        <WebElement name = "DD5.InvestigationsSummary.ReportSearchTxt"
                    value = "//input[contains(@id,'usrSearchCriteria_tbxKeyword')]"/>
        <WebElement name = "DD5.InvestigationsSummary.ClosedChk"
                    value = "//input[contains(@id,'usrSearchCriteria_cbxMainClosed')]"/>
        <WebElement name = "DD5.InvestigationsSummary.ShowResultBtn"
                    value = "//input[@class='buttonShowResults']"/>
        <WebElement name = "DD5.InvestigationsSummary.ReportIdLnk"
                    value = "//a[contains(.,'%s')]/../../td/a[contains(@id,'lnkBtnReportId')]"/>
        <WebElement name = "DD5.InvestigationsSummary.CreateReportBtn"
                    value = "//input[contains(@id,'btnCreateTheftReport')]"/>
        <WebElement name = "DD5.InvestigationsSummary.ChooseBtn"
                    value = "//input[contains(@id,'btnChooseEsn')]"/>
        <WebElement name = "DD5.InvestigationsSummary.ChooseIdentifier.FilterTxt"
                    value = "//input[contains(@id,'tbxFilter')]"/>
        <WebElement name = "DD5.InvestigationsSummary.ChooseIdentifier.FilterBtn"
                    value = "//input[contains(@id,'btnFilter')]"/>
        <WebElement name = "DD5.InvestigationsSummary.ChooseIdentifier.EsnLnk"
                    value = "//td[.='%s']"/>
        <WebElement name = "DD5.InvestigationsSummary.CreateReport.DateTxt"
                    value = "//input[contains(@id,'tbxDate')]"/>
        <WebElement name = "DD5.InvestigationsSummary.CreateReport.TimeTxt"
                    value = "//input[contains(@id,'tbxTime')]"/>
        <WebElement name = "DD5.InvestigationsSummary.CreateReport.VictimNameTxt"
                    value = "//input[contains(@id,'tbxVictimName')]"/>
        <WebElement name = "DD5.InvestigationsSummary.CreateReport.CityTxt"
                    value = "//input[contains(@id,'tbxTheftCity')]"/>
        <WebElement name = "DD5.InvestigationsSummary.CreateReport.CountryCbx"
                    value = "//select[contains(@id,'ddlTheftCountry')]"/>
        <WebElement name = "DD5.InvestigationsSummary.CreateReport.AddressTxt"
                    value = "//input[contains(@id,'tbxTheftAddress1')]"/>
        <WebElement name = "DD5.InvestigationsSummary.CreateReport.DetailsTxt"
                    value = "//textarea[contains(@id,'tbxDetailsOfTheft')]"/>
        <WebElement name = "DD5.InvestigationsSummary.CreateReport.AgencyTxt"
                    value = "//input[contains(@id,'tbxRecoveryAgency')]"/>
        <WebElement name = "DD5.InvestigationsSummary.CreateReport.PoliceFileNumberTxt"
                    value = "//input[contains(@id,'tbxPoliceFileNumber')]"/>
        <WebElement name = "DD5.InvestigationsSummary.CreateReport.PolicyFileNumberChk"
                    value = "//input[contains(@id,'cbxPolicyFileNumber')]"/>
        <WebElement name = "DD5.InvestigationsSummary.CreateReport.JobTitleTxt"
                    value = "//input[contains(@id,'tbxJobTitle')]"/>
        <WebElement name = "DD5.InvestigationsSummary.CreateReport.PhoneNumberTxt"
                    value = "//input[@id='ctl00_bodyContent_tbxPhone']"/>
        <WebElement name = "DD5.InvestigationsSummary.CreateReport.ConsentChk"
                    value = "//input[contains(@id,'chkInstallationAgreement')]"/>
        <WebElement name = "DD5.InvestigationsSummary.CreateReport.SendReportBtn"
                    value = "//input[contains(@id,'btnSend2')]"/>
        <WebElement name = "DD5.InvestigationsSummary.CreateReport.ReportIsCorrectBtn"
                    value = "//input[contains(@id,'btnReportIsCorrect')]"/>
        <WebElement name = "DD5.InvestigationsSummary.CreateReport.NewReportId"
                    value = "//span[contains(@id,'lblTheftReportID')]/a"/>
    </WebElements>
</WebElementMap>
