<WebElementMap name="NextGen WebUI Element Mapping - Device Details Map" description="" >

	<WebElements>
        <WebElement name="DeviceDetails.Page"   						 								            value="//div[contains(@class, 'device-view-header')]" />
        <WebElement name="DeviceDetails.TabDeviceDetails"   						 								value="//div[@class='tabs-menu']/ul//li/a[contains(@class,'tab-device-details')]" />
        <WebElement name="DeviceDetails.TabHardware"   						 										value="//div[@class='tabs-menu']/ul//label[contains(@class,'tab-hardware-items')]/ancestor::li" />
        <WebElement name="DeviceDetails.TabHardware.Title"   						 								value="//div[contains(@class,'hardware-item-title')]" />
        <WebElement name="DeviceDetails.TabSoftware"   						 										value="//div[@class='tabs-menu']/ul//li/a[contains(@class,'tab-software')]" />
        <WebElement name="DeviceDetails.TabEDDSummary"   						 									value="//div[@class='tabs-menu']/ul//li/a[contains(@class,'tab-dd-summary')]" />
        <WebElement name="DeviceDetails.TabEDDHistory"   						 									value="//div[@class='tabs-menu']/ul//li/a[contains(@class,'tab-dd-history')]" />
        <WebElement name="DeviceDetails.TabDeviceGroups"   						 									value="//div[@class='tabs-menu']/ul//li/a[contains(@class,'tab-device-groups')]" />
        <WebElement name="DeviceDetails.TabPolicies"   						 										value="//div[@class='tabs-menu']/ul//li/a[contains(@class,'tab-policies')]" />
        <WebElement name="DeviceDetails.TabPolicies.Content"   						 								value="//div[contains(@class,'policy-group-info')]" />
        <WebElement name="DeviceDetails.TabCustomFields"   						 									value="//div[@class='tabs-menu']/ul//li/a[contains(@class,'custom-fields')]" />
        <WebElement name="DeviceDetails.TabReachDeviceFields"   						 							value="//div[@class='tabs-menu']/ul//li/a[contains(@class,'is-button-for-tab-device-reach-fields')]" />
        <WebElement name="DeviceDetails.TabUsageEventDetails"                                                       value="//div[@class='tabs-menu']/ul//li/a[contains(@class,'is-cc-report-devices-show-device-usage-event-details') or contains(@class,'is-cc-policies-item-device-related-usage-event-details')]"/>
        <WebElement name="DeviceDetails.TabEventHistory"                                                            value="//div[@class='tabs-menu']/ul//li/a[contains(@class,'is-cc-report-devices-show-device-audit') or contains(@class, 'is-cc-policies-item-device-related-audit')]" />
        <WebElement name="DeviceDetails.TabAndroidVulnerability"                                                    value="//div[@class='tabs-menu']/ul//li/a[contains(@class,'is-button-for-tab-asp ')]"/>

        <WebElement name="DeviceDetails.HeaderOSVersion"   						 									value="//div[contains(@class,'table-cell')]//span[@class='os-version']" />
        <WebElement name="DeviceDetails.HeaderAgentStatus"   						 								value="//div[contains(@class,'table-cell')]//span[@class='icon-checkmark1 active']" />
        <WebElement name="DeviceDetails.HeaderIdentifier"   						 								value="//div[contains(@class,'device-header-name__description')]//span[2]" />
        <WebElement name="DeviceDetails.DeviceFreezeStatus"   						 								value="//tr[contains(concat(' ', normalize-space(@class), ' '),' is-container-for-status ')]/td[1]" />
        <WebElement name="DeviceDetails.DeviceFreezeStatusValue"   						 							value="//span[contains(@class,'is-container-for-status-value')]" />
        <WebElement name="DeviceDetails.DeviceFreezePasscode"   						 							value="//tr[contains(concat(' ', normalize-space(@class), ' '),' is-container-for-status-unfreeze-code ')]/td[1]" />
        <WebElement name="DeviceDetails.DeviceFreezePasscodeValue"   						 						value="//tr[contains(concat(' ', normalize-space(@class), ' '),' is-container-for-status-unfreeze-code ')]//span[contains(@class,'is-container-for-status-unfreeze-code-value')]" />

        <WebElement name="DeviceDetails.DeviceFreezeStatusCollapsible"                                              value="//div[contains(@data-name,'device-freeze-action-status')]" />
        <WebElement name="DeviceDetails.DeviceFreezeAction.OnDemandDeviceFreezeStatus"                              value="//tr[contains(@class,'is-dfz-action-status-for-ondemand')]"/>
        <WebElement name="DeviceDetails.DeviceFreezeAction.OnDemandDeviceFreezePassCode"                            value="//tr[contains(@class,'is-dfz-action-passcode-for-ondemand')]"/>
        <WebElement name="DeviceDetails.DeviceFreezeAction.ScheduledDeviceFreezeStatus"                             value="//tr[contains(@class,'is-dfz-action-status-for-scheduled')]" />
        <WebElement name="DeviceDetails.DeviceFreezeAction.ScheduledDeviceFreezePassCode"                           value="//tr[contains(@class,'is-dfz-action-passcode-for-scheduled')]"/>
        <WebElement name="DeviceDetails.DeviceFreezeAction.OfflineDeviceFreezeStatus"                               value="//tr[contains(@class,'is-dfz-action-status-for-offline')]"/>
        <WebElement name="DeviceDetails.DeviceFreezeAction.OfflineDeviceFreezePasscode"                             value="//tr[contains(@class,'is-dfz-action-passcode-for-offline')]" />


        <WebElement name="DeviceDetails.Actions.BtnFreezeDevice"   						 							value="//button[contains(@class,'is-button-for-begin-device-freeze-with-id')]" />
        <WebElement name="DeviceDetails.Actions.ConditionalFreeze"   						 				        value="//button[contains(@class,'is-button-for-begin-conditional-freeze-with-id')]" />
        <WebElement name="DeviceDetails.Actions.RemoveFreeze"   						 				            value="//button[contains(@class,'is-button-for-begin-remove-freeze-with-id')]" />
        <WebElement name="DeviceDetails.Actions.BtnCancelDeviceFreeze"   						 					value="//button[contains(@class,'is-button-for-cancel-device-freeze-with-id') or contains(@class,'is-button-for-unfreeze-device-with-id')]" />
        <WebElement name="DeviceDetails.Actions.BtnDataDelete"   						 							value="//button[contains(@class,'delete')]" />
        <WebElement name="DeviceDetails.Actions.DeleteFiles"                                                        value="//button[contains(@class,'is-button-for-begin-file-delete-with-id')]"     />
        <WebElement name="DeviceDetails.Actions.UnenrollDevice.EligiblePopup"                                       value="//div[contains(@class,'is-container-for-unenroll-device')]//h3" />
        <WebElement name="DeviceDetails.DataDelete.ModalWindow"   						 							value="//div[contains(@id,'ctl00_bodyContent_usrDataDeleteSelectDetail_mbSelectDeviceDialog_pnlWindow')]" />
        <WebElement name="DeviceDetails.DataDelete.ModalWindow.DeviceSelected"   						 			value="//tr[contains(@class,'selectedrow') or ./td/img[contains(@src,'Alert')]]" />
        <WebElement name="DeviceDetails.DataDelete.ModalWindow.BtnCancel"   						 				value="//input[@id='ctl00_bodyContent_usrDataDeleteSelectDetail_mbSelectDeviceDialog_btnCancel']" />
        <WebElement name="DeviceDetails.Hardware.TabMemory"   						 								value="//li[contains(@class,'menu-open')]//li/a[contains(@class,'memory')]" />
        <WebElement name="DeviceDetails.Hardware.TabMemory.SystemMemory"                                            value="//h3[text()='System Memory']//ancestor::div[contains(@class,'content-closed')]//div[contains(.,'not available')]"/>
		<WebElement name="DeviceDetails.Hardware.TabMemoryAndStorage"   						 					value="//li[contains(@class,'menu-open')]//li/a[contains(@class,'memory-storage')]" />
        <WebElement name="DeviceDetails.Hardware.TabCPU"   						 									value="//li[contains(@class,'menu-open')]//li/a[contains(@class,'cpu')]" />
        <WebElement name="DeviceDetails.Hardware.TabCPU.L2CacheSize"                                                value="//td[contains(.,'L2 Cache')]"/>
        <WebElement name="DeviceDetails.Hardware.TabCPU.L3CacheSize"                                                value="//td[contains(.,'L3 Cache')]"/>
        <WebElement name="DeviceDetails.Hardware.TabCDRom"   						 								value="//li[contains(@class,'menu-open')]//li/a[contains(@class,'cd-rom')]" />
        <WebElement name="DeviceDetails.Hardware.TabSoundDevice"   						 							value="//li[contains(@class,'menu-open')]//li/a[contains(@class,'sound-device')]" />
        <WebElement name="DeviceDetails.Hardware.TabCamera"   						 								value="//li[contains(@class,'menu-open')]//li/a[contains(@class,'camera')]" />
        <WebElement name="DeviceDetails.Hardware.TabDisplay"  						 								value="//li[contains(@class,'menu-open')]//li/a[contains(@class,'display')]" />
        <WebElement name="DeviceDetails.Hardware.TabInput"   						 								value="//li[contains(@class,'menu-open')]//li/a[contains(@class,'input')]" />
        <WebElement name="DeviceDetails.Hardware.TabModem"   						 								value="//li[contains(@class,'menu-open')]//li/a[contains(@class,'modem')]" />
        <WebElement name="DeviceDetails.Hardware.TabCellular"   						 							value="//li[contains(@class,'menu-open')]//li/a[contains(@class,'cellular')]" />
        <WebElement name="DeviceDetails.Hardware.TabNetwork"   						 								value="//li[contains(@class,'menu-open')]//li/a[contains(@class,'network')]" />
        <WebElement name="DeviceDetails.Hardware.TabStorage"   						 								value="//li[contains(@class,'menu-open')]//li/a[contains(@class,'storage')]" />
        <WebElement name="DeviceDetails.Hardware.TabPrinting"   						 							value="//li[contains(@class,'menu-open')]//li/a[contains(@class,'printing')]" />
        <WebElement name="DeviceDetails.Hardware.TabUsb"   						 									value="//li[contains(@class,'menu-open')]//li/a[contains(@class,'usb')]" />
		<WebElement name="DeviceDetails.DeviceDetails.Subsection.OperatingSytem.Title"								value="//h3[text()='Operating System']" />
		<WebElement name="DeviceDetails.DeviceDetails.Subsection.OperatingSytem.LastSecurityUpdated"				value="//div[@data-name='operating-system']//td[text()='Security Patch Level']" />
		<WebElement name="DeviceDetails.DeviceDetails.Subsection.OperatingSytem.UpdateBuildRevision"				value="//div[@data-name='operating-system']//td[text()='Update Build Revision']" />
		<WebElement name="DeviceDetails.DeviceDetails.Subsection.OperatingSytem.CurrentBuild"				        value="//div[@data-name='operating-system']//td[text()='Current Build']" />
		<WebElement name="DeviceDetails.DeviceDetails.Subsection.OperatingSytem.ReleaseID"				            value="//div[@data-name='operating-system']//td[text()='Release ID']" />
		<WebElement name="DeviceDetails.DeviceDetails.Subsection.OperatingSytem.EditionID"				            value="//div[@data-name='operating-system']//td[text()='Edition ID']" />
		<WebElement name="DeviceDetails.DeviceDetails.Subsection.SystemInformation.Title"							value="//h3[text()='System Information']" />
		<WebElement name="DeviceDetails.DeviceDetails.Subsection.SystemInformation.Name"							value="//div[@data-name='system-information']//td[text()='Name']" />
		<WebElement name="DeviceDetails.DeviceDetails.Subsection.SystemInformation.Processor"						value="//div[@data-name='system-information']//td[text()='Processor']" />
		<WebElement name="DeviceDetails.DeviceDetails.Subsection.Bios.Title"										value="//h3[text()='BIOS']" />
        <WebElement name="DeviceDetails.DeviceDetails.Subsection.Battery.Description"								value="//h3[text()='Battery']//ancestor::div[contains(@class,'content-closed')]//div[contains(.,'not available')]" />

        <WebElement name="DeviceDetails.DeviceDetails.Subsection.EncryptionStatus"                                  value="//div[contains(@class, 'device-details-content')]//div[contains(@class, 'device-details-table-body')]//td[text()='Encryption Status']"/>
        <WebElement name="DeviceDetails.DeviceDetails.Subsection.FullSystemName"                                    value="//div[contains(@class, 'device-details-content')]//div[contains(@class, 'device-details-table-body')]//td[text()='Full System Name']"/>

        <WebElement name="DeviceDetails.DeviceDetails.RMSProtectDialog"										        value="//h3[@class='dialog-header__title is-window-title' and contains(text(),'AIP')]" />
        <WebElement name="DeviceDetails.DeviceDetails.RMSProtectDialog.StepActive"								    value="//div[contains(@class,'show-block')]//ul[@class='modal-progress-steps']/li[index][contains(@class,'active-step')]" />
        <WebElement name="DeviceDetails.DeviceDetails.RMSProtectDialog.HelpIcon"								    value="//div[contains(@class,'show-block')]//div[@class='dialog-footer__icon']" />
        <WebElement name="DeviceDetails.DeviceDetails.RMSProtectDialog.Cancel"								        value="//div[contains(@class,'show-block')]//button[contains(@class,'is-button-for-cancel')]" />
        <WebElement name="DeviceDetails.DeviceDetails.RMSProtectDialog.Continue"								    value="//div[contains(@class,'show-block')]//button[contains(@class,'is-button-for-save')]" />
        <WebElement name="DeviceDetails.DeviceDetails.RMSProtectDialog.SelectedRecord"								value="//div[contains(@class,'show-block')]//tr[contains(@class,'selected') and contains(@class,'is-record')]" />
        <WebElement name="DeviceDetails.DeviceDetails.RMSProtectDialog.FileCount"								    value="//div[contains(@class,'show-block')]//p[contains(@class,'body-item__description')]"/>

        //Android Device Details
        <WebElement name="DeviceDetails.DeviceDetails.firstTableValues"								                value="//div[contains(@class,'device-details-table-body')]//tr[%d]/td[2]"/>


        <WebElement name="DeviceDetails.Hardware.TabCPU.ID"														value="//div[contains(@class,'content-collapsible')]/table/tr[1]/td[2]" />
        <WebElement name="DeviceDetails.Hardware.TabCPU.name"														value="//div[contains(@class,'content-collapsible')]/table/tr[2]/td[2]" />
        <WebElement name="DeviceDetails.Hardware.TabCPU.speed"														value="//div[contains(@class,'content-collapsible')]/table/tr[3]/td[2]" />

        <WebElement name="DeviceDetails.Hardware.TabMemoryAndStorage.Title"														value="//h3[contains(text(), 'Memory') AND contains(text(), 'Storage')]" />
		<WebElement name="DeviceDetails.Hardware.TabMemoryAndStorage.Subsection.Memory.Title"									value="//h3[text()='Memory']" />
		<WebElement name="DeviceDetails.Hardware.TabMemoryAndStorage.Subsection.Memory.AvailablePhysicalMemory"					value="//h3[text()='Memory']/../..//td[text()='Available Physical Memory']" />
		<WebElement name="DeviceDetails.Hardware.TabMemoryAndStorage.Subsection.Memory.AvailablePhysicalMemory2"			value="//h3[text()='Memory']/../..//td[text()='Available Physical Memory']/../td[2]" />
        <WebElement name="DeviceDetails.Hardware.TabMemoryAndStorage.Subsection.Memory.TotalPhysicalMemory"						value="//h3[text()='Memory']/../..//td[text()='Total Physical Memory']" />
        <WebElement name="DeviceDetails.Hardware.TabMemoryAndStorage.Subsection.Memory.TotalPhysicalMemory2"				value="//h3[text()='Memory']/../..//td[text()='Total Physical Memory']/../td[2]" />		
		<WebElement name="DeviceDetails.Hardware.TabMemoryAndStorage.Subsection.InternalStorage.Title"							value="//h3[text()='Internal Storage']" />
		<WebElement name="DeviceDetails.Hardware.TabMemoryAndStorage.Subsection.InternalStorage.AvailableSize"					value="//h3[text()='Internal Storage']/../..//td[text()[contains(.,'Available Space')]]" />
		<WebElement name="DeviceDetails.Hardware.TabMemoryAndStorage.Subsection.InternalStorage.AvailableSize2"			value="//h3[text()='Internal Storage']/../..//td[text()[contains(.,'Available Space')]]/../td[2]" />
        <WebElement name="DeviceDetails.Hardware.TabMemoryAndStorage.Subsection.InternalStorage.StorageCapacity"				value="//h3[text()='Internal Storage']/../..//td[text()='Storage Capacity']" />
        <WebElement name="DeviceDetails.Hardware.TabMemoryAndStorage.Subsection.InternalStorage.StorageCapacity2"			value="//h3[text()='Internal Storage']/../..//td[text()='Storage Capacity']/../td[2]" />		
		<WebElement name="DeviceDetails.Hardware.TabMemoryAndStorage.Subsection.ExternalStorage.Title"							value="//h3[text()='External Storage']" />
		<WebElement name="DeviceDetails.Hardware.TabMemoryAndStorage.Subsection.ExternalStorage.AvailableSize"					value="//h3[text()='External Storage']/../..//td[text()[contains(.,'Available Space')]]" />
		<WebElement name="DeviceDetails.Hardware.TabMemoryAndStorage.Subsection.ExternalStorage.AvailableSize2"			value="//h3[text()='External Storage']/../..//td[text()[contains(.,'Available Space')]]/../td[2]" />
        <WebElement name="DeviceDetails.Hardware.TabMemoryAndStorage.Subsection.ExternalStorage.StorageCapacity"				value="//h3[text()='External Storage']/../..//td[text()='Storage Capacity']" />
        <WebElement name="DeviceDetails.Hardware.TabMemoryAndStorage.Subsection.ExternalStorage.StorageCapacity2"			value="//h3[text()='External Storage']/../..//td[text()='Storage Capacity']/../td[2]" />
        <WebElement name="DeviceDetails.Hardware.Tabs.Subtitles"			                                            value="//div[contains(@class,'device-view-info-block')]//h3" />

        <WebElement name="DeviceDetails.Hardware.TabCellular.Title"													value="//h3[text()='Cellular']" />
        <WebElement name="DeviceDetails.Hardware.TabCellular.Subsection.Title"										value="//h3[text()='Cellular Networks']" />
        <WebElement name="DeviceDetails.Hardware.TabCellular.Subsection.CurrentNetworkName"							value="//div[@class='device-details-content']//td[text()='Mobile Network – Current']" />
        <WebElement name="DeviceDetails.Hardware.TabCellular.Subsection.HomeNetworkName"							value="//div[@class='device-details-content']//td[text()='Mobile Network – Home']" />
        <WebElement name="DeviceDetails.Hardware.TabCellular.Subsection.Enabled"							value="//div[contains(@class,'content-collapsible')]//table/tr[1]/td[2]" />
        <WebElement name="DeviceDetails.Hardware.TabCellular.Subsection.HomeNetworkName"							value="//div[contains(@class,'content-collapsible')]//table/tr[1]/td[2]" />
        <WebElement name="DeviceDetails.Hardware.TabCellular.Subsection.IMEI"							value="//div[contains(@class,'content-collapsible')]//table/tr[4]/td[2]" />
        <WebElement name="DeviceDetails.Hardware.TabCellular.Subsection.IMSI"							value="//div[contains(@class,'content-collapsible')]//table/tr[5]/td[2]" />
        <WebElement name="DeviceDetails.Hardware.TabCellular.Subsection.Phone"							value="//div[contains(@class,'content-collapsible')]//table/tr[6]/td[2]" />
        <WebElement name="DeviceDetails.Hardware.TabCellular.Subsection.SIM"							value="//div[contains(@class,'content-collapsible')]//table/tr[7]/td[2]" />
        <WebElement name="DeviceDetails.Hardware.TabCellular.Subsection.Type"							value="//div[contains(@class,'content-collapsible')]//table/tr[8]/td[2]" />

        <WebElement name="DeviceDetails.Hardware.TabModem.Title"													value="//h3[text()='Modem']" />
        <WebElement name="DeviceDetails.Hardware.TabModem.Subsection.Title"											value="//h3[text()='Cellular Modems']" />
        <WebElement name="DeviceDetails.Hardware.TabModem.Subsection.CurrentNetworkNumericCode"						value="//div[@class='device-details-content']//td[text()='Current Network Numeric Code']" />
        <WebElement name="DeviceDetails.Hardware.TabModem.Subsection.HomeNetworkNumericCode"						value="//div[@class='device-details-content']//td[text()='Home Network Numeric Code']" />
                
		<WebElement name="DeviceDetails.Hardware.TabNetwork.Subsection.Wifi.Title"									value="//h3[text()='Wifi']" />
		<WebElement name="DeviceDetails.Hardware.TabNetwork.Subsection.Wifi.ID"									    value="//div[@data-name='network-adapters']//tr[1]/td[2]" />
		<WebElement name="DeviceDetails.Hardware.TabNetwork.Subsection.Wifi.Type"									value="//div[@data-name='network-adapters']//tr[2]/td[2]" />
		<WebElement name="DeviceDetails.Hardware.TabNetwork.Subsection.Wifi.IPV4"									value="//div[@data-name='network-adapters']//tr[3]/td[2]" />
		<WebElement name="DeviceDetails.Hardware.TabNetwork.Subsection.Wifi.Mac"									value="//div[@data-name='network-adapters']//tr[4]/td[2]" />
		<WebElement name="DeviceDetails.Hardware.TabNetwork.Subsection.Wifi.speed"									value="//div[@data-name='network-adapters']//tr[5]/td[2]" />
		<WebElement name="DeviceDetails.Hardware.TabNetwork.Subsection.Wifi.SSID"									value="//div[@data-name='network-adapters']//tr[6]/td[2]" />

		<WebElement name="DeviceDetails.Hardware.TabNetwork.Subsection.NetworkAdapters.Title"						value="//h3[text()='Network Adapters']" />
		<WebElement name="DeviceDetails.Hardware.TabNetwork.Subsection.Bluetooth.Title"								value="//h3[text()='Bluetooth']" />
		<WebElement name="DeviceDetails.Hardware.TabNetwork.Subsection.Bluetooth.Address"								value="//div[@data-name='bluetooth']//tr[1]/td[2]" />
		<WebElement name="DeviceDetails.Hardware.TabNetwork.Subsection.Bluetooth.Enabled"								value="//div[@data-name='bluetooth']//tr[2]/td[2]" />

        <WebElement name="DeviceDetails.Software.OS"   						 										value="//div//span[@class='os-version']" />
        <WebElement name="DeviceDetails.Software.OSType"   						 									value="//div[span[@class='os-version']]/p" />
        <WebElement name="DeviceDetails.Software.OSServicePack"   						 							value="//div//span[contains(@class,'icon-wrench')]" />
        <WebElement name="DeviceDetails.Software.OSProductKey"   						 							value="//div//span[contains(@class,'icon-key')]" />
        <WebElement name="DeviceDetails.Software.DetectedAntiMalwareSoftware"   						 			value="//div//span[contains(@class,'icon-anti-malware')]" />
        <WebElement name="DeviceDetails.Software.NotDetectedAntiMalwareSoftware"   						 			value="//div//span[contains(@class,'icon-warning')]" />
        <WebElement name="DeviceDetails.Software.GlobalSearchBar"   						 						value="//div[contains(@class,'snap-content-title')]//input[contains(@class,'snap-view-search-input')]" />
        <WebElement name="DeviceDetails.Software.GlobalSearchDropdown"   						 					value="//div[contains(@class,'search-query')]//div[contains(@class,'is-option-for-search')]//a" />
        <WebElement name="DeviceDetails.Software.BtnOverview"   						 							value="//button[contains(@class,'is-button-for-show-overview')]" />
        <WebElement name="DeviceDetails.Software.BtnDetailedView"   						 						value="//button[contains(@class,'is-button-for-show-detailed-view')]" />
        <WebElement name="DeviceDetails.Software.Tbl.Col.ApplicationName"   						 				value="//th[@data-column-name='applicationName']" />
        <WebElement name="DeviceDetails.Software.Tbl.Col.ApplicationVersion"   						 				value="//th[@data-column-name='applicationVersion.String']" />
        <WebElement name="DeviceDetails.Software.Tbl.Col.SoftwareCatalog"   						 				value="//th[contains(@data-column-name,'softwareCatalog')]" />
        <WebElement name="DeviceDetails.Software.Tbl.Col.Filename"   						 						value="//th[@data-column-name='fileName']" />
        
        <WebElement name="DeviceDetails.EDDSummary.Title"   						 								value="//h3[@class='snap-content-title']" />
        <WebElement name="DeviceDetails.EDDSummary.RMSEligibilityLabel"   						 					value="//span[@class='icon-library-edd']" testcases="TC27456, TC38364"/>
        <WebElement name="DeviceDetails.EDDSummary.LastScanDate"   						 							value="//span[@class='icon-calendar']" />
        <WebElement name="DeviceDetails.EDDSummary.MatchScore"   						 							value="//span[@class='icon-devices']" />
        <WebElement name="DeviceDetails.EDDSummary.RMSDeviceStatus"   						 						value="//span[@class='icon-library-edd']/ancestor::*[contains(@class, 'summary-edd-item-container')]//label[contains(@class, 'summary-edd-label')]"/>
        <WebElement name="DeviceDetails.EDDSummary.RMSFilesCount"   						 						value="//div[preceding-sibling::div/span[contains(@class, 'icon-library-edd')]]/label[contains(@class, 'summary-edd-value')]"/>
        <WebElement name="DeviceDetails.EDDSummary.FileActionsButton"   						 					value="//div[contains(@class,'snap-content-header')]//button[contains(@class, 'is-button-for-dropdown-toggle')]"/>
        <WebElement name="DeviceDetails.EDDSummary.FileActions.DeleteFiles"                                         value="//button[contains(@class,'is-button-for-send-file-delete-request')]" />
        <WebElement name="DeviceDetails.EDDSummary.ShowIgnoredFiles"   						 						value="//div[contains(@class,'groups-landing-actions')]//label[contains(@class, 'input-checkbox__label')]" />
        <WebElement name="DeviceDetails.EDDSummary.RMSProtectFilesButton"   						 				value="//div[contains(@class,'snap-content-header')]//button[contains(@class,'is-button-for-begin-rms-protect-flow')]"/>
        <WebElement name="DeviceDetails.EDDSummary.EDDScanExclusionRules"   						 				value="//div[contains(@class,'snap-content-header')]//button[contains(@class,'is-button-for-open-file-exclusion-edit-rules')]"/>
        <WebElement name="DeviceDetails.EDDSummary.ExcludeExtensionsButton"   						 				value="//div[contains(@class,'snap-content-header')]//button[contains(@class,'is-button-for-send-file-exclusion-request')]"/>
        <WebElement name="DeviceDetails.EDDSummary.EditExclusionsRuleTable"   						 			    value="//div[contains(@class,'file-exclusion-modal')]//div[contains(@class, 'public_fixedDataTable_main')]"/>
        <WebElement name="DeviceDetails.EDDSummary.EditExclusionsHeader"   						 			        value="//div[contains(@class,'file-exclusion-modal')]//div[contains(@class, 'ant-modal-title')]"/>
        <WebElement name="DeviceDetails.EDDSummary.EditExclusionsRemoveExclusionAction"   						 	value="//div[contains(@class,'file-exclusion-modal')]//div[contains(@class, 'ant-dropdown')]"/>
        <WebElement name="DeviceDetails.EDDSummary.ColScanDate"   						 							value="//th[contains(@data-column-name,'scanDate')]" />
        <WebElement name="DeviceDetails.EDDSummary.ColFileName"   						 							value="//th[contains(@data-column-name,'fileName')]" />
        <WebElement name="DeviceDetails.EDDSummary.ColFileNameFullPath"   						 					value="//th[contains(@data-column-name,'fileNameFullPath')]" />
        <WebElement name="DeviceDetails.EDDSummary.ColRMSStatus"   						 					        value="//th[contains(@data-column-name,'rmsInfo.status')]" />
        <WebElement name="DeviceDetails.EDDSummary.ColEddScanning"   						 					    value="//th[contains(@data-column-name,'reportingStatus')]" />
        <WebElement name="DeviceDetails.EDDSummary.WhiteListingButton"   						 				    value="//div[contains(@class,'snap-content-header')]//button[contains(@class,'is-button-for-send-whitelist-request')]"/>
        <WebElement name="DeviceDetails.EDDSummary.FileDialogWhiteListingButton"   						 		    value="//div[contains(@class,'snap-content-header')]//button[contains(@class,'is-button-for-dropdown-toggle')]"/>
        <WebElement name="DeviceDetails.EDDSummary.OKButton"   						 					            value="//button[contains(@class,'btn-action')]" />
        <WebElement name="DeviceDetails.EDDSummary.Subsection.CreditCard"   						 				value="//div[contains(@data-automation-id,'cc_luhn')]//h3" />
        <WebElement name="DeviceDetails.EDDSummary.Subsection.PersonalHealth"   						 			value="//div[@class='edd-summary-tab-items']//div[contains(@data-automation-id,'lexicon_Health')]//h3" />
        <WebElement name="DeviceDetails.EDDSummary.Subsection.PersonalFinancial"   						 			value="//div[@class='edd-summary-tab-items']//div[contains(@data-automation-id,'lexicon_Finance')]//h3" />
        <WebElement name="DeviceDetails.EDDSummary.Subsection.SocialSecurity"   						 			value="//div[@class='edd-summary-tab-items']//div[contains(@data-automation-id,'regex_ssn')]//h3" />
        <WebElement name="DeviceDetails.EDDSummary.Subsection.Encrypted"   						 					value="//div[@class='edd-summary-tab-items']//div[contains(@data-automation-id,'encrypted')]//h3" />
        <WebElement name="DeviceDetails.EDDSummary.Subsection.GDPR"   						 					    value="//div[@class='edd-summary-tab-items']//div[contains(@data-automation-id,'lexicon_GDPR')]//h3" />
        <WebElement name="DeviceDetails.EDDSummary.StaleDataNotification"   						 		        value="//div[contains(@class,'stale-data-block')]"/>
        <WebElement name="DeviceDetails.EDDSummary.Subsection.MatchScoreContainers"   						 	    value="//div[@class='edd-summary-tab-items']//div[contains(@class,'is-dlp-rule-matches-container')]" />
        <WebElement name="DeviceDetails.EDDSummary.Subsection.MatchScores"   						 		        value="//div[@class='edd-summary-tab-items']//span[contains(@class,'matches-number-badge-value')]" />
		<WebElement name="DeviceDetails.EDDSummary.Subsection.MatchScoreExpandBtn"   						 	    value="//div[contains(@class,'title-collapsible')]" />
        <WebElement name="DeviceDetails.EDDSummary.Subsection.CreditCardMatchScore"   						 		value="//div[contains(@data-automation-id,'cc_luhn')]//span[contains(@class,'matches-number-badge-value')]" />
        <WebElement name="DeviceDetails.EDDSummary.Subsection.PersonalHealthMatchScore"   						 	value="//div[@class='edd-summary-tab-items']//div[contains(@data-automation-id,'lexicon_Health')]//span[contains(@class,'matches-number-badge-value')]" />
        <WebElement name="DeviceDetails.EDDSummary.Subsection.PersonalFinancialMatchScore"   						value="//div[@class='edd-summary-tab-items']//div[contains(@data-automation-id,'lexicon_Finance')]//span[contains(@class,'matches-number-badge-value')]" />
        <WebElement name="DeviceDetails.EDDSummary.Subsection.SocialSecurityMatchScore"   						 	value="//div[@class='edd-summary-tab-items']//div[contains(@data-automation-id,'regex_ssn')]//span[contains(@class,'matches-number-badge-value')]" />
        <WebElement name="DeviceDetails.EDDSummary.Subsection.EncryptedMatchScore"   						 		value="//div[@class='edd-summary-tab-items']//div[contains(@data-automation-id,'encrypted')]//span[contains(@class,'matches-number-badge-value')]" />
        <WebElement name="DeviceDetails.EDDSummary.Subsection.FirstFilenameLink"   						 			value="//tr[1]//td[@data-name='fileName']//a" />
        <WebElement name="DeviceDetails.EDDSummary.Subsection.FirstFileCheckBox"            						value="//tr[1]/td/input" />
        <WebElement name="DeviceDetails.EDDSummary.Subsection.CCCheckBoxes"            						 		value="//tr[contains(@data-automation-id,'cc_luhn')]/td/input" />
        <WebElement name="DeviceDetails.EDDSummary.Subsection.PersonalHealthCheckBoxes"            					value="//tr[contains(@data-automation-id,'lexicon_Health')]/td/input" />
        <WebElement name="DeviceDetails.EDDSummary.Subsection.RMSCheckBoxIneligible"				                value="//tr[@data-id=string(//div[@data-automation-id='SCORE_TYPE']//tr[./td[@data-name='fileName' and ./preceding-sibling::td/div[not(normalize-space(.)='')]]/a[contains(.,'FILE_EXTENSION')]]/@data-id)]/td/input" />
        <WebElement name="DeviceDetails.EDDSummary.Subsection.RMSCheckBoxIneligibleByIndex"				            value="//tr[@data-id=string(//div[@data-automation-id='SCORE_TYPE']//tr[./td[@data-name='fileName' and ./preceding-sibling::td/div[normalize-space(.)='']]/a[contains(.,'FILE_EXTENSION')]][INDEX]/@data-id)]/td/input" />
        <WebElement name="DeviceDetails.EDDSummary.Subsection.RMSCheckBoxEligible"				                    value="//tr[@data-id=string(//div[@data-automation-id='SCORE_TYPE']//tr[./td[@data-name='fileName' and ./preceding-sibling::td/div[normalize-space(.)='']]/a[contains(.,'FILE_EXTENSION')]]/@data-id)]/td/input" />
        <WebElement name="DeviceDetails.EDDSummary.Subsection.RMSCheckBoxEligibleByIndex"				            value="//tr[@data-id=string(//div[@data-automation-id='SCORE_TYPE']//tr[./td[@data-name='fileName' and ./preceding-sibling::td/div[normalize-space(.)='']]/a[contains(.,'FILE_EXTENSION')]][INDEX]/@data-id)]/td/input" />
        <WebElement name="DeviceDetails.EDDSummary.Subsection.PersonalFinancialCheckBoxes"            				value="//tr[contains(@data-automation-id,'lexicon_Finance')]/td/input" />
        <WebElement name="DeviceDetails.EDDSummary.Subsection.SocialSecurityCheckBoxes"            					value="//tr[contains(@data-automation-id,'regex_ssn')]/td/input" />
        <WebElement name="DeviceDetails.EDDSummary.Subsection.EncryptedCheckBoxes"            						value="//tr[contains(@data-automation-id,'encrypted')]/td/input" />
        <WebElement name="DeviceDetails.EDDSummary.Subsection.FileDetailsWindow.ScanDate"   						value="//div[@class='table-heading-row clearfix']//div[1]" />
        <WebElement name="DeviceDetails.EDDSummary.Subsection.FileDetailsWindow.FileOwner"   						value="//div[@class='table-heading-row clearfix']//div[2]" />
        <WebElement name="DeviceDetails.EDDSummary.Subsection.FileDetailsWindow.FileType"   						value="//div[@class='table-heading-row clearfix']//div[3]" />
        <WebElement name="DeviceDetails.EDDSummary.Subsection.FileDetailsWindow.AIPStatus"   						value="//div[@class='table-heading-row clearfix']//div[@id='aipStatus']" />
        <WebElement name="DeviceDetails.EDDSummary.Subsection.FileDetailsWindow.WhiteListingStatus"   				value="//div[@class='table-heading-row clearfix']//div[@id='whitelistStatus']" />
        <WebElement name="DeviceDetails.EDDSummary.Subsection.FileDetailsWindow.ColMatchedTokens"   				value="//th[contains(@data-column-name,'matchedTokens')]" />
        <WebElement name="DeviceDetails.EDDSummary.Subsection.FileDetailsWindow.ColMatchScore"   					value="//th[contains(@data-column-name,'matchScore')]" />
        <WebElement name="DeviceDetails.EDDSummary.Subsection.FileDetailsWindow.ColDetails"   						value="//th[contains(@data-column-name,'details')]" />
        <WebElement name="DeviceDetails.EDDSummary.Subsection.FileDetailsWindow.LinkReview.IconLocked"   			value="//span[contains(@class,'icon-locked')]" />
        <WebElement name="DeviceDetails.EDDSummary.Subsection.FileDetailsWindow.LinkReview"   						value="//tr[1]//span[contains(@class,'link')]" />
        <WebElement name="DeviceDetails.EDDSummary.Subsection.FileDetailsWindow.LinkReview.IconUnlocked"   			value="//span[contains(@class,'icon-unlocked')]" />

        <WebElement name="DeviceDetails.EDDHistory.ScanDate.FirstFilenameLink"   						 			value="//tr[2]//td[@data-name='fileName']//a" />
        <WebElement name="DeviceDetails.EDDHistory.ScanDate.CheckBoxes"   						                    value="//table[contains(@class, 'paged-table frozen')]//input[contains(@type, checkbox)]" />
        <WebElement name="DeviceDetails.EDDHistory.ScanDate.CheckBoxes.Checked"   						            value="//table[contains(@class, 'paged-table frozen')]//tr[contains(@class,'selected')]" />
        <WebElement name="DeviceDetails.EDDHistory.Subsection.FirstEligibleFilenameLink"			                value="//tr[./td[@data-name='fileName' and ./preceding-sibling::td/div[normalize-space(.)='']]]//td[@data-name='fileName']//a" />

        <WebElement name="DeviceDetails.DeviceGroups.title"   						 								value="//div[contains(@class,'device-group-details')]" />
		<WebElement name="DeviceDetails.DeviceGroups.GlobalSearchBar"   						 					value="//div[contains(@class,'device-group-details')]//input[contains(@class,'snap-view-search-input')]" />
		<WebElement name="DeviceDetails.DeviceGroups.GroupTreeView"   						 						value="//div[contains(@class,'device-group-tree')]" />
		
		<WebElement name="DeviceDetails.Policies.HardwareGroup" 													value="//li[@data-type='HDC']" />
        <WebElement name="DeviceDetails.Policies.SoftwareGroup" 													value="//li[@data-type='SDC']" />
		<WebElement name="DeviceDetails.Policies.EDDGroup" 															value="//li[@data-type='DLP']" />
        <WebElement name="DeviceDetails.Policies.GeolocationGroup" 													value="//li[@data-type='GEO']" />
        <WebElement name="DeviceDetails.Policies.ReportRepair" 													    value="//table[contains(@class,'report-and-repair')]" />

        <WebElement name="DeviceDetails.Policies.HeaderDescription" 												value="//div[@class='device-header-name__description']/span[3]" />
        <WebElement name="DeviceDetails.Policies.HardwareLabel" 												    value="//div[@class='policy-collection-info']//span[contains(@class,'HDC')]/b[text()='Hardware']" />
        <WebElement name="DeviceDetails.Policies.HardwareDescription" 												value="//li[contains(@data-type,'HDC')]//div[@class='policy-collection-info']//span[@class='collection-description']" />
        <WebElement name="DeviceDetails.Policies.HardwareStatusIcon" 												value="//li[contains(@data-type,'HDC')]//div[@class='policy-collection-info']//span[contains(@class,'device-status')]" />
        <WebElement name="DeviceDetails.Policies.HardwarePolicyUpdated" 											value="//li[contains(@data-type,'HDC')]//section[1]/*[contains(text(),'Policy Updated')]" />
        <WebElement name="DeviceDetails.Policies.HardwarePolicyUpdatedIcon" 										value="//li[contains(@data-type,'HDC')]//section[1]//span[contains(@class,'icon-clock')]" />
        <WebElement name="DeviceDetails.Policies.HardwarePolicyUpdatedValue" 										value="//li[contains(@data-type,'HDC')]//section[1]//div/b" />
        <WebElement name="DeviceDetails.Policies.HardwareDataUpdated" 											    value="//li[contains(@data-type,'HDC')]//section/*[contains(text(),'Policy Updated')]" />
        <WebElement name="DeviceDetails.Policies.HardwareDataUpdatedIcon" 											value="//li[contains(@data-type,'HDC')]//section//span[contains(@class,'icon-clock')]" />
        <WebElement name="DeviceDetails.Policies.HardwareDataUpdatedValue" 										    value="//li[contains(@data-type,'HDC')]//section//div/b" />
        <WebElement name="DeviceDetails.Policies.HardwareSupportLink" 											    value="//li[contains(@data-type,'HDC')]//a[contains(@href,'support')]" />
        <WebElement name="DeviceDetails.Policies.SoftwareLabel" 												    value="//div[@class='policy-collection-info']//span[contains(@class,'SDC')]//b[text()='Software']" />
        <WebElement name="DeviceDetails.Policies.SoftwareStatusIcon" 												value="//li[contains(@data-type,'SDC')]//div[@class='policy-collection-info']//span[contains(@class,'device-status')]" />
        <WebElement name="DeviceDetails.Policies.SoftwareDescription" 												value="//li[contains(@data-type,'SDC')]//div[@class='policy-collection-info']//span[@class='collection-description']" />
        <WebElement name="DeviceDetails.Policies.SoftwarePolicyUpdated" 											value="//li[contains(@data-type,'SDC')]//section[1]/*[contains(text(),'Policy Updated')]" />
        <WebElement name="DeviceDetails.Policies.SoftwarePolicyUpdatedIcon" 										value="//li[contains(@data-type,'SDC')]//section[1]//span[contains(@class,'icon-clock')]" />
        <WebElement name="DeviceDetails.Policies.SoftwarePolicyUpdatedValue" 										value="//li[contains(@data-type,'SDC')]//section[1]//div/b" />
        <WebElement name="DeviceDetails.Policies.SoftwareDataUpdated" 											    value="//li[contains(@data-type,'SDC')]//section[2]/*[contains(text(),'Data Updated')]" />
        <WebElement name="DeviceDetails.Policies.SoftwareDataUpdatedIcon" 											value="//li[contains(@data-type,'SDC')]//section[2]//span[contains(@class,'icon-clock')]" />
        <WebElement name="DeviceDetails.Policies.SoftwareDataUpdatedValue" 										    value="//li[contains(@data-type,'SDC')]//section[2]//div/b" />
        <WebElement name="DeviceDetails.Policies.SoftwareSupportLink" 											    value="//li[contains(@data-type,'SDC')]//a[contains(@href,'support')]" />
        <WebElement name="DeviceDetails.Policies.PolicyTimeUpdateLabel" 											value="//li[contains(@data-type,'automation_code')]//section[2]//div/b" />
        <WebElement name="DeviceDetails.Policies.PolicyTimeUpdateLabelRAR" 											value="//strong[./preceding-sibling::span[@class='icon-clock'] and ./ancestor::td[./preceding-sibling::td/div/strong[contains(.,'automation_rar_name')]]]" />
        <WebElement name="DeviceDetails.Policies.EDDLabel" 												            value="//div[@class='policy-collection-info']//span[contains(@class,'DLP')]/b[text()='Endpoint Data Discovery']" />
        <WebElement name="DeviceDetails.Policies.EDDDescription" 												    value="//li[contains(@data-type,'DLP')]//div[@class='policy-collection-info']//span[@class='collection-description']" />
        <WebElement name="DeviceDetails.Policies.EDDStatusIcon" 												    value="//li[contains(@data-type,'DLP')]//div[@class='policy-collection-info']//span[contains(@class,'device-status')]" />
        <WebElement name="DeviceDetails.Policies.EDDPolicyUpdated" 											        value="//li[contains(@data-type,'DLP')]//section[1]/*[contains(text(),'Policy Updated')]" />
        <WebElement name="DeviceDetails.Policies.EDDPolicyUpdatedIcon" 										        value="//li[contains(@data-type,'DLP')]//section[1]//span[contains(@class,'icon-clock')]" />
        <WebElement name="DeviceDetails.Policies.EDDPolicyUpdatedValue" 										    value="//li[contains(@data-type,'DLP')]//section[1]//div/b" />
        <WebElement name="DeviceDetails.Policies.EDDDataUpdated" 											        value="//li[contains(@data-type,'DLP')]//section[2]/*[contains(text(),'Data Updated')]" />
        <WebElement name="DeviceDetails.Policies.EDDDataUpdatedIcon" 											    value="//li[contains(@data-type,'DLP')]//section[2]//span[contains(@class,'icon-clock')]" />
        <WebElement name="DeviceDetails.Policies.EDDDataUpdatedValue" 										        value="//li[contains(@data-type,'DLP')]//section[2]//div/b" />
        <WebElement name="DeviceDetails.Policies.EDDSupportLink" 											        value="//li[contains(@data-type,'DLP')]//a[contains(@href,'support')]" />
        <WebElement name="DeviceDetails.Policies.GeolocationLabel" 												    value="//div[@class='policy-collection-info']//span[contains(@class,'GEO')]//b[text()='Geolocation']" />
        <WebElement name="DeviceDetails.Policies.GeolocationStatusIcon" 											value="//li[contains(@data-type,'GEO')]//div[@class='policy-collection-info']//span[contains(@class,'device-status')]" />
        <WebElement name="DeviceDetails.Policies.GeolocationDescription" 											value="//li[contains(@data-type,'GEO')]//div[@class='policy-collection-info']//span[@class='collection-description']" />
        <WebElement name="DeviceDetails.Policies.GeolocationPolicyUpdated" 											value="//li[contains(@data-type,'GEO')]//section[1]/*[contains(text(),'Policy Updated')]" />
        <WebElement name="DeviceDetails.Policies.GeolocationPolicyUpdatedIcon" 										value="//li[contains(@data-type,'GEO')]//section[1]//span[contains(@class,'icon-clock')]" />
        <WebElement name="DeviceDetails.Policies.GeolocationPolicyUpdatedValue" 									value="//li[contains(@data-type,'GEO')]//section[1]//div/b" />
        <WebElement name="DeviceDetails.Policies.GeolocationDataUpdated" 										    value="//li[contains(@data-type,'GEO')]//section[2]/*[contains(text(),'Data Updated')]" />
        <WebElement name="DeviceDetails.Policies.GeolocationDataUpdatedIcon" 										value="//li[contains(@data-type,'GEO')]//section[2]//span[contains(@class,'icon-clock')]" />
        <WebElement name="DeviceDetails.Policies.GeolocationDataUpdatedValue" 									    value="//li[contains(@data-type,'GEO')]//section[2]//div/b" />
        <WebElement name="DeviceDetails.Policies.GeolocationSupportLink" 										    value="//li[contains(@data-type,'GEO')]//a[contains(@href,'support')]" />
		<WebElement name="DeviceDetails.CustomFields.LblAssetNum" 													value="//td[text()='Asset Number']" />
		<WebElement name="DeviceDetails.CustomFields.LblAssignedEmail" 												value="//td[text()='Assigned User E-mail']" />
		<WebElement name="DeviceDetails.CustomFields.LblAssignedName" 												value="//td[text()='Assigned Username']" />
		<WebElement name="DeviceDetails.CustomFields.LblCostCenter" 												value="//td[text()='Cost Center/Code']" />
		<WebElement name="DeviceDetails.CustomFields.LblDepartment" 												value="//td[text()='Department']" />
		<WebElement name="DeviceDetails.CustomFields.LblDevicePurchaseDate" 										value="//td[text()='Device Purchase Date']" />
		<WebElement name="DeviceDetails.CustomFields.LblDormant" 													value="//td[text()='Dormant']" />
		<WebElement name="DeviceDetails.CustomFields.LblServiceGuarantee" 											value="//td[text()='Has Service Guarantee']" />
		<WebElement name="DeviceDetails.CustomFields.LblLeaseEndDate" 												value="//td[text()='Lease End Date']" />
		<WebElement name="DeviceDetails.CustomFields.LblLeaseNum" 													value="//td[text()='Lease Number']" />
		<WebElement name="DeviceDetails.CustomFields.LblLeaseRepsonsibility" 										value="//td[text()='Lease Responsibility']" />
		<WebElement name="DeviceDetails.CustomFields.LblLeaseStartDate" 											value="//td[text()='Lease Start Date']" />
		<WebElement name="DeviceDetails.CustomFields.LblLeaseVendor" 												value="//td[text()='Lease Vendor']" />
		<WebElement name="DeviceDetails.CustomFields.LblPhysicalLocation" 											value="//td[text()='Physical/Actual Location']" />
		<WebElement name="DeviceDetails.CustomFields.LblPurchaseOrderRef" 											value="//td[text()='Purchase Order Ref']" />
		<WebElement name="DeviceDetails.CustomFields.LblContractEndDate" 											value="//td[text()='Service Contract End Date']" />
		<WebElement name="DeviceDetails.CustomFields.LblContractStartDate" 											value="//td[text()='Service Contract Start Date']" />
		<WebElement name="DeviceDetails.CustomFields.LblContractVendor" 											value="//td[text()='Service Contract Vendor']" />
		<WebElement name="DeviceDetails.CustomFields.LblUserPhone" 													value="//td[text()='User Phone/Extension']" />
		<WebElement name="DeviceDetails.CustomFields.LblWarrantyContractVendor" 									value="//td[text()='Warranty Contract Vendor']" />
		<WebElement name="DeviceDetails.CustomFields.LblWarrantyEndDate" 											value="//td[text()='Warranty End Date']" />
		<WebElement name="DeviceDetails.CustomFields.LblWarrantyStartDate" 											value="//td[text()='Warranty Start Date']" />
        <WebElement name="DeviceDetails.CustomFields.AutomationFieldValue" 											value="//table[contains(@class,'device-details-table')]/tr[./td[1][text()='field_name'] and ./td[2][text()='field_value']]" />
		<WebElement name="DeviceDetails.CustomFields.BtnEditCustomFieldData" 										value="//div[@class='device-details-table-body']//a[contains(@class,'btn-view-in-cc')]" />
        <WebElement name="DeviceDetails.CustomFields.AnyField" 										                value="//table[contains(@class,'device-details-table')]/tr/td[text()='%s']" />
        <WebElement name="DeviceDetails.CustomFields.Table" 										                value="//table[contains(@class,'device-details-table')]" />
		<WebElement name="DeviceDetails.CustomFields.LblEditCustomFieldData" 										value="//div[contains(@class,'is-paged-table')]" />

        <WebElement name="DeviceDetails.ReachDeviceFields.AutomationRDFText" 										value="//td[text()='Automation RDF Text']" />
        <WebElement name="DeviceDetails.ReachDeviceFields.AutomationRDFDate" 										value="//td[text()='Automation RDF Date']" />
        <WebElement name="DeviceDetails.ReachDeviceFields.AutomationRDFDropdown" 										value="//td[text()='Automation RDF Dropdown']" />

		<WebElement name="DeviceDetails.Software.GlobalSearchDropdown.All"   						 				value="//li[@class='select2-results-dept-0 select2-result select2-result-selectable is-option-for-search-all select2-highlighted']" />
        <WebElement name="DeviceDetails.Software.GlobalSearchDropdown.Publisher"   						 			value="//li[@class='select2-results-dept-0 select2-result select2-result-selectable is-option-for-search-publisher-name']"/>
        <WebElement name="DeviceDetails.Software.GlobalSearchDropdown.Suite"   						 				value="//li[@class='select2-results-dept-0 select2-result select2-result-selectable is-option-for-search-suite-name']" />
        <WebElement name="DeviceDetails.Software.GlobalSearchDropdown.ApplicationName"   						 	value="//li[@class='select2-results-dept-0 select2-result select2-result-selectable is-option-for-search-application-name']" />
        <WebElement name="DeviceDetails.Software.GlobalSearchDropdown.ApplicationVersion"   						value="//li[@class='select2-results-dept-0 select2-result select2-result-selectable is-option-for-search-application-version.string']" />
        <WebElement name="DeviceDetails.Software.GlobalSearchDropdown.SoftwareCatalog"   						 	value="//li[@class='select2-results-dept-0 select2-result select2-result-selectable is-option-for-search-software-catalog-name']" />
        <WebElement name="DeviceDetails.Software.GlobalSearchDropdown.FileName"   						 			value="//li[@class='select2-results-dept-0 select2-result select2-result-selectable is-option-for-search-file-name']" />
        <WebElement name="DeviceDetails.Software.GlobalSearchDropdown.FileVersion"   						 		value="//li[contains(@class,'select2-results-dept-0 select2-result select2-result-selectable is-option-for-search-file-version')]" />
        <WebElement name="DeviceDetails.Software.GlobalSearchDropdown.FilePath"   						 			value="//li[@class='select2-results-dept-0 select2-result select2-result-selectable is-option-for-search-file-path']" />

        <WebElement name="DeviceDetails.UsageEventDetails.PageTitle"                                                value="//div[contains(@class, 'page-content')]//h3[text()='Usage Event Details']"/>
        <WebElement name="DeviceDetails.UsageEventDetails.Tbl.Col.EventDate"                                        value="//div[contains(@class, 'device-details-content')]//div[contains(@class, 'header-container')]/table[contains(@class, 'paged-table free')]/thead/tr/th[contains(@data-column-name, 'eventDate')]"/>
        <WebElement name="DeviceDetails.UsageEventDetails.Tbl.Col.EventType"                                        value="//div[contains(@class, 'device-details-content')]//div[contains(@class, 'header-container')]/table[contains(@class, 'paged-table free')]/thead/tr/th[contains(@data-column-name, 'eventType')]"/>
        <WebElement name="DeviceDetails.UsageEventDetails.Tbl.Col.BSSID"                                            value="//div[contains(@class, 'device-details-content')]//div[contains(@class, 'header-container')]/table[contains(@class, 'paged-table free')]/thead/tr/th[contains(@data-column-name, 'bssId')]"/>
        <WebElement name="DeviceDetails.UsageEventDetails.Tbl.Col.SSID"                                             value="//div[contains(@class, 'device-details-content')]//div[contains(@class, 'header-container')]/table[contains(@class, 'paged-table free')]/thead/tr/th[contains(@data-column-name, 'networkSSID')]"/>
        <WebElement name="DeviceDetails.UsageEventDetails.Tbl.Col.LocalIP"                                          value="//div[contains(@class, 'device-details-content')]//div[contains(@class, 'header-container')]/table[contains(@class, 'paged-table free')]/thead/tr/th[contains(@data-column-name, 'ipV4Address')]"/>
        <WebElement name="DeviceDetails.UsageEventDetails.Tbl.Col.PublicIP"                                         value="//div[contains(@class, 'device-details-content')]//div[contains(@class, 'header-container')]/table[contains(@class, 'paged-table free')]/thead/tr/th[contains(@data-column-name, 'publicIp')]"/>
        <WebElement name="DeviceDetails.UsageEventDetails.Tbl.Col.ADOrgUnit"                                        value="//div[contains(@class, 'device-details-content')]//div[contains(@class, 'header-container')]/table[contains(@class, 'paged-table free')]/thead/tr/th[contains(@data-column-name, 'orgUnits')]"/>
        <WebElement name="DeviceDetails.SelectedTab"                                                                value="//div[contains(@class, 'tabs-menu')]/ul/li[contains(@class, 'is-active')]/a[text()='%s']"/>
	
		<!-- Added by dieupham@absolute.com -->
		<WebElement name="ActiveDevicesPanel.SearchDropdown" 														value="//div[contains(@class,'adhoc-search')]//div[contains(@class,'is-option-for-search')]//a"></WebElement>	
		<WebElement name="ActiveDevicesPanel.SearchDropdown.All" 													value="//li[contains(@class,'select2-results-dept-0 select2-result select2-result-selectable hide-selection-text is-option-for-search-all')]"></WebElement>
		<WebElement name="ActiveDevicesPanel.SearchDropdown.Identifier" 											value="//li[contains(@class,'select2-results-dept-0 select2-result select2-result-selectable hide-selection-text is-option-for-search-identifier')]"></WebElement>
		<WebElement name="ActiveDevicesPanel.SearchDropdown.Username" 												value="//li[contains(@class,'select2-results-dept-0 select2-result select2-result-selectable hide-selection-text is-option-for-search-username')]"></WebElement>
		<WebElement name="ActiveDevicesPanel.SearchDropdown.SerialNumber" 											value="//li[contains(@class,'select2-results-dept-0 select2-result select2-result-selectable hide-selection-text is-option-for-search-serial-number')]"></WebElement>
		<WebElement name="ActiveDevicesPanel.SearchDropdown.DeviceName" 											value="//li[contains(@class,'select2-results-dept-0 select2-result select2-result-selectable hide-selection-text is-option-for-search-device-name')]"></WebElement>
		<WebElement name="ActiveDevicesPanel.SearchDropdown.Make" 													value="//li[contains(@class,'select2-results-dept-0 select2-result select2-result-selectable hide-selection-text is-option-for-search-make select2-highlighted')]"></WebElement>
		<WebElement name="ActiveDevicesPanel.SearchDropdown.Model"													value="//li[contains(@class,'select2-results-dept-0 select2-result select2-result-selectable hide-selection-text is-option-for-search-model')]"></WebElement>
		<WebElement name="ActiveDevicesPanel.SearchDropdown.OSType" 												value="//li[contains(@class,'select2-results-dept-0 select2-result select2-result-selectable hide-selection-text is-option-for-search-os.name')]"></WebElement>
		<WebElement name="ActiveDevicesPanel.SearchDropdown.Identifier"												value="//li[contains(@class,'select2-results-dept-0 select2-result select2-result-selectable hide-selection-text is-option-for-search-identifier')]"></WebElement>
		<WebElement name="ActiveDevicesPanel.SearchTextbox" 														value="//div[contains(@class,'clearable-input')]//input[contains(@class,'snap-view-search-input')]"></WebElement>
		<WebElement	name="ActiveDevicesPanel.FirstIdentifierDeviceDetails" 											value="//div[contains(@class,'nav-view-item-container')]"/>
        <WebElement	name="ActiveDevicesPanel.FirstIdentifierDeviceDetails.Identifier" 								value="//div[contains(@class,'nav-view-item-container')]//div[contains(@class,'summary text')]//span"/>
		<WebElement name="ActiveDevicesPanel.ActiveTab" 															value="//div[@class='tabs-menu']/ul//li[@class='is-active']" />
		<!-- No Change for common tabs in Summary Panel => reuse defined variables
		<WebElement name="DeviceDetails.TabDeviceDetailsAndroid"   						 								value="//div[@class='tabs-menu']/ul//li/a[contains(@class,'tab-device-details')]" />
        <WebElement name="DeviceDetails.TabHardwareAndroid"   						 										value="//div[@class='tabs-menu']/ul//li/label[contains(@class,'tab-hardware-items')]" />
        <WebElement name="DeviceDetails.TabSoftwareAndroid"   						 										value="//div[@class='tabs-menu']/ul//li/a[contains(@class,'tab-software')]" />
        <WebElement name="DeviceDetails.TabEDDSummaryAndroid"   						 									value="//div[@class='tabs-menu']/ul//li/a[contains(@class,'tab-dd-summary')]" />
        <WebElement name="DeviceDetails.TabEDDHistoryAndroid"   						 									value="//div[@class='tabs-menu']/ul//li/a[contains(@class,'tab-dd-history')]" />
        <WebElement name="DeviceDetails.TabDeviceGroupsAndroid"   						 									value="//div[@class='tabs-menu']/ul//li/a[contains(@class,'tab-device-groups')]" />
        <WebElement name="DeviceDetails.TabPoliciesAndroid"   						 										value="//div[@class='tabs-menu']/ul//li/a[contains(@class,'tab-policies')]" />
        <WebElement name="DeviceDetails.TabUsageEventDetailsAndroid"                                                       value="//div[@class='tabs-menu']/ul//li/a[contains(@class,'tab-usage-event-details')]"/>
        -->


        <WebElement name="DeviceDetails.EventHistory.Col.ActionStatus"                                                      value="//div//th[@data-column-name='actionStatus']" />
        <WebElement name="DeviceDetails.EventHistory.Col.ActionDate"                                                        value="//div//th[@data-column-name='actionTsUtc']" />
        <WebElement name="DeviceDetails.EventHistory.Col.ActionUser"                                                        value="//div//th[@data-column-name='actionUser']" />
        <WebElement name="DeviceDetails.EventHistory.Col.ActionLabel"                                                          value="//div//th[@data-column-name='actionLabel']" />
        <WebElement name="DeviceDetails.EventHistory.ActionDetailsArrow"                                                    value="//th[contains(@data-column-name,'actionTsUtc')]//span[contains(@class,'ui-icon-sort')]"  />

        <!-- RMS Protect dialog -->

        //Android Vulnerability
        <WebElement name="deviceDetails.AndroidVulnerability.OverallVal" 							value="//p/span[contains(@class,android-vulnerability)]"/>
        <WebElement name="deviceDetails.AndroidVulnerability.IMEI" 							        value="//div[contains(@class,device-header-name)]/span[contains(text(),'IMEI')]"/>


        <WebElement name="deviceDetails.AndroidVulnerability.table.lastRow" 					    value="//table[contains(@class,android-vulnerability-table)]/tr[24]"/>
        <WebElement name="deviceDetails.AndroidVulnerability.table.lastCol" 						value="//table[contains(@class,android-vulnerability-table)]/tr[24]/td[4]"/>

        <!-- Event Store Tab-->
        <WebElement name="DeviceDetails.TabEventStore"
                    value="//a[contains(@class,'is-button-for-tab-event-store')]" />
        <WebElement name="DeviceDetails.TabEventStore.Title"
                    value="//*[contains(@class,'is-title-for-tab-event-store')]/h3[text()='Event Store']" />
        <WebElement name="DeviceDetails.TabEventStore.FullReportLink"
                    value="//*[contains(@class,'is-title-for-tab-event-store')]/descendant::a" />
        <WebElement name="DeviceDetails.TabEventStore.NumItems"
                    value="//*[contains(@class,'is-collection-header')]/div[contains(@class, 'right pagination-block')]" />
        <WebElement name="DeviceDetails.TabEventStore.DateAndTimeUTC"
                    value="//th[contains(@data-column-name,'ts')]/descendant::span[contains(@class,'header-content__clamp')]" />
        <WebElement name="DeviceDetails.TabEventStore.Event"
                    value="//th[contains(@data-column-name,'eventType')]/descendant::span[contains(@class,'header-content__clamp')]" />
        <WebElement name="DeviceDetails.TabEventStore.Actor"
                    value="//th[contains(@data-column-name,'actor')]/descendant::span[contains(@class,'header-content__clamp')]" />
        <WebElement name="DeviceDetails.TabEventStore.ESN"
                    value="//div[contains(@class,'device-header-name__description')]/span[2" />

	</WebElements>

</WebElementMap>