<WebElementMap name="NextGen WebUI Element Mapping - Device Freeze Wizard Map"
	description="">
	<WebElements>
		<!-- DeviceFreezeAction Wizard -->
		
		<WebElement name="DeviceFreeze.DeviceFreezeActionWizard" 												value="//div[contains(@class,'is-device-freeze-modal')]" />
		<WebElement name="DeviceFreeze.DeviceFreezeActionWizard.SelectMessageBtn" 							value="//div[contains(@class,'is-select-for-device-freeze-message')]/a" />
		<WebElement name="DeviceFreeze.DeviceFreezeActionWizard.Message1" 									value="//li[contains(@class,'is-option-for-device-freeze-message')][1]" />
		<WebElement name="DeviceFreeze.DeviceFreezeActionWizard.QAAutomationCustomMessage" 					value="//li[contains(@class,'is-option-for-device-freeze-message')]//descendant::div[text()='QA_Automation']" />
		<WebElement name="DeviceFreeze.DeviceFreezeActionWizard.QAAutomationDFMessage" 					    value="//li[contains(@class,'is-option-for-device-freeze-message')]//descendant::div[contains(text(),'UI Automation')]" />
		<WebElement name="DeviceFreeze.DeviceFreezeActionWizard.MessageNameTextBox"  							value="//div[contains(@class,'is-device-freeze-modal')]//input[contains(@class,'is-input-for-message-name')]"/>
		<WebElement name="DeviceFreeze.DeviceFreezeActionWizard.MessageContentTextBox"  						value="//body[contains(@class,'is-input-for-message-content')]"/>
		<WebElement name="DeviceFreeze.DeviceFreezeActionWizard.SaveMessageCheckbox"  						value="//input[contains(@class,'is-checkbox-for-save-message')]"/>
		<WebElement name="DeviceFreeze.DeviceFreezeActionWizard.NextButton"  									value="//div[contains(@class,'is-device-freeze-modal')]//button[contains(@class,'is-button-for-next')]"/>
		<WebElement name="DeviceFreeze.DeviceFreezeActionWizard.EditButton"  									value="//div[contains(@class,'is-device-freeze-modal')]//button[contains(@class,'is-button-for-edit')]"/>
		<WebElement name="DeviceFreeze.DeviceFreezeActionWizard.DeleteButton"	   								value="//div[contains(@class,'is-device-freeze-modal')]//button[contains(@class,'is-button-for-delete')]"/>
		<WebElement name="DeviceFreeze.DeviceFreezeActionWizard.DeleteButtonConfirm"                          value="//div[contains(@class,'is-device-freeze-modal')]//button[contains(@class,'is-button-for-delete-confirm')]"/>
		<WebElement name="DeviceFreeze.DeviceFreezeActionWizard.DeleteButtonCancel"                           value="//div[contains(@class,'is-device-freeze-modal')]//button[contains(@class,'is-button-for-delete-cancel')]"/>
		<WebElement name="DeviceFreeze.DeviceFreezeActionWizard.MessageName"                                  value="//div[contains(@class,'is-device-freeze-set-message')]//p[contains(@class,'is-message-name')]"/>
		<WebElement name="DeviceFreeze.DeviceFreezeActionWizard.DuplicateButton"                              value="//div[contains(@class,'is-device-freeze-modal')]//button[contains(@class,'is-button-for-duplicate')]"/>

		<WebElement name="DeviceFreeze.DeviceFreezeActionWizard.PreviousButton"  								value="//div[contains(@class,'is-device-freeze-modal')]//button[contains(@class,'is-button-for-previous')]"/>
		<WebElement name="DeviceFreeze.DeviceFreezeActionWizard.CancelButton"                                 value="//div[contains(@class,'modal-footer')]//button[contains(@class,'is-button-for-cancel')] | //div[contains(@class,'dialog-footer__button')]//button[contains(@class,'is-button-for-cancel')]"/>
		<WebElement name="DeviceFreeze.DeviceFreezeActionWizard.CloseButton"  								value="//a[contains(@class,'is-close-button')]"/>

		<WebElement name="DeviceFreeze.DeviceFreezeActionWizard.DeviceFreezeDropdown"  								value="//div[contains(@class,'is-select-for-device-freeze-type')]//a"/>
		<WebElement name="DeviceFreeze.DeviceFreezeActionWizard.OnDemandDeviceFreezeOption"  						value="//li[contains(@class,'is-option-for-search-on-demand')]"/>
		<WebElement name="DeviceFreeze.DeviceFreezeActionWizard.ScheduledDeviceFreezeOption"  						value="//li[contains(@class,'is-option-for-search-scheduled')]"/>
		<WebElement name="DeviceFreeze.DeviceFreezeActionWizard.DatePickerForScheduledFreeze" 						value="//div[contains(@class,'is-scheduled-freeze-date')]"/>

		<WebElement name="DeviceFreeze.DeviceFreezeActionWizard.RadioInputForOffline"                		value="//input[contains(@class,'is-radio-input-for-offline')]" />
		<WebElement name="DeviceFreeze.DeviceFreezeActionWizard.RadioInputForPowerUnplug"                			value="//input[contains(@class,'is-radio-input-for-powerunplug')]" />
		<WebElement name="DeviceFreeze.DeviceFreezeActionWizard.DelaySecondsInputOptionForPowerUnplug"                value="//input[contains(@class,'is-power-unplug-freeze-input')]" />
		<WebElement name="DeviceFreeze.DeviceFreezeActionWizard.CheckboxforUnfreezeDeviceWhenConnected"                value="//input[contains(@class,'is-powerunplug-unfreeze-on-plug')]" />
		<WebElement name="DeviceFreeze.DeviceFreezeActionWizard.DaysInputOptionForConditionalFreeze"                value="//input[contains(@class,'is-conditional-freeze-input')]" />
		<WebElement name="DeviceFreeze.DeviceFreezeActionWizard.UnfreezeCodeDropdownBtn"  					value="//div[contains(@class,'is-select-for-unfreeze-code')]//a"/>
		<WebElement name="DeviceFreeze.DeviceFreezeActionWizard.RandomUnfreezeCodeMultipleDevices"  			value="//li[contains(@class,'is-option-for-search-random-for-all')]"/>
		<WebElement name="DeviceFreeze.DeviceFreezeActionWizard.RandomUnfreezeCode" 							value="//li[contains(@class,'is-option-for-search-random-for-each')]"/>
		
		<WebElement name="DeviceFreeze.DeviceFreezeActionWizard.CustomUnfreezeCode"  							value="//li[contains(@class,'is-option-for-search-user-defined')]"/>
		<WebElement name="DeviceFreeze.DeviceFreezeActionWizard.CustomUnfreezeCodeInput"  					value="//input[contains(@class,'is-input-for-unfreeze-code')]"/>
		<WebElement name="DeviceFreeze.DeviceFreezeActionWizard.StatusEmailsCheckbox"  						value="//input[contains(@class,'is-checkbox-for-send-email')]"/>
		<WebElement name="DeviceFreeze.DeviceFreezeActionWizard.StatusEmailsTextbox"                          value="//input[contains(@class,'is-input-for-email')]"/>
		
		<WebElement name="DeviceFreeze.DeviceFreezeActionWizard.RequestName"  								value="//div[contains(@class,'is-device-freeze-modal')]//input[contains(@class,'is-input-for-device-freeze-name')]"/>
		<WebElement name="DeviceFreeze.DeviceFreezeActionWizard.FreezeDeviceList.Column.Identifier"  			value="//div[contains(@class,'is-container-for-device-freeze-submit')]//th[@data-column-name='identifier']"/>
		<WebElement name="DeviceFreeze.DeviceFreezeActionWizard.FreezeDeviceList.Column.SerialNumber"  		value="//div[contains(@class,'is-container-for-device-freeze-submit')]//th[@data-column-name='serialNumber']"/>		
		<WebElement name="DeviceFreeze.DeviceFreezeActionWizard.FreezeDeviceList.Column.DeviceName"  			value="//div[contains(@class,'is-container-for-device-freeze-submit')]//th[@data-column-name='deviceName']"/>		
		<WebElement name="DeviceFreeze.DeviceFreezeActionWizard.FreezeDeviceList.Column.Username"  			value="//div[contains(@class,'is-container-for-device-freeze-submit')]//th[@data-column-name='username']"/>		
		<WebElement name="DeviceFreeze.DeviceFreezeActionWizard.FreezeDeviceList.Column.Status"  				value="//div[contains(@class,'is-container-for-device-freeze-submit')]//th[@data-column-name='status']"/>
		<WebElement name="DeviceFreeze.DeviceFreezeActionWizard.FreezeDeviceList.Column.Eligibility"  				value="//div[contains(@class,'is-container-for-device-freeze-submit')]//th[@data-column-name='eligibilityCode']"/>
		<WebElement name="DeviceFreeze.DeviceFreezeActionWizard.FreezeDeviceList.Row.QAAutomationDeviceID"  	value="//div[contains(@class,'is-container-for-device-freeze-submit')]//td[text() ='QA_Automation']"/>
		<WebElement name="DeviceFreeze.DeviceFreezeActionWizard.FreezeText"  	value="//div[contains(@class,'is-container-for-device-freeze-submit')]//span[contains(text(),'QA_Automation')]"/>

		<!--Freeze checkbox will be fixed later-->


		<!-- Device Freeze Eligibility Check-->
		<WebElement name = "DeviceFreeze.DeviceFreezeEligibilityDialog" 	               value = "//div[contains(@class,'is-device-freeze-eligibility')]" />
		<WebElement name = "DeviceFreeze.DeviceFreezeEligibilityDialog.Button.Close" 	   value = "//div[contains(@class,'dialog-header__close')]//a[contains(@class,'is-close-button')]" />
		<WebElement name = "DeviceFreeze.DeviceFreezeEligibilityDialog.Button.Help" 	   value = "//div[contains(@class,'modal-dialog')]//a[contains(@class,'is-button-for-help')]" />
		<WebElement name = "DeviceFreeze.DeviceFreezeEligibilityDialog.Text.Title" 		   value = "//h3[@class='dialog-header__title is-window-title']" />
		<WebElement name = "DeviceFreeze.DeviceFreezeEligibilityDialog.Button.Cancel"      value = "//div[contains(@class,'is-device-freeze-eligibility')]//button[contains(@class,'is-button-for-cancel')]" />
		<WebElement name = "DeviceFreeze.DeviceFreezeEligibilityDialog.Button.ProceedNext" value = "//div[contains(@class,'is-device-freeze-eligibility')]//button[contains(@class,'is-button-for-next')]" />
		<WebElement name = "DeviceFreeze.DeviceFreezeEligibilityDialog.Column.DeviceName"  		 		value = "//div[contains(@class,'is-device-freeze-eligibility')]//th[@data-column-name='deviceName']"/>
		<WebElement name = "DeviceFreeze.DeviceFreezeEligibilityDialog.Column.Username"  		 		value = "//div[contains(@class,'is-device-freeze-eligibility')]//th[@data-column-name='username']"/>
		<WebElement name = "DeviceFreeze.DeviceFreezeEligibilityDialog.Column.DeviceFreezeEligibility"  value = "//div[contains(@class,'is-device-freeze-eligibility')]//th[contains(@data-column-name,'eligibility')]"/>
		<WebElement name = "DeviceFreeze.DeviceFreezeEligibilityDialog.Column.SerialNumber"  		 	value = "//div[contains(@class,'is-device-freeze-eligibility')]//th[@data-column-name='serialNumber']"/>
		<WebElement name = "DeviceFreeze.DeviceFreezeEligibilityDialog.Column.Identifier"  		 		value = "//div[contains(@class,'is-device-freeze-eligibility')]//th[@data-column-name='identifier']"/>
		<WebElement name = "DeviceFreeze.DeviceFreezeEligibilityDialog.Row.QAAutomationDeviceID"  	  value = "//div[contains(@class,'is-device-freeze-eligibility')]//td[text() ='QA_Automation']"/>


		<!-- RemoveFreeze Eligibility Check-->
		<WebElement name = "DeviceFreeze.RemoveFreeze.Button.Close" 					  value = "//div[contains(@class,'is-remove-device-freeze-modal')]//a[contains(@class,'is-close-button')]" />
		<WebElement name = "DeviceFreeze.RemoveFreeze.Button.Help" 	   					  value = "//div[contains(@class,'is-remove-device-freeze-modal')]//a[contains(@class,'is-button-for-help')]" />
		<WebElement name = "DeviceFreeze.RemoveFreeze.Button.Cancel"    				  value = "//div[contains(@class,'is-remove-device-freeze-modal')]//button[contains(@class,'is-button-for-cancel')]" />
		<WebElement name = "DeviceFreeze.RemoveFreeze.Button.ProceedNext" 				  value = "//div[contains(@class,'is-remove-device-freeze-modal')]//button[contains(@class,'is-button-for-next')]" />

		<WebElement name = "DeviceFreeze.RemoveFreezeEligibilityDialog" 	              value = "//div[contains(@class,'is-remove-device-freeze-modal')]" />
		<WebElement name = "DeviceFreeze.RemoveFreezeEligibilityDialog.Text.Title" 		  value = "//h2[@class='dialog-header__title is-window-title']" />
		<WebElement name = "DeviceFreeze.RemoveFreezeEligibilityDialog.Column.DeviceName"  		 		value = "//div[contains(@class,'is-remove-device-freeze-modal')]//th[contains(@data-column-name,'deviceName')]"/>
		<WebElement name = "DeviceFreeze.RemoveFreezeEligibilityDialog.Column.Username"  		 		value = "//div[contains(@class,'is-remove-device-freeze-modal')]//th[contains(@data-column-name,'username')]"/>
		<WebElement name = "DeviceFreeze.RemoveFreezeEligibilityDialog.Column.DeviceFreezeEligibility"  value = "//div[contains(@class,'is-remove-device-freeze-modal')]//th[contains(@data-column-name,'eligibility')]"/>
		<WebElement name = "DeviceFreeze.RemoveFreezeEligibilityDialog.Column.SerialNumber"  		  value = "//div[contains(@class,'is-remove-device-freeze-modal')]//th[contains(@data-column-name,'serialNumber')]"/>
		<WebElement name = "DeviceFreeze.RemoveFreezeEligibilityDialog.Column.Identifier"  		 	  value = "//div[contains(@class,'is-remove-device-freeze-modal')]//th[contains(@data-column-name,'identifier')]"/>
		<WebElement name = "DeviceFreeze.RemoveFreezeEligibilityDialog.Row.QAAutomationDeviceID"  	  value = "//div[contains(@class,'is-remove-device-freeze-modal')]//td[text()='QA_Automation']"/>

		<!-- Remove Freeze Dialog -->
		<WebElement name = "DeviceFreeze.RemoveFreezeDialog" 	              		   		 value = "//div[contains(@class,'is-container-for-remove-device-freeze')]" />
		<WebElement name = "DeviceFreeze.RemoveFreezeDialog.UnfreezeCheckbox" 	       		 value = "//div[contains(@class,'is-remove-frozen-checkbox')]//input" />
		<WebElement name = "DeviceFreeze.RemoveFreezeDialog.ScheduledFreezeCheckbox" 	     value = "//div[contains(@class,'is-remove-scheduled-checkbox')]//input" />
		<WebElement name = "DeviceFreeze.RemoveFreezeDialog.OfflineFreezeCheckbox" 	         value = "//div[contains(@class,'is-remove-offline-checkbox')]//input" />

		<!-- Device Freeze Message Management Area -->
		<WebElement name="Administration.DeviceFreezeMessage.AddMenu.Add" value="//div[contains(@data-automation-id,'add-device-freeze-message-action')]"/>
		<WebElement name="Administration.DeviceFreezeMessage.AddMenu.Duplicate" value="//div[contains(@data-automation-id,'duplicate-device-freeze-message-action')]"/>
		<WebElement name="Administration.DeviceFreezeMessage.Preview" value="//button[contains(@class,'is-button-for-preview')]"/>
		<WebElement name="Administration.DeviceFreezeMessage.Edit" value="//button[contains(@class,'is-button-for-edit')]"/>
		<WebElement name="Administration.DeviceFreezeMessage.Save" value="//button[contains(@class,'is-button-for-save')]"/>
		<WebElement name="Administration.DeviceFreezeMessage.MessageName" value="//input[contains(@class,'is-input-for-message-name')]"/>
		<WebElement name="Administration.DeviceFreezeMessage.MessageBody" value="//body[contains(@class,'is-input-for-message-content')]"/>
		<WebElement name="Administration.DeviceFreezeMessage.DeleteMenu.Delete" value="//div[contains(@data-automation-id,'delete-device-freeze-message-action')]"/>
		<WebElement name="Administration.DeviceFreezeMessage.MessageListView" value="//div[contains(@class,'nested-list-items')]//div[contains(text(),'QA_Automation')]"/>
	</WebElements>

</WebElementMap>