<WebElementMap name="DDS WebUI Element Mapping - Google Admin Map" description="">
    <WebElements>

        <!-- Google Login -->
        <WebElement name="GoogleAdmin.Login.UseAnotherAccount"          value="//div[ text() = 'Use another account']"/>
        <WebElement name="GoogleAdmin.Login.Username"                   value="//*[@id='identifierId']"/>
        <WebElement name="GoogleAdmin.Login.Username.NextButton"        value="//*[@id='identifierNext']/content/span"/>
        <WebElement name="GoogleAdmin.Login.Password"                   value="//*[@id='password']/div[1]/div/div[1]/input"/>
        <WebElement name="GoogleAdmin.Login.Password.NextButton"        value="//*[@id='passwordNext']/content/span"/>

        <!-- Security verification -->
        <WebElement name="GoogleAdmin.Security.Email"                   value="//*[@id='identifierId']"/>
        <WebElement name="GoogleAdmin.Security.Email.NextButton"        value="//span[text()='Next']"/>
        <WebElement name="GoogleAdmin.Security.EmailHint"               value="//strong"/>

        <!-- App Access -->
        <!-- The hash yDmH0d is so far true for both dv2arch and dv2corp3 -->
        <WebElement name="GoogleAdmin.VerifyApp.ShowAdvanced"           value="//*[@id='yDmH0d']/div[1]/div[1]/a"/>
        <WebElement name="GoogleAdmin.VerifyApp.GoToAppUnsafe"          value="//*[@id='yDmH0d']/div[1]/div[2]/p[2]/a"/>
        <WebElement name="GoogleAdmin.VerifyApp.AllowAppAccess"         value="//*[@id='submit_approve_access']/content/span"/>

    </WebElements>
</WebElementMap>