<WebElementMap name="NextGen WebUI Element Mapping - Reports Map" description="" >

    <WebElements>
    	<WebElement name="Reports.MenuItem"															value="//ul[@class='virtual-page']//div[text()='%s']" />
        <!--<WebElement name="Reports.DevicesWithAtRiskFilesInCloud"   						 			value="//li[contains(@data-automation-id,'0219')]" />-->
        <WebElement name="Reports.DevicesWithAtRiskFilesInCloud"   						 			value="//a[contains(@class,'is-devices-with-at-risk-files-in-cloud-secondary-item-link')]" />
        <!--<WebElement name="Reports.DevicesWithCloudStorageSoftware"   						 		value="//li[contains(@data-automation-id,'0220')]" />-->
        <WebElement name="Reports.DevicesWithCloudStorageSoftware"   						 		value="//a[contains(@class,'is-devices-with-cloud-storage-software-secondary-item-link')]" />
        <!--WebElement name="Reports.DevicesWithActivePolicies"   						 				value="//li[contains(@data-automation-id,'000000000218')]" /-->
        <WebElement name="Reports.DevicesWithActivePolicies"   						 				value="//a[contains(@href,'0218') and contains(@class, 'is-devices-with-active-policies-secondary-item')]" />
        <!--WebElement name="Reports.ActiveDevices"   						 						    value="//li[contains(@data-automation-id,'0216') and contains(@class, 'is-record')]" /-->
        <WebElement name="Reports.ActiveDevices"   						 						    value="//a[contains(@href,'0216') and contains(@class, 'is-active-devices-secondary-item')]" />
        <!--<WebElement name="Reports.EDDHistory"   						 							value="//li[contains(@data-automation-id,'0017')]" />-->
        <WebElement name="Reports.EDDHistory"                                                        value="//a[contains(@class,'is-endpoint-data-discovery-history-secondary-item-link')]" />

        <!--<WebElement name="Reports.EDDMatchScoreSummary"   						 					value="//li[contains(@data-automation-id,'0016')]" />-->
        <WebElement name="Reports.EDDMatchScoreSummary"   						 					value="//a[contains(@href,'0016') and contains(@class, 'is-endpoint-data-discovery-match-score-summary-secondary-item')]" />
        <!--<WebElement name="Reports.EDDReportingData"   						 						value="//li[contains(@data-automation-id,'0019')]" />-->
        <WebElement name="Reports.EDDReportingData"   						 						value="//a[contains(@class,'is-endpoint-data-discovery-reporting-data-secondary-item-link')]" />
        <!--<WebElement name="Reports.SoftwareLicenses"   						 						value="//li[contains(@data-automation-id,'000000000021')]" />-->
        <WebElement name="Reports.SoftwareLicenses"   						 						value="//a[contains(@class,'is-software-licenses-on-windows-devices-secondary-item-link')]" />
        <!--<WebElement name="Reports.SoftwareOverview"   						 						value="//li[contains(@data-automation-id,'0214')]" />-->
        <WebElement name="Reports.SoftwareOverview"   						 						value="//a[contains(@class,'is-software-overview-secondary-item-link')]" />
        <!--<WebElement name="Reports.SoftwareReportingData"   						 					value="//li[contains(@data-automation-id,'0215')]" />-->
        <WebElement name="Reports.SoftwareReportingData"   						 					value="//a[contains(@class,'is-software-reporting-data-secondary-item-link')]" />
        <!--<WebElement name="Reports.DeviceAnalytics" 						 					        value="//li[contains(@data-automation-id,'0230')]" />-->
        <WebElement name="Reports.DeviceAnalytics" 						 					        value="//a[contains(@class,'is-device-analytics-secondary-item-link')]" />
        <!--<WebElement name="Reports.AntiMalware" 						 					            value="//li[contains(@data-automation-id,'0240')]" />-->
        <WebElement name="Reports.AntiMalware"                                                      value="//a[contains(@class, 'is-anti-malware-secondary-item-link')]"/>
        <!--<WebElement name="Reports.Encryption" 						 					            value="//li[contains(@data-automation-id,'0250')]" />-->
        <WebElement name="Reports.Encryption" 						 					            value="//a[contains(@class,'is-full-disk-encryption-status-secondary-item-link')]" />
        <!--<WebElement name="Reports.RiskAssessment" 				 					                value="//li[contains(@data-automation-id,'1000-000000000016')]" />-->
        <WebElement name="Reports.RiskAssessment" 				 					                value="//a[contains(@class,'is-data-risk-assessment-secondary-item-link')]" />
        <!--<WebElement name="Reports.DAAH"                                                             value="//li[contains(@data-automation-id,'000020170302')]" />-->
        <WebElement name="Reports.DAAH"                                                             value="//a[contains(@class, 'is-event-history-secondary-item-link')]"/>
        <!--<WebElement name="Reports.AndroidVulnerability"                                             value="//span[@class ='list-navigation-item__name' and text() = 'Android Vulnerability']" />-->
        <WebElement name="Reports.AndroidVulnerability"                                             value="//div[ text() = 'Android Vulnerability']" />

        <WebElement name="Report.ReportsList.ListItem"                                              value="//a[contains(@class, 'is-%s-secondary-item-link')]"/>
        <WebElement name="Report.Grid.Checkbox"                                                       value="//td/input[contains(@class,'is-select-checkbox')]" />
        <WebElement name="Report.DeviceActionsButton.Active"                                          value="//div/button[contains(@class,'is-button-for-device-options')]" />
        <WebElement name="Report.DeviceActions.Dropdown"                                              value="//ul[@class='dropdown-menu-buttons']" />

        <WebElement name="Reports.ShowHideColumns.PopupWindow"                                      value="//div[@class='show-hide-columns-instructions']"/>
        <WebElement name="Reports.ColumnHeaderFormat"                                                value="//span[text()='%s']"/>

        <WebElement name="Reports.GlobalSearchBar"   						 						value="//div[contains(@class,'manage-content')]//input[contains(@class,'snap-view-search-input')]" />
        <WebElement name="Reports.Content.GlobalSearch.List" 										value="//div[contains(@class, 'report-content-view')]//div[contains(@class, 'adhoc-search')]//a" />
        <WebElement name="Reports.Content.GlobalSearch.ListItem" 									value="//ul[@class='select2-results']//div[text()='%s']" />
        <WebElement name="Reports.BtnShowHideColumns"   						 					value="//button[@class='btn btn-small']" />
        <WebElement name="Reports.BtnAddFilterBlock"   						 						value="//button[contains(@class,'add-single-filter-block-trigger')]" />
        <WebElement name="Reports.BtnAddORFilter"   							 					value="//span[contains(@class,'flex-baseline')]/preceding::button[contains(@class,'add-single-filter-trigger')][1]" />
        <WebElement name="Reports.BtnAddFilter"   						 							value="//button[contains(@class,'add-filter')]" />
        <WebElement name="Reports.SelectDataFieldLastFilterBlock"   						 		value="//span[contains(@class,'flex-baseline')]/preceding::div[contains(@class,'is-container-for-filter-attr-picker')][1]" />
        <WebElement name="Reports.SelectDataFieldFilter"                                            value="//button[contains(@class,'off is-button-for-toggle-show-filter-attr-picker')]/span[text()='Select Data Field']" />
        <WebElement name="Reports.SelectDataFieldFilterWithSelectedItem"                            value="//button[contains(@class,'off is-button-for-toggle-show-filter-attr-picker')]/span[text()='%s']" />

        <WebElement name="Reports.DataFieldFilterDropdown"                                          value="//div[@class='is-container-for-filter-attr-picker']/button" />
        <WebElement name="Reports.SelectConditionLastFilterBlock"  		 						 	value="//span[contains(@class,'flex-baseline')]/preceding::a[contains(@class,'select2-choice')][1]" />
        <WebElement name="Reports.SelectConditionFilter"   						 					value="//div[contains(@class,'filter-line')]//a[contains(@class,'select2-choice') and contains(span//text(), 'Select Condition')]" />
        <WebElement name="Reports.SelectValueFilter"   						 				    	value="//div[contains(@class,'filter-line')]//a[contains(@class,'select2-choice') and contains(span//text(), 'Select Value')]" />
        <WebElement name="Reports.EnterValueLastFilterBlock"   						 				value="//span[contains(@class,'flex-baseline')]/preceding::input[contains(@class,'is-op-rval')][1]" />
        <WebElement name="Reports.EnterValueLastFilterLineInputText"                                value="//span[contains(@class,'flex-baseline')]//preceding::div[contains(@class,'filter-line')][1]//input[contains(@class, 'is-op-rval')]"/>

        <WebElement name="Reports.LblCurrentFilter"   						 						value="//div[starts-with(@class,'show-details-info-list is-edit-filer')]" />
        <WebElement name="Reports.LblNoFilter"   						 							value="//div[contains(@class,'no-filters')]" />
        <WebElement name="Reports.BtnEditFilter"   						 							value="//div[contains(@class,'edit-icon')]" />
        <WebElement name="Reports.BtnRemoveFilter"					                                value="//button[contains(@class,'remove-filter icon-minus')]" />
        <WebElement name="Reports.EditFilter.BtnRemoveFilter"                                       value="//button[contains(@class,'remove-or-block btn-smaller')]" />
        <WebElement name="Reports.EditFilterDlg"                                                    value="//div[contains(@class, 'modal-window')]//div[contains(@class, 'edit-filter-dialog')]"/>
        <WebElement name="Reports.FilterSelectDataFiled"   						 					value="//div[@class='is-container-for-filter-attr-picker']/button/span[text()='Select Data Field']" />
        <WebElement name="Reports.FilterDeviceGroup"   						 					    value="//div[@data-is-container-for-automation-id = 'is-option-for-filter-deviceGroup']" />
        <WebElement name="Reports.FilterSelectGroup"                                                value="//button[contains(@class,'off is-button-for-toggle-show-device-group-tree') and text()='Select Group']" />
        <WebElement name="Reports.FilterClassicDeviceGroups"   						 				value="//div[@data-automation-id='Classic Device Groups' or @data-is-container-for-automation-id='Classic Device Groups']/a[contains(@class,'jqtree-closed')]" />
        <WebElement name="Reports.FilterClassicDeviceGroup"   						 				value="//div[contains(@data-is-container-for-automation-id,'Automation_groupName') or contains(@data-automation-id,'Automation_groupName')]" />
        <WebElement name="Reports.FilterClassicDeviceGroupArrowExpand"   						    value="//div[@data-automation-id='[Classic Group] Automation_deviceGroupName' or @data-is-container-for-automation-id='[Classic Group] Automation_deviceGroupName']//a[@class='jqtree_common jqtree-toggler jqtree-closed']" />
        <WebElement name="Reports.FilterSmartDGUnderSpecificClassicDG"			                    value="//div[@data-automation-id='[Classic Group] Automation_deviceGroupName' and ./div[contains(@class,'fixed-group-icon')]]/following-sibling::div[@data-automation-id='Automation_deviceGroupName' and ./div[contains(@class,'smart-group-icon')]]" />
        <WebElement name="Reports.ReportOptions"   						 							value="//button[contains(@class,'is-report-options-button') or contains(@class,'button-secondary is-button-for-dropdown-toggle')]"/>
        <WebElement name="Reports.CommonDeviceCheckBox"   						 					value="//input[@class='is-select-checkbox']" />
        <WebElement name="Reports.CommonALLDeviceCheckBox"   						 				value="//input[@class='is-select-all-checkbox']" />
        <WebElement name="Reports.DeviceActionsBtn.CommonRemoveAgentAction"   						value="//button[contains(@class,'remove-agent')]" />
        <WebElement name="Reports.RemoveAgentDialog.EligibilityCheckingSpinner"   					value="//*[contains(@class,'modal-dialog--progress')]" />
        <WebElement name="Reports.RemoveAgentDialog.Title"   						                value="//*[contains(@class,'is-window-title')]" />
        <WebElement name="Reports.RemoveAgentDialog.Description"   						            value="//span[@id='unenroll-device-dialog-description']" />
        <WebElement name="Reports.RemoveAgentDialog.EligibleTableHeaderColumns"   					value="//div[contains(@class,'is-data-table-for-unenroll-device')]/div/div/div[@class='header-container']//th/span[contains(@class,'header-content')]" />
        <WebElement name="Reports.RemoveAgentDialog.CloseButton"   						            value="//button[contains(@class,'is-button-for-cancel')]" />
        <WebElement name="Reports.RemoveAgentDialog.RemoveAgentButton"   						    value="//button[contains(@class,'is-button-for-confirm-unenroll-eligible-device')]" />
        <WebElement name="Reports.RemoveAgentDialog.ProcessEligibleDevicesButton"				    value="//button[contains(@class,'is-button-for-confirm-unenroll-ineligible-device')]" />
        <WebElement name="Reports.RemoveAgentDialog.ListDevicesCheckbox"                            value="//div[contains(@class,'is-container-for-unenroll-device')]//input[@class='is-select-checkbox']" />
        <WebElement name="Reports.DeviceOptionsBtn"   						 				        value="//button[contains(@class,'is-button-for-device-options')]" />
        <WebElement name="Reports.ReportOptions.Export"				 		    					value="//button[contains(@class,'is-button-for-export-report')]" />
        <WebElement name="Reports.SaveNewReport.TxtReportName"				 						value="//input[@id='NameField']" />
        <WebElement name="Reports.SaveNewReport.ConfirmReportCreated"				 				value="//button[contains(@class,'action-ok') or @class='button button--secondary button--blue is-button-secondary']" />
        <WebElement name="Reports.RuleFilter"   						 				        	value="//div[contains(@class,'filter-attr-picker-view-panel')]//div[contains(@data-is-container-for-id,'rule')]" />
        <WebElement name="Reports.EncryptionFilter"   						 				        value="//div[contains(@class,'filter-attr-picker-view-panel')]//div[contains(@data-is-container-for-automation-id,'is-option-for-filter-espInfo')]" />
        <WebElement name="Reports.DeviceNameFilter"   						 				        value="//div[contains(@class,'filter-attr-picker-view-panel')]//div[contains(@data-is-container-for-automation-id,'is-option-for-filter-espInfo')]" />
        <WebElement name="Reports.UserNameFilter"   						 				        value="//div[contains(@class,'filter-attr-picker-view-panel')]//div[contains(@data-is-container-for-automation-id,'is-option-for-filter-espInfo')]" />
        <WebElement name="Reports.SerialNumberFilter"   						 				            value="//div[contains(@class,'filter-attr-picker-view-panel')]//div[contains(@data-is-container-for-automation-id,'is-option-for-filter-espInfo')]" />
        <WebElement name="Reports.IdentifierFilter"   						 				        value="//div[contains(@class,'filter-attr-picker-view-panel')]//div[contains(@data-is-container-for-id,'identifier')]" />
        <WebElement name="Reports.EqualsToFilter"   						 				        value="//div[contains(@class,'select2-drop-active')]//div[contains(@class,'select2-result-label') and text()='equal to']" />
        <WebElement name="Reports.CustomQAFilter"   						 				        value="//div[contains(@class,'select2-drop-active')]//li[contains(@class,'select2-results-dept-0')]//div[text()='%s']" />
        <WebElement name="Reports.Filter.ValueTextBox"                                              value="//div[contains(@class,'list-container')]//input[contains(@class,'txt-search search-input snap-view-search-input')]" />
        <WebElement name="Reports.Filter.SearchValueTextBox"                                        value="//div[contains(@class,'manage-content-group')]//input[contains(@class,'txt-search search-input snap-view-search-input')]" />
        <WebElement name="Reports.Filter.OperatorBlock"                                             value="//div[contains(@class,'-operator-block')]" />
        <WebElement name="Reports.FilterValue"                                                      value="//span[starts-with(@class,'is-op-rval') and contains(.,'which-value')]" />
        <WebElement name="Reports.EditFilterDlg.FilterValue"                                        value="//div[starts-with(@class,'is-op-rval') and contains(.,'which-value')]"/>
        <WebElement name="Reports.ColRule"                                                          value="//th[contains(@data-column-name,'rule')]" />
        <WebElement name="Reports.ColFileType"                                                      value="//th[contains(@data-column-name,'fileType')]" />
        <WebElement name="Reports.ColFileOwner"                                                     value="//th[contains(@data-column-name,'fileOwner')]" />
        <WebElement name="Reports.ColFileCreated"                                                   value="//th[contains(@data-column-name,'fileCreated')]" />
        <WebElement name="Reports.ColFileModified"                                                  value="//th[contains(@data-column-name,'fileModified')]" />
        <WebElement name="Reports.ColQuotaDelimited"                                                value="//th[contains(@data-column-name,'quotaDelimited')]" />
        <WebElement name="Reports.BtnEditDelete"													value="//button[contains(@class,'is-button-for-delete-report')]" />
        <WebElement name="Reports.BtnSaveAs"   						 								value="//button[contains(@class,'save-as')]" />
        <WebElement name="Reports.ReportOptions.SaveAs"				    							value="//button[contains(@class,'is-button-for-save-as-report')]" />
        <WebElement name="Reports.SaveDialog.Save"				    							    value="//button[contains(@class,'is-button-for-confirm') or contains(@class,'ant-btn-primary')]" />
        <WebElement name="Reports.SaveDialog.Close"				    							    value="//button[contains(@class,'is-button-secondary')]" />
        <WebElement name="Reports.DeleteReport.DeleteAction"                                        value="//button[contains(@class,'is-button-primary') or contains(@class,'ant-btn-primary')]"/>
        <WebElement name="Reports.DeleteReport.Close"                                               value="//button[contains(@class,'is-button-secondary') or contains(@class,'is-button-for-confirm')]" />
        <WebElement name="Reports.Title"				 							                value="//div[contains(@class,'is-container-for-list')]//h1" />

        <WebElement name="Reports.NoFilterContainer"  						 						value="//div[contains(@class,'no-filters')]" />
        <WebElement name="Reports.CustomReportName"													value="//a[contains(@class,'list-item') and .//div[contains(@class,label) and contains(text(),'automation_name')]] | //li[contains(@class,'list-navigation-item')]//span[contains(@class,'list-navigation-item__name') and contains(.,'automation_name')]" />
        <WebElement name="Reports.CustomReportContainsName"											value="//a[contains(@class,'list-item') and .//div[contains(@class,label) and contains(text(),'automation_name')]] | //li[contains(@class,'list-navigation-item') and not(./a/span[4][contains(@class,'icon-active')])]//span[contains(@class,'list-navigation-item__name') and contains(.,'automation_name')]" />
        <WebElement name="Reports.ReportPage.Title"   						 						value="//div[contains(@class,'is-container-for-list')]//h1" />
        <WebElement name="Reports.Searchbox"                                                        value="//div[contains(@class, 'is-nav-splitter')]//input[contains(@class, 'snap-view-search-input')]"/>
        <WebElement name="Reports.SelectAll"                                                        value="//div[contains(@class, 'is-paged-table')]//input[contains(@class, 'is-select-all-checkbox')]"/>
        <WebElement name="Reports.ActiveDeviceRowByESN"                                             value="//tr[@data-automation-id='Automation_esn']"/>

        <WebElement name="Reports.ColIdentifierSortAsc"   						 					value="//th[contains(@data-column-name,'identifier')]//span[contains(@class,'sort asc')]" />
        <WebElement name="Reports.ColLastUpdatedUtcSortDesc"   						 				value="//th[contains(@data-column-name,'lastUpdatedUtc')]//span[contains(@class,'sort desc')]" />
        <WebElement name="Reports.ColUsernameSortAsc"   						 					value="//th[contains(@data-column-name,'username')]//span[contains(@class,'sort asc')]" />

        <WebElement name="Reports.ColIdentifier"   						 							value="//th[contains(@data-column-name,'identifier')]" />
        <WebElement name="Reports.ColLastUpdatedUtc"   						 						value="//th[contains(@data-column-name,'lastUpdatedUtc')]" />
        <WebElement name="Reports.ColLastConnectedUtc"   						 					value="//th[contains(@data-column-name,'lastConnectedUtc')]" />

        <WebElement name="Reports.ColUsername"   						 							value="//th[contains(@data-column-name,'username')]" />
        <WebElement name="Reports.ColSerialNumber"   						 						value="//th[contains(@data-column-name,'serialNumber')]" />
        <WebElement name="Reports.ColFileExt"   						 						    value="//th[contains(@data-column-name,'fileExt')]" />
        <WebElement name="Reports.ColMatchScore"   						 				            value="//th[contains(@data-column-name,'matchScore')]" />
        <WebElement name="Reports.ColDeviceName"   						 							value="//th[contains(@data-column-name,'name')]" />
        <WebElement name="Reports.ColMake"   						 								value="//th[contains(@data-column-name,'make')]" />
        <WebElement name="Reports.ColModel"   						 								value="//th[contains(@data-column-name,'model')]" />
        <WebElement name="Reports.ColOSName"   						 								value="//th[contains(@data-column-name,'os.name')]" />
        <WebElement name="Reports.ColPolicyGroupName"   						 					value="//th[contains(@data-column-name,'policyGroupName')]" />
        <WebElement name="Reports.ColFileName"   						 							value="//th[contains(@data-column-name,'fileName')]" />
        <WebElement name="Reports.ColEncryptionStatus"   						 			        value="//th[contains(@data-column-name,'espInfo.encryptionStatus')]" />
        <WebElement name="Reports.ColTotalMatchScore"   						 			        value="//th[contains(@data-column-name,'totalMatchScore')]" />
        <WebElement name="Reports.ColRiskScore"   						 			                value="//th[contains(@data-column-name,'riskScore')]" />
        <WebElement name="Reports.ColCloudStorage"   						 			            value="//th[contains(@data-column-name,'hasCloudData')]" />
        <WebElement name="Reports.ColRiskCost"   						 			                value="//th[contains(@data-column-name,'riskCost')]" />
        <WebElement name="Reports.ColGDPRAggregateScore"   						 					value="//th[contains(@data-column-name,'gdprAggregateScore')]" />
        <WebElement name="Reports.ColPolicyGroup"   						 						value="//th[contains(@data-column-name,'policyGroup')]" />
        <WebElement name="Reports.ColScanDate"   						 					        value="//th[contains(@data-column-name,'scanDate')]" />
        <WebElement name="Reports.ColCompletedScanDate"   						 					value="//th[contains(@data-column-name,'completedScanDate')]" />
        <WebElement name="Reports.ColCreditCardMatchScore"   						 				value="//th[contains(@data-column-name,'creditCardMatchScore')]" />
        <WebElement name="Reports.ColPersonalHealthInfoMatchScore"   						 		value="//th[contains(@data-column-name,'personalHealthInformationMatchScore')]" />
        <WebElement name="Reports.ColPersonalFinancialInfoMatchScore"   						 	value="//th[contains(@data-column-name,'personalFinancialInformationMatchScore')]" />
        <WebElement name="Reports.ColSocialSecurityNumberMatchScore"   						 		value="//th[contains(@data-column-name,'socialSecurityNumberMatchScore')]" />
        <WebElement name="Reports.ColEncryptedMatchScore"   						 				value="//th[contains(@data-column-name,'encryptedMatchScore')]" />
        <WebElement name="Reports.RowScanDate"   						 				            value="//span[@class='is-major' and @data-column-id='scanDate']" />
        <WebElement name="Reports.RowIdentifier"   						 				            value="//span[@class='is-major' and @data-column-id='identifier']" />
        <WebElement name="Reports.RowPolicyGroup"   						 				        value="//span[@class='is-minor' and @data-column-id='policyGroup']" />
        <WebElement name="Reports.SortDescArrow"   						 	                        value="//span[contains(@class,'sort desc')]" />
        <WebElement name="Reports.SortAscArrow"   						 	                        value="//span[contains(@class,'sort asc')]" />
        <WebElement name="Reports.ColumnNameByDataColName"   						 				value="//th[contains(@data-column-name,'%s')]//span[contains(@class,'header-content__clamp')]" />
        <WebElement name="Reports.ColumnByDataColName"   						 					value="//th[contains(@data-column-name,'%s')]" />


        <WebElement name="Reports.ActiveDevices.Count"                                              value="//div[contains(@class, 'report-content-view')]/div[contains(@class, 'is-collection-header')]/div[contains(@class, 'right pagination-block')]"/>
        <WebElement name="Reports.ActiveDevices.Identifier"   						 	            value="//tr[contains(@class,'is-record')]/td[@data-name='identifier']/a[@class='ember-view' and text()='Automation_identifier']" />
        <WebElement name="Reports.ActiveDevices.AllIdentifiers"   						 	        value="//td[@data-name='identifier']/a" />
        <WebElement name="Reports.ActiveDevices.ExtraDevice"   						 	            value="//tr[contains(@class,'is-record')]//a[@class='ember-view' and contains(@href,'hardware')]" />
        <WebElement name="Reports.SoftwareReportingData.ColIdentifier"   						 	value="//th[contains(@data-column-name,'device.identifier')]" />
        <WebElement name="Reports.SoftwareReportingData.ColMake"   						 			value="//th[contains(@data-column-name,'device.make')]" />
        <WebElement name="Reports.SoftwareReportingData.ColModel"   						 		value="//th[contains(@data-column-name,'device.model')]" />
        <WebElement name="Reports.SoftwareReportingData.ColDeviceName"   						 	value="//th[contains(@data-column-name,'device.deviceName')]" />
        <WebElement name="Reports.SoftwareReportingData.ColApplicationName"   						value="//th[contains(@data-column-name,'applicationName')]" />
        <WebElement name="Reports.SoftwareReportingData.ColApplicationVersion"   					value="//th[contains(@data-column-name,'applicationVersion.String')]" />
        <WebElement name="Reports.SoftwareReportingData.ColSuite"   						 		value="//th[contains(@data-column-name,'suiteName')]" />
        <WebElement name="Reports.SoftwareReportingData.ColPublisher"   						 	value="//th[contains(@data-column-name,'publisherName')]" />
        <WebElement name="Reports.SoftwareReportingData.ColFileSize"   						 		value="//th[contains(@data-column-name,'fileSize')]" />
        <WebElement name="Reports.SoftwareReportingData.ColFileVersion"   						 	value="//th[contains(@data-column-name,'fileVersion.String')]" />
        <WebElement name="Reports.SoftwareReportingData.ColFilePath"   						 		value="//th[contains(@data-column-name,'filePath')]" />

        <WebElement name="Reports.ShowHideColumns.IncludeCol.ScanDateDisabled"   			        value="//div[contains(@class,'include-columns-block')]//li[contains(@class,'disabled') and @data-column-name='scanDate']" />
        <WebElement name="Reports.ShowHideColumns.IncludeCol.IdentifierDisabled"   		            value="//div[contains(@class,'include-columns-block')]//li[contains(@class,'disabled') and @data-column-name='identifier']" />
        <WebElement name="Reports.ShowHideColumns.IncludeCol.PolicyGroupDisabled"   		        value="//div[contains(@class,'include-columns-block')]//li[contains(@class,'disabled') and @data-column-name='policyGroup']" />
        <WebElement name="Reports.ShowHideColumns.IncludeCol.MatchScoreDisabled"   		            value="//div[contains(@class,'include-columns-block')]//li[contains(@class,'disabled') and @data-column-name='matchScore']" />
        <WebElement name="Reports.ShowHideColumns.IncludeCol.RuleDisabled"   				        value="//div[contains(@class,'include-columns-block')]//li[contains(@class,'disabled') and @data-column-name='rule']" />
        <WebElement name="Reports.ShowHideColumns.IncludeCol.FileType"   					        value="//div[contains(@class,'include-columns-block')]//li[@data-column-name='fileType']" />
        <WebElement name="Reports.ShowHideColumns.IncludeCol.FilePath"   					        value="//div[contains(@class,'include-columns-block')]//li[@data-column-name='fileNameFullPath']" />
        <WebElement name="Reports.ShowHideColumns.IncludeCol.FileName"   					        value="//div[contains(@class,'include-columns-block')]//li[@data-column-name='fileName']" />
        <WebElement name="Reports.ShowHideColumns.IncludeCol.FileOwner"   				            value="//div[contains(@class,'include-columns-block')]//li[@data-column-name='fileOwner']" />
        <WebElement name="Reports.ShowHideColumns.IncludeCol.FileCreated"   				        value="//div[contains(@class,'include-columns-block')]//li[@data-column-name='fileCreated']" />
        <WebElement name="Reports.ShowHideColumns.IncludeCol.FileModified"   				        value="//div[contains(@class,'include-columns-block')]//li[@data-column-name='fileModified']" />
        <WebElement name="Reports.ShowHideColumns.IncludeCol.PolicyGroup"                           value="//div[contains(@class,'include-columns-block')]//li[@data-column-name='policyGroup']" />
        <WebElement name="Reports.ShowHideColumns.IncludeCol.ScanDate"                              value="//div[contains(@class,'include-columns-block')]//li[@data-column-name='completedScanDate']" />
        <WebElement name="Reports.ShowHideColumns.IncludeCol.TotalMatchScore"                       value="//div[contains(@class,'include-columns-block')]//li[@data-column-name='totalMatchScore']" />
        <WebElement name="Reports.ShowHideColumns.IncludeCol.CCMatchScore"                          value="//div[contains(@class,'include-columns-block')]//li[@data-column-name='creditCardMatchScore']" />
        <WebElement name="Reports.ShowHideColumns.IncludeCol.HealthMatchScore"                      value="//div[contains(@class,'include-columns-block')]//li[@data-column-name='personalHealthInformationMatchScore']" />
        <WebElement name="Reports.ShowHideColumns.IncludeCol.FinanceMatchScore"                     value="//div[contains(@class,'include-columns-block')]//li[@data-column-name='personalFinancialInformationMatchScore']" />
        <WebElement name="Reports.ShowHideColumns.IncludeCol.SSNMatchScore"                         value="//div[contains(@class,'include-columns-block')]//li[@data-column-name='socialSecurityNumberMatchScore']" />
        <WebElement name="Reports.ShowHideColumns.IncludeCol.EncryptMatchScore"                     value="//div[contains(@class,'include-columns-block')]//li[@data-column-name='encryptedMatchScore']" />
        <WebElement name="Reports.ShowHideColumns.IncludeCol.SerialNumber"                          value="//div[contains(@class,'include-columns-block')]//li[@data-column-name='serialNumber']" />
        <WebElement name="Reports.ShowHideColumns.IncludeCol.Username"                              value="//div[contains(@class,'include-columns-block')]//li[@data-column-name='username']" />
        <WebElement name="Reports.ShowHideColumns.IncludeCol.Name"                                  value="//div[contains(@class,'include-columns-block')]//li[@data-column-name='name']" />
        <WebElement name="Reports.ShowHideColumns.IncludeCol.EncryptionStatus"                      value="//div[contains(@class,'include-columns-block')]//li[@data-column-name='espInfo.encryptionStatus']" />
        <WebElement name="Reports.ShowHideColumns.AvailableCol.EspInfo"                             value="//div[contains(@class,'available-columns-block')]//li[@data-column-name='espInfo']" />
        <WebElement name="Reports.ShowHideColumns.AvailableCol.ExcludeFromReport"                   value="//div[contains(@class,'available-columns-block')]//li[@data-column-name='excludeFromReport']" />
        <WebElement name="Reports.ShowHideColumns.AvailableCol.FileExt"                             value="//div[contains(@class,'available-columns-block')]//li[@data-column-name='fileExt']" />
        <WebElement name="Reports.ShowHideColumns.AvailableCol.FileMatchStatus"                     value="//div[contains(@class,'available-columns-block')]//li[@data-column-name='fileMatchStatus']" />
        <WebElement name="Reports.ShowHideColumns.AvailableCol.Model"                               value="//div[contains(@class,'available-columns-block')]//li[@data-column-name='model']" />
        <WebElement name="Reports.ShowHideColumns.AvailableCol.Make"                                value="//div[contains(@class,'available-columns-block')]//li[@data-column-name='make']" />
        <WebElement name="Reports.ShowHideColumns.AvailableCol.RiskScore"                           value="//div[contains(@class,'available-columns-block')]//li[@data-column-name='riskScore']" />
        <WebElement name="Reports.ShowHideColumns.AvailableCol.Exposure"                            value="//div[contains(@class,'available-columns-block')]//li[@data-column-name='riskCost']" />
        <WebElement name="Reports.ShowHideColumns.AvailableCol.ReportingDataReason"                 value="//div[contains(@class,'available-columns-block')]//li[@data-column-name='reportingDataReason']" />
        <WebElement name="Reports.SoftwareLicenses.ColLicenseNameAsc"   						 	value="//th[@data-column-name='licenseName']//span[contains(@class,'sort asc')]" />
        <WebElement name="Reports.SoftwareLicenses.ColPublisherName"   						 		value="//th[@data-column-name='publisherName']" />
        <WebElement name="Reports.SoftwareLicenses.ColLicenseCount"   						 		value="//th[@data-column-name='licenseCount']" />
        
        <WebElement name="Reports.SoftwareOverview.ColAppName"   						 			value="//th[@data-column-name='applicationName']" />
        <WebElement name="Reports.SoftwareOverview.ColAppVersion"   						 		value="//th[@data-column-name='applicationVersion.String']" />
        <WebElement name="Reports.SoftwareOverview.ColSoftwareCatalog"   						 	value="//th[@data-column-name='softwareCatalogName']" />
        <WebElement name="Reports.SoftwareOverview.ColDeviceCount"   						 		value="//th[@data-column-name='count']" />
        <WebElement name="Reports.SoftwareOverview.FirstRowApplication.cellApplicationName"   		value="//table[@class='paged-table free']//tr[3]//td[contains(@data-name,'applicationName')]" />
        <WebElement name="Reports.SoftwareOverview.FirstRowApplication.cellDeviceCount"   			value="//table[@class='paged-table free']//tr[3]//td[contains(@data-name,'count')]" />
        <WebElement name="Reports.SoftwareOverview.RowExpandedIcon"   			                    value="//div[contains(@class, 'is-container-for-group')]//span[contains(@class, 'icon-solid-arrow-down')]" />

        <WebElement name="Reports.DeviceAnalytics.BtnCreateUsageReport"                             value="//a[@class='is-link-for-device-usage-report']"/>
        <WebElement name="Reports.DeviceAnalytics.BtnCreateGroupSummaryReport"                      value="//a[@class='is-link-for-device-attributes-report']"/>
        <WebElement name="Reports.DeviceAnalytics.ReportCreationMessageBox.BtnClose"                value="//button[contains(@class, 'is-button-for-confirm')]"/>
        <WebElement name="Reports.DeviceAnalytics.BtnEditReport"                                    value="//div[contains(@class, 'report-content-view')]//div[contains(@class, 'button-block-container')]//button[contains(@class, 'is-button-for-edit-analytics-report')]" />
        <WebElement name="Reports.DeviceAnalytics.BtnColumns"                                       value="//button[@class='btn btn-small btn-columns']"/>
        <WebElement name="Reports.DeviceAnalytics.ReportGenerationProgress"                         value="//div[contains(@class, 'report-content-view')]//div[contains(@class, 'analytics-report-progress-bar')]"/>
        <WebElement name="Reports.DeviceAnalytics.DisplayOptions.MenuButton"                        value="//div[contains(@class, 'bar-chart-top-container')]//button[contains(@class, 'is-button-for-dropdown-toggle')]"/>
        <WebElement name="Reports.DeviceAnalytics.DisplayOptions.Menu.DeviceCount"                  value="//button[contains(@class, 'is-button-for-device-count')]"/>
        <WebElement name="Reports.DeviceAnalytics.DisplayOptions.Menu.KeyboardMouseActivity"        value="//button[contains(@class, 'is-button-for-keyboard-activity')]"/>
        <WebElement name="Reports.DeviceAnalytics.DisplayOptions.Menu.LoginUnlockEvents"            value="//button[contains(@class, 'is-button-for-event-count')]"/>


        <WebElement name="Reports.DeviceAnalytics.ReportCreationWizard.ModalProgressStep"           value="//div[contains(@class, 'is-report-create-analytics-modal')]//div[contains(@class, 'is-step-active') and contains(@class, 'is-device-analytics-%s')]"/>
        <WebElement name="Reports.DeviceAnalytics.ReportCreationWizard.ReportName"                  value="//input[@id='NameField']"/>
        <WebElement name="Reports.DeviceAnalytics.ReportCreationWizard.ReportDescription"           value="//textarea[@id='ReportDescription']"/>
        <WebElement name="Reports.DeviceAnalytics.ReportCreationWizard.AllActiveDevices.Checkbox"   value="//div[contains(@class, 'is-device-group-node') and @data-id='all_active_devices']/div[@class='checkbox']"/>
        <WebElement name="Reports.DeviceAnalytics.ReportCreationWizard.DeviceGroupTreeList"         value="//div[contains(@class, 'is-device-group-tree')]" />
        <WebElement name="Reports.DeviceAnalytics.ReportCreationWizard.DeviceGroupTreeListItem"     value="//div[contains(@class, 'is-device-group-tree')]//div[contains(@class, 'is-device-group-node') and @data-automation-id='%s']" />
        <WebElement name="Reports.DeviceAnalytics.ReportCreationWizard.DeviceGroupTreeListItem.Checkbox"    value="//div[contains(@class, 'is-device-group-tree')]//div[contains(@class, 'is-device-group-node') and @data-automation-id='%s']//div[@class='checkbox']"/>
        <WebElement name="Reports.DeviceAnalytics.ReportCreationWizard.DateRangeMenu.DropDown"      value="//div[contains(@class, 'is-select-for-date-range')]/a/div"/>
        <WebElement name="Reports.DeviceAnalytics.ReportCreationWizard.DateRange.Custom"            value="//div[contains(@class, 'select2-drop')]//li[contains(@class, 'is-option-for-search-custom')]"/>
        <WebElement name="Reports.DeviceAnalytics.ReportCreationWizard.DateRange.Custom.From"       value="//input[contains(@class, 'date-range-picker-from')]"/>
        <WebElement name="Reports.DeviceAnalytics.ReportCreationWizard.DateRange.Custom.To"         value="//input[contains(@class, 'date-range-picker-to')]"/>
        <WebElement name="Reports.DeviceAnalytics.ReportCreationWizard.BtnCancel"                   value="//div[contains(@class, 'is-step-active')]//button[contains(@class, 'is-button-for-cancel')]" />
        <WebElement name="Reports.DeviceAnalytics.ReportCreationWizard.BtnPrevious"                 value="//div[contains(@class, 'is-step-active')]//button[contains(@class, 'is-button-for-previous')]"/>
        <WebElement name="Reports.DeviceAnalytics.ReportCreationWizard.BtnNext"                     value="//div[contains(@class, 'is-step-active')]//button[contains(@class, 'is-button-for-next')]"/>
        <WebElement name="Reports.DeviceAnalytics.ReportCreationWizard.BtnDone"                     value="//div[contains(@class, 'is-step-active')]//button[contains(@class, 'is-button-for-next')]" />
        <WebElement name="Reports.DeviceAnalytics.ReportCreationWizard.Series.Name"                 value="//input[@id='seriesName']"/>
        <WebElement name="Reports.DeviceAnalytics.ReportCreationWizard.Series.EventType.LoginAndUnlock"         value="//a[contains(@class, 'is-logon_and_unlock')]"/>
        <WebElement name="Reports.DeviceAnalytics.ReportCreationWizard.Series.EventType.MouseAndKeyboard"       value="//a[contains(@class, 'is-mkActivity')]"/>
        <WebElement name="Reports.DeviceAnalytics.ReportCreationWizard.Series.AddInitialFilter"     value="//div[contains(@class, 'filters-main-content')]//button[contains(@class, 'add-filter-button')]"/>

        <WebElement name="Reports.DeviceAnalytics.ReportCreationWizard.Series.Filter.Value.Input"   value="//div[contains(@class,'filter-line')]//input[contains(@class,'is-op-rval')]"/>
        <WebElement name="Reports.DeviceAnalytics.ReportCreationWizard.Series.Filter.Value.EventTime.DropDownMenuBtn" value="//input[contains(@class, 'is-input-for-usage-event-time-picker')]"/>
        <WebElement name="Reports.DeviceAnalytics.ReportCreationWizard.Series.Filter.Value.EventTime.PopupPanel.StartTime.Hour.Textbox" value="//div[contains(@class, 'is-usage-event-time-picker')]//div[contains(@class, 'is-start-hour')]//input[contains(@class, 'is-time-field')]"/>
        <WebElement name="Reports.DeviceAnalytics.ReportCreationWizard.Series.Filter.Value.EventTime.PopupPanel.StartTime.HourPeriod.SelectionBtn" value="//div[contains(@class, 'is-usage-event-time-picker')]//div[contains(@class, 'time-container__start')]//div[contains(@class, 'hour-period')]/div[@class='buttons-combined']/button[%s]"/>
        <WebElement name="Reports.DeviceAnalytics.ReportCreationWizard.Series.Filter.Value.EventTime.PopupPanel.EndTime.HourPeriod.SelectionBtn" value="//div[contains(@class, 'is-usage-event-time-picker')]//div[contains(@class, 'time-container__end')]//div[contains(@class, 'hour-period')]/div[@class='buttons-combined']/button[%s]"/>
        <WebElement name="Reports.DeviceAnalytics.ReportCreationWizard.Series.Filter.Value.EventTime.PopupPanel.EndTime.Hour.Textbox"   value="//div[contains(@class, 'is-usage-event-time-picker')]//div[contains(@class, 'is-end-hour')]//input[contains(@class, 'is-time-field')]"/>
        <WebElement name="Reports.DeviceAnalytics.ReportCreationWizard.Series.Filter.Value.EventTime.PopupPanel.DayOfWeek.SelectionBtn"   value="//div[contains(@class, 'is-usage-event-time-picker')]//div[contains(@class, 'weekdays-box')]/div[contains(@class, 'week-days-select')][%s]"/>
        <WebElement name="Reports.DeviceAnalytics.ReportCreationWizard.Series.Filter.Value.EventTime.PopupPanel.ErrorMsgText" value="//div[contains(@class, 'is-usage-event-time-picker')]//div[contains(@class, 'error-container')]"/>
        <WebElement name="Reports.DeviceAnalytics.ReportCreationWizard.Series.Filter.Value.EventTime.PopupPanel.DoneBtn"  value="//div[contains(@class, 'is-usage-event-time-picker')]//button[contains(@class, 'is-button-for-done')]"/>
        <WebElement name="Reports.DeviceAnalytics.ReportCreationWizard.Series.Filter.Value.EventTime.PopupPanel.CancelBtn" value="//div[contains(@class, 'is-usage-event-time-picker')]//button[contains(@class, 'is-button-for-cancel')]"/>
        <WebElement name="Reports.DeviceAnalytics.ReportCreationWizard.Series.FilterDropDownMenu.DataField.Input"  value="//div[contains(@class, 'is-container-for-filter-attr-picker')]//input[contains(@class, 'txt-search')]"/>
        <WebElement name="Reports.DeviceAnalytics.ReportCreationWizard.Series.Filter.ChromebookWarning"         value="//div[contains(@class, 'filters-main-content')]//div[contains(@class, 'is-container-for-filter-line-warning')]"/>

        <WebElement name="Reports.DeviceAnalytics.EditReportDlg"                             value="//div[contains(@class, 'is-report-edit-analytics-modal')]"/>
        <WebElement name="Reports.DeviceAnalytics.EditReportDlg.DlgView.DefineScope"         value="//div[contains(@class, 'is-report-edit-analytics-modal')]//div[contains(@class, 'is-device-analytics-define-scope') and contains(@class, 'is-step-active')]//div[contains(@class, 'is-button-group')]/div[contains(@class, 'button-group')]/div[1]/button[contains(@class, 'is-button-for-define-scope') and contains(@class, 'is-button-for-toggle-button')]"/>
        <WebElement name="Reports.DeviceAnalytics.EditReportDlg.DlgView.CreateSeries"        value="//div[contains(@class, 'is-report-edit-analytics-modal')]//div[contains(@class, 'is-device-analytics-define-scope') and contains(@class, 'is-step-active')]//div[contains(@class, 'is-button-group')]/div[contains(@class, 'button-group')]/div[2]/button[contains(@class, 'is-button-for-create-series') and contains(@class, 'is-button-for-toggle-button')]"/>
        <WebElement name="Reports.DeviceAnalytics.EditReportDlg.SelectedDlgView"             value="//div[contains(@class, 'button-group')]//button[contains(@class, 'is-button-for-%s active is-button-for-toggle-button')]"/>
        <WebElement name="Reports.DeviceAnalytics.EditReportDlg.AllActiveDevices.Checkbox"   value="//div[contains(@data-id, 'all_active_devices')]/input[contains(@class,'is-select-checkbox')]" />
        <WebElement name="Reports.DeviceAnalytics.EditReportDlg.DeviceGroupTreeList"         value="//div[contains(@class, 'is-device-group-tree')]" />
        <WebElement name="Reports.DeviceAnalytics.EditReportDlg.DeviceGroupTreeListItem"     value="//div[contains(@class, 'is-device-group-tree')]//div[contains(@class, 'is-device-group-node') and @data-automation-id='%s']" />
        <WebElement name="Reports.DeviceAnalytics.EditReportDlg.DeviceGroupTreeListItem.Checkbox"    value="//div[contains(@class, 'is-device-group-tree')]//div[contains(@class, 'is-device-group-node selected') and @data-automation-id='%s']"/>
        <WebElement name="Reports.DeviceAnalytics.EditReportDlg.DateRangeMenu.DropDown"             value="//div[contains(@class, 'is-select-for-date-range')]/a/div"/>
        <WebElement name="Reports.DeviceAnalytics.EditReportDlg.DateRange.Custom"                   value="//div[contains(@class, 'select2-drop')]//li[contains(@class, 'is-option-for-search-custom')]"/>
        <WebElement name="Reports.DeviceAnalytics.EditReportDlg.DateRange.Custom.From"              value="//input[contains(@class, 'date-range-picker-from')]"/>
        <WebElement name="Reports.DeviceAnalytics.EditReportDlg.DateRange.Custom.To"                value="//input[contains(@class, 'date-range-picker-to')]"/>
        <WebElement name="Reports.DeviceAnalytics.EditReportDlg.Series.Filter.ChromebookWarning"    value="//div[contains(@class, 'filters-main-content')]//div[contains(@class, 'is-container-for-filter-line-warning')]"/>
        <WebElement name="Reports.DeviceAnalytics.EditReportDlg.BtnCancel"                   value="//button[contains(@class, 'is-button-for-cancel')]" />
        <WebElement name="Reports.DeviceAnalytics.EditReportDlg.BtnDone"                     value="//button[contains(@class, 'btn-action')]" />

        <WebElement name="Reports.DeviceAnalytics.BarChartCategoryBars"                             value="//div[contains(@class, 'is-device-analytics-bar-chart has-categories')]//div[contains(@class, 'is-category-label') and text()='%s']" />
        <WebElement name="Reports.DeviceAnalytics.BarChartAllActiveDevicesCategoryBar"              value="//div[contains(@class, 'is-device-analytics-bar-chart has-categories')]//div[@class='is-category-label' and text()='All active devices']"/>

        <WebElement name="Reports.DeviceAnalytics.DataTable.FirstRow"                               value="//div[contains(@class, 'report-view-container')]//div[contains(@class, 'body-container')]//div[contains(@class, 'frozen virtual-pages-container')]/div[1]/table[contains(@class, 'paged-table frozen')]/tbody/tr[1]"/>
        <WebElement name="Reports.DeviceAnalytics.DataTable.FirstRow.ESN.Hyperlink"                 value="//div[contains(@class, 'report-view-container')]//div[contains(@class, 'body-container')]//div[contains(@class, 'frozen virtual-pages-container')]/div[1]/table[contains(@class, 'paged-table frozen')]/tbody/tr[1]/td/a[contains(@href, 'usage_event_details')]"/>
        <WebElement name="Reports.ShowHideColumnPopup.AvailableColumn.App.DiscloseButton"           value="//li[contains(@data-column-name,'%s')]/div/span[@class='disclose']"/>

        <!-- Data table columns for the Usage report type -->
        <WebElement name="Reports.DeviceAnalytics.ColIdentifier"                                    value="//th[contains(@data-column-name, 'identifier')]" />

        <WebElement name="Reports.DeviceAnalytics.ColUsername"                                      value="//th[contains(@data-column-name, 'username')]" />
        <WebElement name="Reports.DeviceAnalytics.Usage.ColMake"                                    value="//th[contains(@data-column-name, 'systemManufacturer')]"/>
        <WebElement name="Reports.DeviceAnalytics.Usage.ColModel"                                   value="//th[contains(@data-column-name, 'systemModel')]"/>
        <WebElement name="Reports.DeviceAnalytics.Usage.ColDeviceGroup"                             value="//th[contains(@data-column-name, 'deviceGroupNodes')]"/>
        <WebElement name="Reports.DeviceAnalytics.Usage.ColEventCount"                              value="//th[contains(@data-column-name, 'eventsCount')]"/>
        <WebElement name="Reports.DeviceAnalytics.Usage.ColSumOfUsage"                              value="//th[contains(@data-column-name, 'minutesOfActivity')]"/>
        <WebElement name="Reports.DeviceAnalytics.Usage.ColDeviceName"                              value="//th[contains(@data-column-name, 'systemName')]"/>
        <WebElement name="Reports.DeviceAnalytics.Usage.ColSerialNumber"                            value="//th[contains(@data-column-name, 'serial')]"/>

        <!-- Data table columns for the Group Summary report type (DEPRECATED) -->
        <WebElement name="Reports.DeviceAnalytics.ColLastUpdatedUTC"                                value="//th[contains(@data-column-name, 'lastUpdatedUtc')]"/>
        <WebElement name="Reports.DeviceAnalytics.ColDeviceName"                                    value="//th[contains(@data-column-name, 'deviceName')]" />
        <WebElement name="Reports.DeviceAnalytics.ColMake"                                          value="//th[contains(@data-column-name, 'make')]" />
        <WebElement name="Reports.DeviceAnalytics.ColModel"                                         value="//th[contains(@data-column-name, 'model')]" />
        <WebElement name="Reports.DeviceAnalytics.ColOSName"                                        value="//th[contains(@data-column-name, 'os.name')]"/>
        <WebElement name="Reports.DeviceAnalytics.ColSerialNumber"                                  value="//th[contains(@data-column-name, 'serialNumber')]" />
        <WebElement name="Reports.DeviceAnalytics.ColHardwareStatus"                                value="//th[contains(@data-column-name, 'hdcStatus.calcStatus')]"/>
        <WebElement name="Reports.DeviceAnalytics.ColSoftwareStatus"                                value="//th[contains(@data-column-name, 'sdcStatus.calcStatus')]"/>
        <WebElement name="Reports.DeviceAnalytics.ColEDDStatus"                                     value="//th[contains(@data-column-name, 'dlpStatus.calcStatus')]"/>
        
        <WebElement name="Reports.RiskAssessment.ColIdentifier"                                     value="//th[contains(@data-column-name, 'identifier')]" />
        <WebElement name="Reports.RiskAssessment.ColRiskScore"                                      value="//th[contains(@data-column-name, 'riskScore')]" />
        <WebElement name="Reports.RiskAssessment.ColCloudStorage"                                   value="//th[contains(@data-column-name, 'hasCloudData')]" />
        <WebElement name="Reports.RiskAssessment.ColExposureCost"                                   value="//th[contains(@data-column-name, 'riskCost')]" />
        <WebElement name="Reports.RiskAssessment.ColCCScore"                                        value="//th[contains(@data-column-name, 'hasCloudData')]" />
        <WebElement name="Reports.RiskAssessment.ColPHIScore"                                       value="//th[contains(@data-column-name, 'phiRiskScore')]" />
        <WebElement name="Reports.RiskAssessment.ColPFIScore"                                       value="//th[contains(@data-column-name, 'pfiRiskScore')]" />
        <WebElement name="Reports.RiskAssessment.ColSSNScore"                                       value="//th[contains(@data-column-name, 'ssnRiskScore')]" />
        <WebElement name="Reports.RiskAssessment.ColEncrScore"                                      value="//th[contains(@data-column-name, 'encrRiskScore')]" />
        <WebElement name="Reports.RiskAssessment.ColCustomRuleScore"                                value="//th[contains(@data-column-name, 'clRiskScore')]" />
        <WebElement name="Reports.RiskAssessment.EditFilter"                                        value="//div[contains(@class,'edit-icon')]" />
        <WebElement name="Reports.RiskAssessment.DeviceTable"                                       value="//div[contains(@class,'free virtual-pages-container')]//div[%d]//table[contains(@class, 'paged-table')]//tr" />
        <WebElement name="Reports.RiskAssessment.DeviceTable.Cell"                                  value="//div[contains(@class,'free virtual-pages-container')]//div[%d]//table[contains(@class, 'paged-table')]//tr[%d]/td[@data-name='%s']" />

        <WebElement name="Reports.DeviceAnalytics.DataTable.Count"                                  value="//div[contains(@class, 'is-collection-header list-top-frame')]/div[contains(@class, 'right pagination-block')]" />

        <WebElement name="Reports.DeviceDetails.IdentifierLink"                                      value="//tr/td/a[contains(@class,'ember-view')]" />

        <WebElement name="Reports.DeviceDetails.DeviceDetails"                                       value="//div[contains(@class,'tabs-menu')]/ul[contains(@class,'snap-menu-tabs ember-view is-nav-tabs')]/li[1]" />
        <WebElement name="Reports.DeviceDetails.Hardware"                                        	 value="//div[contains(@class,'tabs-menu')]/ul[contains(@class,'snap-menu-tabs ember-view is-nav-tabs')]/li[2]" />
        <WebElement name="Reports.DeviceDetails.Software"                                            value="//div[contains(@class,'tabs-menu')]/ul[contains(@class,'snap-menu-tabs ember-view is-nav-tabs')]/li[3]" />
        <WebElement name="Reports.DeviceDetails.EddSummary"                                          value="//div[contains(@class,'tabs-menu')]/ul[contains(@class,'snap-menu-tabs ember-view is-nav-tabs')]/li[4]" />
        <WebElement name="Reports.DeviceDetails.EddHistroy"                                          value="//div[contains(@class,'tabs-menu')]/ul[contains(@class,'snap-menu-tabs ember-view is-nav-tabs')]/li[5]" />
        <WebElement name="Reports.DeviceDetails.DeviceGroups"                                        value="//div[contains(@class,'tabs-menu')]/ul[contains(@class,'snap-menu-tabs ember-view is-nav-tabs')]/li[6]" />
        <WebElement name="Reports.DeviceDetails.Policies"                                            value="//div[contains(@class,'tabs-menu')]/ul[contains(@class,'snap-menu-tabs ember-view is-nav-tabs')]/li[7]" />
        <WebElement name="Reports.DeviceDetails.CustomFields"                                        value="//div[contains(@class,'tabs-menu')]/ul[contains(@class,'snap-menu-tabs ember-view is-nav-tabs')]/li[8]" />

        <WebElement name="Reports.DeviceDetails.BtnGoUp"                                            value="//div[contains(@class, 'device-view-header')]/div[contains(@class, 'button-block-container')]/button[contains(@class, 'is-button-for-go-up')]"/>

        <WebElement name="Reports.ShowHideColumns.AvailableColumnByIndex"                           value="//div[contains(@class,'available-columns-content-panel')]//ul[contains(@class,'available-columns-list')]/li[%d]" />
        <WebElement name="Reports.ShowHideColumns.Identifier"                                       value="//div[contains(@class,'include-columns-content-panel')]/div[contains(@class,'columns-wrap')]/ul/li[1]" />

<!--  Anti-Malware Report Columns -->
        <WebElement name="Reports.DefaultCol.AntiMalware.Definition"								value="//th[contains(@data-column-name,'avpInfo.antivirusDefinition')]"/>
        <WebElement name="Reports.DefaultCol.AntiMalware.DefinitionDate"							value="//th[contains(@data-column-name,'avpInfo.antivirusDefinitionDate')]"/>
        <WebElement name="Reports.DefaultCol.AntiMalware.ProductName"								value="//th[contains(@data-column-name,'avpInfo.antivirusName')]"/>
        <WebElement name="Reports.DefaultCol.AntiMalware.Version"									value="//th[contains(@data-column-name,'avpInfo.antivirusVersion')]"/>
        <WebElement name="Reports.DefaultCol.AntiMalware.LastCall"									value="//th[contains(@data-column-name,'avpInfo.antivirusDataReceivedUtc')]"/>

<!-- encryption report columns -->

        <WebElement name="Reports.DefaultCol.Encrypt.Algorithm"										value="//th[contains(@data-column-name,'espInfo.encryptionAlgorithm')]"/>
        <WebElement name="Reports.DefaultCol.Encrypt.KeySize"										value="//th[contains(@data-column-name,'espInfo.encryptionKeySize')]"/>
        <WebElement name="Reports.DefaultCol.Encrypt.Name"											value="//th[contains(@data-column-name,'espInfo.encryptionProductName')]"/>
        <WebElement name="Reports.DefaultCol.Encrypt.Status"										value="//th[contains(@data-column-name,'espInfo.encryptionStatus')]"/>
        <WebElement name="Reports.DefaultCol.Encrypt.Version"										value="//th[contains(@data-column-name,'espInfo.encryptionVersion')]"/>
        <WebElement name="Reports.DefaultCol.Encrypt.Hardware"										value="//th[contains(@data-column-name,'espInfo.hardwareEncryption')]"/>
        <WebElement name="Reports.DefaultCol.Encrypt.LastDate"										value="//th[contains(@data-column-name,'espInfo.lastEncryptionDataReceivedUtc')]"/>
        <WebElement name="Reports.DefaultCol.Encrypt.Comments"										value="//th[contains(@data-column-name,'espInfo.encryptionStatusDescription')]" />

<!-- DAAH report columns -->

        <WebElement name="Reports.DefaultCol.DAAH.ColActionStatus"                                    value="//th[contains(@data-column-name,'actionStatus')]" />
        <WebElement name="Reports.DefaultCol.DAAH.ColActionUser"                                      value="//th[contains(@data-column-name,'actionUser')]" />
        <WebElement name="Reports.DefaultCol.DAAH.ColActionId"                                        value="//th[contains(@data-column-name,'actionLabel')]" />
        <WebElement name="Reports.DefaultCol.DAAH.ColActionStatusDetails"                                 value="//th[contains(@data-column-name,'actionDetails.fileName')]" />
        <WebElement name="Reports.DefaultCol.DAAH.ColUsername"                                        value="//th[contains(@data-column-name,'username')]" />

        <WebElement name="Reports.DAAH.InlineDialog.FileName"                                         value="//tr[1]//div[contains(@class,'grid-inline-dialog-popup')]/p[text()='File Name']" />
        <WebElement name="Reports.DAAH.InlineDialog.FileSize"                                         value="//tr[1]//div[contains(@class,'grid-inline-dialog-popup')]/p[text()='File Size']" />
        <WebElement name="Reports.DAAH.InlineDialog.RequestedBy"                                         value="//tr[1]//div[contains(@class,'grid-inline-dialog-popup')]/p[text()='Requested By']" />
        <WebElement name="Reports.DAAH.InlineDialog.ScriptName"                                         value="//tr[1]//div[contains(@class,'grid-inline-dialog-popup')]/p[text()='Script Name']" />
        <WebElement name="Reports.DAAH.InlineDialog.RequestedDate"                                         value="//tr[1]//div[contains(@class,'grid-inline-dialog-popup')]/p[text()='Requested Date']" />
        <WebElement name="Reports.DAAH.InlineDialog.CmdLineParams"                                         value="//tr[1]//div[contains(@class,'grid-inline-dialog-popup')]/p[text()='Command Line Parameters']" />
        <WebElement name="Reports.DAAH.InlineDialog.ReturnCode"                                         value="//tr[1]//div[contains(@class,'grid-inline-dialog-popup')]/p[text()='Script Return Code']" />
        <WebElement name="Reports.DAAH.InlineDialog.FailReason"                                         value="//tr[1]//div[contains(@class,'grid-inline-dialog-popup')]/p[text()='Script Failure Reason']" />
        <WebElement name="Reports.DAAH.InlineDialog.DisplayMode"                                         value="//tr[1]//div[contains(@class,'grid-inline-dialog-popup')]/p[text()='Display Mode']" />
        <WebElement name="Reports.DAAH.InlineDialog.MaxRunTime"                                         value="//tr[1]//div[contains(@class,'grid-inline-dialog-popup')]/p[text()='Maximum Run Time (minutes)']" />
        <WebElement name="Reports.DAAH.InlineDialog.RunCondition"                                         value="//tr[1]//div[contains(@class,'grid-inline-dialog-popup')]/p[text()='Run Condition']" />
        <WebElement name="Reports.DAAH.InlineDialog.RunPrivileges"                                         value="//tr[1]//div[contains(@class,'grid-inline-dialog-popup')]/p[text()='Run Privileges']" />
        <WebElement name="Reports.DAAH.InlineDialog.UnfreezeCode"                                         value="//tr[1]//div[contains(@class,'grid-inline-dialog-popup')]/p[text()='Unfreeze Code']" />


        <WebElement name="Reports.DefaultCol.DAAH.ActionDate"                                         value="//th[contains(@data-column-name,'actionTsUtc')]"  />
        <WebElement name="Reports.DAAH.ActionDetailsArrow"                                            value="//tr[1]//div[contains(@class,'grid-inline-dialog')]/span[contains(@class,'grid-inline-dialog-icon')]" />
        <WebElement name="Reports.DAAH.Reports.DAAH.EventStatus.ScriptSucceeded"                                            value="//tr[1]/td//div[text()='Script Succeeded'" />
        <WebElement name="Reports.DAAH.Reports.DAAH.EventStatus.ScriptFailed"                                            value="//tr[1]/td//div[text()='Script Failed'" />

        <WebElement name="Reports.DAAH.SortArrow"                                                     value="//th[contains(@data-column-name,'actionTsUtc')]//span[contains(@class,'ui-icon-sort')]"  />

        <WebElement name="Reports.DAAH.EditFilter"                                                      value="//div[contains(@class,'is-icon-for-edit-filter')]" />

        <WebElement name="Reports.DAAH.AddOrFilter"                                                     value="//div[contains(@class,'or-block add-filter-container')]/button[@type='button']"/>
        <WebElement name="Reports.DAAH.SelectFilterDataField"                                           value="//div[contains(@class,'or-block add-filter-container')]/div[2]/span"/>
        <WebElement name="Reports.DAAH.FilterSearchField"                                               value="//div[contains(@class,'or-block')]//div/input[contains(@class,'txt-search')]"/>
        <WebElement name="Reports.DAAH.FilterNumberField"                                               value="//input[contains(@class,'input-field-number-file-size')]"/>

        <WebElement name="Reports.DAAH.FilterFirstSelection"                                            value="//div/span[contains(@class,'jqtree-title')]" />
        <WebElement name="Reports.DAAH.FilterSelectOperator"                                            value="//div[contains(@class,'or-block')]/div[2]//a[contains(@class,'select2-choice')]" />

        <WebElement name="Reports.DAAH.FilterOperatorNotEmpty"                                          value="//div/ul/li[contains(@class,'is-option-for-search-is-not-empty')]"/>
        <WebElement name="Reports.DAAH.FilterDoneButton"                                                value="//div/button[contains(@class,'is-button-for-next')]"/>
        <WebElement name="Reports.DAAH.FilterMatch"                                                     value="//span[@class='search-result-match']"  />
        <WebElement name="Reports.DAAH.AvailColumnsMatch"                                               value ="//ul[contains(@class,'available-columns-list')]//p[@class='show-hide-label text-ellipsis']" />
        <WebElement name="Reports.DAAH.ShowHideCol.CancelButton"                                        value="//button[contains(@class,'is-button-for-cancel')]"  />


        <WebElement name="Reports.ShowHideColumns.TextInputBox"										value="//div[contains(@class,'snap-view-search-input')]/input[contains(@type,'text')]"/>
        <WebElement name="Reports.ShowHideColumns.HideColumnIcon"									value="//div[@class='include-columns-content-panel']/div[@class='columns-wrap']/ul/li/div/a[@class='icon-remove-column icon-minus hide-block']"/>
        <WebElement name="Reports.SaveAs.TxtReportName"   						 					value="//input[@id='NameField' or @name='name']" />
        <WebElement name="Reports.SaveAs.TxtDescription"   						 					value="//textarea[@id='ReportDescription' or @name='description']" />
        <WebElement	name="Reports.FirstIdentifierDeviceDetails" 									value="//td[contains(@data-name,'identifier')]"/>
        <WebElement	name="Reports.FirstIdentifierNoLink" 											value="//td[contains(@data-name,'identifier')]"/>
        <WebElement name="Reports.Window.Spinner" 													value="//span[contains(@class,'is-container-for-spinner')]"/>
        <WebElement	name="Reports.ResultsError" 												    value="//div[contains(@class,'load-page-failed')]"/>
        <WebElement	name="Reports.NoResults" 												        value="//div[contains(@class,'is-empty-resultset')]"/>
        <WebElement	name="Reports.BtnDeviceFreeze" 													value="//button[contains(@class,'is-button-for-begin-device-freeze-with-filter')]"/>
        <WebElement name="Reports.DeviceActions.BtnConditionalDeviceFreeze"                         value="//button[contains(@class,'is-button-for-begin-conditional-freeze-with-filter')]"/>
        <WebElement name="Reports.DeviceActions.BtnFileDelete"                                      value="//button[contains(@class,'is-button-for-begin-file-delete-with-filter')]" />
        <WebElement	name="Reports.DeviceActions.RequestRiskAssessment" 								value="//button[contains(@class,'is-button-for-begin-risk-assessment-proccess')]"/>
        <WebElement	name="Reports.DeviceAction.UnenrollDevice" 										value="//button[contains(@class,'is-button-for-begin-remove-agent')]"/>
        <WebElement	name="Reports.BtnCancelRequest" 												value="//button[contains(@class,'is-button-for-begin-cancel-freeze-with-filter')]"/>
        <WebElement	name="Reports.BtnUnfreezeDevice" 												value="//button[contains(@class,'is-button-for-begin-unfreeze-device-with-filter')]"/>
        <WebElement	name="Reports.FirstRowCheckbox" 												value="//tr[contains(@class,'is-record')]/td[contains(@class,'is-container-for-control')]/input"/>
        <WebElement	name="Reports.DeviceReport.QAAutomationRowCheckbox" 							value="//tr[@data-automation-id='QA_Automation']//input"/>

        <!-- Export Report Modal Window -->
        <WebElement name="Reports.ExportReportWindow" 												value="//div[contains(@class,'is-report-export-dialog')]" />
        <WebElement name="Reports.ExportReportWindow.FormatSelector" 								value="//select[contains(@class,'is-selector-for-export-options')]"/>
        <WebElement name="Reports.ExportReportWindow.FormatSelector.Option.CsvWithoutColumns" 		value="//select[contains(@class,'is-selector-for-export-options')]/option[contains(@optionclass,'is-option-for-export-options-csv-without-header')]"/>
        <WebElement name="Reports.ExportReportWindow.FormatSelector.Option.CsvWithColumns" 			value="//select[contains(@class,'is-selector-for-export-options')]/option[contains(@optionclass,'is-option-for-export-options-csv-with-header')]"/>
        <WebElement name="Reports.ExportReportWindow.FormatSelector.Option.Xml" 					value="//select[contains(@class,'is-selector-for-export-options')]/option[contains(@optionclass,'is-option-for-export-options-xml')]"/>
        <WebElement name="Reports.ExportReportWindow.FormatSelector.Option.Xlsx" 					value="//select[contains(@class,'is-selector-for-export-options')]/option[contains(@optionclass,'is-option-for-export-options-excel')]"/>
        <WebElement name="Reports.ExportReportWindow.Export"                                        value="//button[contains(@class,'is-button-for-export-report')]" />
        <WebElement name="Reports.ExportReportWindow.CloseExportWindow"                             value="//button[contains(@class,'is-button-for-cancel')]" />

        <WebElement name="Reports.ShowHideColumns.Column"   			                            value="//li[@data-column-name='%s']" />
        <WebElement name="Reports.FilterActions.RemoveFilters"                                      value="//button[contains(@class, 'remove-or-block')]" />
        <WebElement name="Reports.ShowHideColumns.IncludeColumns"                                    value="//ul[contains(@class,'include-columns-list')]"/>
        <WebElement name="Reports.ShowHideColumns.AvailableColumns"                                  value="//ul[contains(@class,'available-columns-list')]"/>
        <WebElement name="Reports.ShowHideColumns.AvailableColumns.AppColumns.Expanded"              value="//ul[contains(@class,'available-columns-list')]/li[contains(@data-column-name,'%s') and contains(@class,'expanded')]/ul"/>
        <WebElement name="Reports.Dialog.Done"                                                       value="//button[text()='Done']"/>
        <WebElement name="Reports.Dialog.Cancel"                                                     value="//button[text()='Cancel']"/>
        <WebElement name="Reports.ReportHeaderTable"                                                 value="//table[@class='paged-table free' and @style='left: 0px;']"/>
        <WebElement name="Reports.ReportContentTable"                                                value="//table[@class='paged-table free' and @style='top:0px;']"/>
        <WebElement name="Reports.ChangedNotBeenSavedLabel"                                          value="//span[text()='(Changes have not been saved)']"/>
        <WebElement name="Reports.AddFilterForAndCondition"                                          value="//button[contains(@class,'add-filter') and parent::span[@class='flex-baseline']]"/>
        <WebElement name="Reports.SearchFilterTextbox"                                               value="//input[parent::div[@class='is-adhoc-search-filter-input ember-view clearable-input']]"/>
        <WebElement name="Reports.SearchFilterList"                                                  value="//ul[contains(@class,'jqtree_common')]"/>
        <WebElement name="Reports.ReportQuery"                                                       value="//div[@class='show-details-content-container']"/>
        <WebElement name="Reports.FilterConditionList"                                               value="//ul[contains(@class,'select2-results') and parent::div[contains(@class,'select2-drop-active')]]"/>
        <WebElement name="Reports.SelectConditionFilterDefault"                                      value="//span[text()='Select Condition']"/>
        <WebElement name="Reports.SearchButton"                                                      value="//div[@class='select2-container adhoc-search__name ember-view is-option-for-search']"/>
        <WebElement name="Reports.SearchList"                                                        value="//ul[@class='select2-results' and not(ancestor::div[contains(@class,'page-container')])]"/>
        <WebElement name="Reports.FilterValueList"                                                   value="//ul[contains(@class,'select2-results') and parent::div[contains(@class,'select2-drop-active')] and child::li]"/>
        <WebElement name="Report.dropdownMenu"                                                       value="//ul[@class='dropdown-menu-buttons']"/>
        <WebElement name="Reports.Content.Table.Header" 											value="//table[@class='paged-table free']//th[%s]//span[contains(@class,'header-content__clamp')]"/>
        <WebElement name="Reports.Content.Table" 													value="//table[@class='paged-table free']"/>
        <WebElement name="Reports.FilterActions.RemoveFiltersIndex"									value="//div[contains(@class,'filter-container')][%s]//button[contains(@class, 'remove-or-block')]" />

        <!-- Android Vulnerability Col Names -->
        <WebElement name="Reports.AndroidVulnerability.ColOverall" 									value="//th[@data-column-name='aspInfo.totalRiskScore']"/>
        <WebElement name="Reports.AndroidVulnerability.ColADB" 									    value="//th[@data-column-name = 'aspInfo.adbEnabled']"/>
        <WebElement name="Reports.AndroidVulnerability.Colbootloader"							    value="//th[@data-column-name = 'aspInfo.bootloaderUnlock']"/>
        <WebElement name="Reports.AndroidVulnerability.ColEncypted"							        value="//th[@data-column-name = 'aspInfo.deviceEncrypted']"/>
        <WebElement name="Reports.AndroidVulnerability.ColRooted"							        value="//th[@data-column-name = 'aspInfo.deviceRooted']"/>
        <WebElement name="Reports.AndroidVulnerability.ColLastFactoryReset"							value="//th[@data-column-name = 'aspInfo.lastFactoryResetDays']"/>
        <WebElement name="Reports.AndroidVulnerability.ColgmsCert"							        value="//th[@data-column-name = 'aspInfo.gmsCertified']"/>
        <WebElement name="Reports.AndroidVulnerability.ColgoogleVerfFrq"							value="//th[@data-column-name = 'aspInfo.googleAppVerificationFrequency']"/>
        <WebElement name="Reports.AndroidVulnerability.ColgoogleVerfLvl"							value="//th[@data-column-name = 'aspInfo.googleAppVerificationLevel']"/>
        <WebElement name="Reports.AndroidVulnerability.ColIMEI"							            value="//th[@data-column-name = 'aspInfo.lastImeiChangeDays']"/>
        <WebElement name="Reports.AndroidVulnerability.ColIMSI"							            value="//th[@data-column-name = 'aspInfo.lastImsiChangeDays']"/>
        <WebElement name="Reports.AndroidVulnerability.Collockscrn"							        value="//th[@data-column-name = 'aspInfo.lockScreenProtection']"/>
        <WebElement name="Reports.AndroidVulnerability.ColMAC"							            value="//th[@data-column-name = 'aspInfo.lastMacAddressChangeDays']"/>
        <WebElement name="Reports.AndroidVulnerability.ColnonGoogleVerf"							value="//th[@data-column-name = 'aspInfo.nonGoogleAppVerification']"/>
        <WebElement name="Reports.AndroidVulnerability.ColROM"							            value="//th[@data-column-name = 'aspInfo.romType']"/>
        <WebElement name="Reports.AndroidVulnerability.ColScreenTO"							        value="//th[@data-column-name = 'aspInfo.screenTimeoutSecs']"/>
        <WebElement name="Reports.AndroidVulnerability.ColSDencrypted"							    value="//th[@data-column-name = 'aspInfo.sdCardEncrypted']"/>
        <WebElement name="Reports.AndroidVulnerability.ColunknownSrcs"							    value="//th[@data-column-name = 'aspInfo.unknownSourcesInstall']"/>
        <WebElement name="Reports.Android.detectedSerial"							                value="//table[contains(@class,'paged-table')]//span[text() = 'Detected Serial Number']"/>

        <!-- Android Vulnerability Col Values -->
       <WebElement name="Reports.AndroidVulnerability.OverallVal" 									value="//tr[1]/td[@data-name = 'aspInfo.totalRiskScore']"/>

        <!-- Application Persistence Report Col Values -->
        <Webelement name="Reports.APR.ColAppStatus"                                                 value="//th[contains(@data-column-name,'%s')]" />

        <!--Device Actions options-->
        <WebElement name="Reports.DeviceActions.PerformEDDScan"   						 			value="//button[contains(@class,'on-demand')]" />
        <WebElement name="Reports.DeviceActions.Freeze"   						 			        value="//div[contains(@class,'action-buttons')]//button[contains(@class,'is-button-for-begin-device-freeze')]" />
        <WebElement name="Reports.DeviceActions.ConditionalFreeze"   						 		value="//div[contains(@class,'action-buttons')]//button[contains(@class,'is-button-for-begin-conditional-freeze')]" />
        <WebElement name="Reports.DeviceActions.RemoveFreeze"   						 			value="//div[contains(@class,'action-buttons')]//button[contains(@class,'is-button-for-begin-remove-freeze')]" />

        <!--Risk Assessment options-->
        <WebElement name="Reports.DeviceActions.RiskAssessment.TxtAddNote" 	                        value="//div[contains(@id,'ra_div_addnote')]" />
        <WebElement name="Reports.DeviceActions.RiskAssessment.TeAddNote" 	                        value="//textarea[contains(@class, 'ra_textarea_addnote noborder edit')]" />
        <WebElement name="Reports.DeviceActions.RiskAssessment.LblFailToCreateRiskError" 	        value="//div[@id='ra_create_error_message']" />
        <WebElement name="Reports.DeviceActions.RiskAssessment.LblExistingRiskError" 	            value="//div[contains(@class,'ra_div_addnote item error')]" />
        <WebElement name="Reports.DeviceActions.RiskAssessment.BtnRequestRiskAssessment" 	        value="//button[@id='ra_button_sendrequest']" />
            <WebElement name="Reports.DeviceActions.RiskAssessment.BtnCancel"               	    value="//button[contains(@class,'is-button-for-cancel')]" />

        <!-- Event Store Report columns -->
        <WebElement name="Reports.DefaultCol.EventStore.DateTime"                                   value="//div[contains(@class,'public_fixedDataTable_header')]//div[contains(@class,'public_fixedDataTableCell_cellContent')]/a[text()='Date &amp; Time (UTC)']"/>
        <WebElement name="Reports.DefaultCol.EventStore.Event"                                      value="//div[contains(@class,'public_fixedDataTable_header')]//div[contains(@class,'public_fixedDataTableCell_cellContent')]/a[text()='Event']"/>
        <WebElement name="Reports.DefaultCol.EventStore.Actor"                                      value="//div[contains(@class,'public_fixedDataTable_header')]//div[contains(@class,'public_fixedDataTableCell_cellContent')]/a[text()='Actor']"/>
        <WebElement name="Reports.DefaultCol.EventStore.Object"                                     value="//div[contains(@class,'public_fixedDataTable_header')]//div[contains(@class,'public_fixedDataTableCell_cellContent')]/a[text()='Object']"/>
        <WebElement name="Reports.DefaultCol.EventStore.ObjectProperties"                           value="//div[contains(@class,'public_fixedDataTable_header')]//div[contains(@class,'public_fixedDataTableCell_cellContent') and text()='Object Properties']"/>
        <WebElement name="Reports.DefaultCol.EventStore.TargetObject"                               value="//div[contains(@class,'public_fixedDataTable_header')]//div[contains(@class,'public_fixedDataTableCell_cellContent') and text()='Target Object']"/>
        <WebElement name="Reports.DefaultCol.EventStore.Details"                                    value="//div[contains(@class,'public_fixedDataTable_header')]//div[contains(@class,'public_fixedDataTableCell_cellContent') and text()='Details']"/>

        //Report table rows
        <WebElement name="Reports.tables.evenRows" 									value="//tr[contains(@class,'even') and contains(@class,'is-record')]"/>
        <WebElement name="Reports.tables.oddRows" 									value="//tr[contains(@class,'odd') and contains(@class,'is-record')]"/>

		<!-- Left Navigation Pane -->
		<WebElement name="Reports.NavPane.CustomItem" 												value="//li[contains(@class,'list-navigation-item') and position() = %s]//span[contains(@class,'name')]" />
		<WebElement name="Reports.NestedList.CustomItem" 												value="//div[contains(@class,'nested-list-items-container')]//a[position()=%s]//div[contains(@data-automation-id, 'label')]" />
		<WebElement name="Reports.NavPane.Search.Icon" 												value="//a[contains(@class,'bottom-item--search-btn')]" />
		<WebElement name="Reports.NavPane.Search.Input" 											value="//div[contains(@class,'bottom-container')]//a[contains(@class,'bottom-item--search-textbox')]//input | //input[contains(@class,'list-filter')]" />
		<WebElement name="Reports.NavPane.Search.NoResult" 											value="//div[contains(@class,'list-nav__navigation')]//span[contains(@class,'no-result')] | //div[contains(@class,'nested-list-items')]//div[contains(@class,'no-results')]" />
		<WebElement name="Reports.NestedList.Search.NoResult" 											value="//div[contains(@class,'nested-list-items')]//div[contains(@class,'no-results')]" />
        <WebElement name="Reports.Custom.Save.button" 											value="//button[contains(@class, 'button-for-save-report')]" />
        <WebElement name="Report.Custom.SaveAs.Error.UniqueName"                                   value="//div[contains(@class, 'alert alert-error')]//div[@class='tipsy-inner']" />
        <WebElement name="Reports.CheckBoxByESN" 											    value="//tr[@data-automation-id=string(//tr[./td[contains(.,'automation_esn')]]/@data-automation-id)]/td/input[@class='is-select-checkbox']" />
        <WebElement name="Reports.ShowHideColumns.rdf.left" 									 value="//div[contains(@class,'show-hide-columns-content available-block')]" />
        <WebElement name="Reports.ShowHideColumns.rdf.right" 									 value="//div[contains(@class,'show-hide-columns-content include-block')]" />


    </WebElements>

</WebElementMap>
