<WebElementMap name	="NextGen WebUI Element Mapping - Dashboard Map" description= "" >

	<WebElements>
		<WebElement name	= "Home.Dashboard.Widgets"
					value	= "//div[contains(@data-automation-id, 'dashboard-widget')]" />
		<WebElement name	= "Home.Dashboard.Widgets.Position.Title"
					value	= "//div[contains(@data-automation-id, 'dashboard-widget') and position()=%s]//p" />
		<WebElement name	= "Home.Dashboard.Widgets.Setting.Icon"
					value	= "//div[contains(@class, 'grid-item') and descendant::p[text()='%s']]//div[contains(@class, 'toggle-item')]" />
		<WebElement name	= "Home.Dashboard.Widgets.Details.Icon"
					value	= "//div[contains(@class, 'grid-item') and descendant::p[text()='%s']]//div[contains(@class, 'toggle-item')]" />
		<WebElement name	= "Home.Dashboard.Widgets.Trending.Icon"
					value	= "//div[contains(@class, 'grid-item') and descendant::p[text()='%s']]//div[contains(@class, 'toggle-item')]" />
		<WebElement name	= "Home.Dashboard.Widgets.Title"
					value	= "//div[contains(@class, 'grid-item') and descendant::p[text()='%s']]//p" />

		<WebElement name	= "Home.Dashboard.Widgets.Summary.Pie.Chart"
					value	= "//div[contains(@class, 'grid-item') and descendant::p[text()='%s']]//div[@data-automation-id='summary-pie-chart']" />
		<WebElement name	= "Home.Dashboard.Widgets.Summary.Pie.Chart.Label.Name"
					value	= "//div[contains(@class, 'grid-item') and descendant::p[text()='%s']]//div[@data-automation-id='summary-pie-chart']//div[@class='pie-chart-label']" />
		<WebElement name	= "Home.Dashboard.Widgets.Summary.Pie.Chart.Label.Value"
					value	= "//div[contains(@class, 'grid-item') and descendant::p[text()='%s']]//div[@data-automation-id='summary-pie-chart']//div[@class='pie-chart-label']/b" />
		<WebElement name	= "Home.Dashboard.Widgets.Summary.Pie.Chart.Custom"
					value	= "//div[contains(@class, 'grid-item') and descendant::p[text()='%s']]//div[@data-automation-id='summary-pie-chart']//*[name()='svg']//*[name()='g' and @role='menuitem' and @fill='%s']" />
		<WebElement name	= "Home.Dashboard.Widgets.Summary.Pie.Chart.Pie"
					value	= "//div[contains(@class, 'grid-item') and descendant::p[text()='%s']]//div[@data-automation-id='summary-pie-chart']//*[name()='svg']//*[name()='g' and @role='menuitem' and position()='%s']" />
		<WebElement name	= "Home.Dashboard.Widgets.Summary.Pie.Chart.Tooltip"
					value	= "//div[contains(@class, 'grid-item') and descendant::p[text()='%s']]//div[@data-automation-id='summary-pie-chart']//*[name()='svg']//*[name()='g' and @role='tooltip']//*[name()='text']/*[name()='tspan']" />

		<WebElement name	=	"Home.Dashboard.Widgets.Standard.Pie.Chart"
					value	= "//div[contains(@class, 'grid-item') and descendant::p[text()='%s']]//div[@data-automation-id='standard-pie-chart']" />
		<WebElement name	= "Home.Dashboard.Widgets.Standard.Pie.Chart.Label.Name"
					value	= "//div[contains(@class, 'grid-item') and descendant::p[text()='%s']]//div[@data-automation-id='standard-pie-chart']//div[@class='pie-chart-label']" />
		<WebElement name	= "Home.Dashboard.Widgets.Standard.Pie.Chart.Label.Value"
					value	= "//div[contains(@class, 'grid-item') and descendant::p[text()='%s']]//div[@data-automation-id='standard-pie-chart']//div[@class='pie-chart-label']/b" />
		<WebElement name	= "Home.Dashboard.Widgets.Standard.Pie.Chart.Custom"
					value	= "//div[contains(@class, 'grid-item') and descendant::p[text()='%s']]//div[@data-automation-id='standard-pie-chart']//*[name()='svg']//*[name()='g' and @role='menuitem' and @fill='%s']" />
		<WebElement name	= "Home.Dashboard.Widgets.Standard.Pie.Chart.Pie"
					value	= "//div[contains(@class, 'grid-item') and descendant::p[text()='%s']]//div[@data-automation-id='standard-pie-chart']//*[name()='svg']//*[name()='g' and @role='menuitem' and position()='%s']" />
		<WebElement name	= "Home.Dashboard.Widgets.Standard.Pie.Chart.Tooltip"
					value	= "//div[contains(@class, 'grid-item') and descendant::p[text()='%s']]//div[@data-automation-id='standard-pie-chart']//*[name()='svg']//*[name()='g' and @role='tooltip']//*[name()='text']/*[name()='tspan']" />
		<WebElement name	= "Home.Dashboard.Widgets.Standard.Bar.Chart"
					value	= "//div[contains(@class, 'grid-item') and descendant::p[text()='%s']]//div[@data-automation-id='standard-bar-chart']" />
		<WebElement name	= "Home.Dashboard.Widgets.Standard.Bar.Chart.Custom"
					value	= "//div[contains(@class, 'grid-item') and descendant::p[text()='%s']]//div[@data-automation-id='standard-bar-chart']//*[name()='svg']//*[name()='g' and @role='menuitem' and position()=%s]" />
		<WebElement name	= "Home.Dashboard.Widgets.Standard.Bar.Chart.Tooltip"
					value	= "//div[contains(@class, 'grid-item') and descendant::p[text()='%s']]//div[@data-automation-id='standard-bar-chart']//*[name()='svg']//*[name()='g' and @role='tooltip']//*[name()='text']/*[name()='tspan']" />

		<WebElement name	= "Home.Dashboard.Widgets.DeviceActivity.Standard.Average.Usage.Label.Name"
					value	= "//div[contains(@class, 'grid-item') and descendant::p[text()='%s']]//div[descendant::p[text()='Average Usage']]//p[@font-size='0.9']" />
		<WebElement name	= "Home.Dashboard.Widgets.DeviceActivity.Standard.Average.Usage.Label.Value"
					value	= "//div[contains(@class, 'grid-item') and descendant::p[text()='%s']]//div[descendant::p[text()='Average Usage']]//p[@font-size='1.8']" />
		<WebElement name	= "Home.Dashboard.Widgets.DeviceActivity.Standard.Unused.Devices.Label.Name"
					value	= "//div[contains(@class, 'grid-item') and descendant::p[text()='%s']]//div[descendant::p[text()='Unused Devices']]//p[@font-size='0.9']" />
		<WebElement name	= "Home.Dashboard.Widgets.DeviceActivity.Standard.Unused.Devices.Label.Value"
					value	= "//div[contains(@class, 'grid-item') and descendant::p[text()='%s']]//div[descendant::p[text()='Unused Devices']]//p[@font-size='1.8']" />

		<WebElement name	= "Home.Dashboard.Widgets.Detailed.Summary"
					value	= "//div[contains(@class, 'grid-item') and descendant::p[text()='%s']]//div[@data-automation-id='summary-number-section']" />
		<WebElement name	= "Home.Dashboard.Widgets.Detailed.Summary.Name1"
					value	= "//div[contains(@class, 'grid-item') and descendant::p[text()='%s']]//div[@data-automation-id='summary-number-section']/div[descendant::p[text()='%s']]//p[contains(@class, 'summary-title')]" />
		<WebElement name	= "Home.Dashboard.Widgets.Detailed.Summary.Percent1"
					value	= "//div[contains(@class, 'grid-item') and descendant::p[text()='%s']]//div[@data-automation-id='summary-number-section']/div[descendant::p[text()='%s']]//p[contains(@class, 'summary-number')]" />
		<WebElement name	= "Home.Dashboard.Widgets.Detailed.Summary.Name2"
					value	= "//div[contains(@class, 'grid-item') and descendant::p[text()='%s']]//div[@data-automation-id='summary-number-section']//div[@role='presentation' and position()=%s]//div[contains(@class, 'summary-label')]/span[contains(@class, 'summary-title')]" />
		<WebElement name	= "Home.Dashboard.Widgets.Detailed.Summary.Percent2"
					value	= "//div[contains(@class, 'grid-item') and descendant::p[text()='%s']]//div[@data-automation-id='summary-number-section']//div[@role='presentation' and position()=%s]//div[contains(@class, 'summary-value')]/p[contains(@class, 'summary-number')]" />
		<WebElement name	= "Home.Dashboard.Widgets.Detailed.Bar.Chart"
					value	= "//div[contains(@class, 'grid-item') and descendant::p[text()='%s']]//div[@data-automation-id='details-bar-chart' or @data-automation-id='bar-chart-section']" />
		<WebElement name	= "Home.Dashboard.Widgets.Detailed.Bar.Chart.Custom"
					value	= "//div[contains(@class, 'grid-item') and descendant::p[text()='%s']]//div[@data-automation-id='details-bar-chart' or @data-automation-id='bar-chart-section']//*[name()='svg']//*[name()='g' and @role='menuitem' and position()=%s]" />
		<WebElement name	= "Home.Dashboard.Widgets.Detailed.Bar.Chart.Tooltip"
					value	= "//div[contains(@class, 'grid-item') and descendant::p[text()='%s']]//div[@data-automation-id='details-bar-chart' or @data-automation-id='bar-chart-section']//*[name()='svg']//*[name()='g' and @role='tooltip']//*[name()='text']/*[name()='tspan']" />
		<WebElement name	= "Home.Dashboard.Widgets.Detailed.Bar.Chart.Title"
					value	= "//div[contains(@class, 'grid-item') and descendant::p[text()='%s']]//div[@data-automation-id='details-bar-chart' or @data-automation-id='bar-chart-section']//*[name()='svg']//*[name()='g' and @font-size='0.8rem' and  position()=%s]//*[name()='text']/*[name()='tspan']" />
		<WebElement name	= "Home.Dashboard.Widgets.DeviceActivity.Detailed.Summary.Name"
					value	= "//div[contains(@class, 'grid-item') and descendant::p[text()='%s']]//div[@data-automation-id='summary-number-section']/div/div[position()=1]" />
		<WebElement name	= "Home.Dashboard.Widgets.DeviceActivity.Detailed.Summary.Percent"
					value	= "//div[contains(@class, 'grid-item') and descendant::p[text()='%s']]//div[@data-automation-id='summary-number-section']/div/div[position()=2]" />



		<WebElement name	= "Home.Dashboard.Widgets.DropdownSelection.By"
					value	= "//div[contains(@class, 'grid-item') and descendant::p[text()='%s']]//div[contains(@class, 'dropdown-trigger')]/span" />
		<WebElement name	= "Home.Dashboard.Widgets.DropdownSelection.By.Menu.Item"
					value	= "//ul[contains(@class, 'dropdown-menu')]//li[contains(@data-automation-id, 'menu-item-%s')]" />

		<!-- Settings Dropdown Selection -->
		<WebElement name	= "DashboardWidgets.Settings.DrpDwn.Updated.lbl"
					value	= "//div[not(contains(@class, 'dropdown-hidden'))]/ul[contains(@class, 'dropdown-menu')]//li[contains(@data-automation-id, 'menu-item-fetchTime')]" />
		<WebElement name	= "DashboardWidgets.Settings.DrpDwn.RefreshNow.lbl"
					value	= "//div[not(contains(@class, 'dropdown-hidden'))]/ul[contains(@class, 'dropdown-menu')]//li[contains(@data-automation-id, 'menu-item-refreshNow')]" />
		<WebElement name	= "DashboardWidgets.Settings.DrpDwn.Summary.lbl"
					value	= "//div[not(contains(@class, 'dropdown-hidden'))]/ul[contains(@class, 'dropdown-menu')]//li[contains(@data-automation-id, 'menu-item-sm')]" />
		<WebElement name	= "DashboardWidgets.Settings.DrpDwn.Standard.lbl"
					value	= "//div[not(contains(@class, 'dropdown-hidden'))]/ul[contains(@class, 'dropdown-menu')]//li[contains(@data-automation-id, 'menu-item-md')]" />
		<WebElement name	= "DashboardWidgets.Settings.DrpDwn.Detailed.lbl"
					value	= "//div[not(contains(@class, 'dropdown-hidden'))]/ul[contains(@class, 'dropdown-menu')]//li[contains(@data-automation-id, 'menu-item-lg')]" />
		<WebElement name	= "DashboardWidgets.Settings.DrpDwn.AdvancedSettings.lbl"
					value	= "//div[not(contains(@class, 'dropdown-hidden'))]/ul[contains(@class, 'dropdown-menu')]//li[contains(@data-automation-id, 'menu-item-advancedSettings')]" />


		<!-- Advanced Settings -->
		<!--value	= "//div[contains(@class, 'advancedSettingModal')]//input[@name	='title']" />-->
		<WebElement name	= "DashboardWidgets.AdvancedSettings.Title.txb"
					value	= "//div[contains(@class, 'modal-content')]//input[@name	='title']" />
		<WebElement name	= "DashboardWidgets.AdvancedSettings.Save.btn"
					value	= "//div[contains(@class, 'modal-content')]//button[.='Save']" />
		<WebElement name	= "DashboardWidgets.AdvancedSettings.Cancel.btn"
					value	= "//div[contains(@class, 'modal-content')]//button[.='Cancel']" />
		<WebElement name	= "DashboardWidgets.AdvancedSettings.Reset.btn"
					value	= "//div[contains(@class, 'modal-content')]//button[.='Reset']" />
		<WebElement name	= "DashboardWidgets.AdvancedSettings.CloseModal.X.icon"
					value	= "//div[contains(@class, 'modal-content')]//span[contains(@class, 'modal-close-x')]" />

		<WebElement name	= "DashboardWidgets.AdvancedSettings.PlatformNotSupported.chk"
					value	= "//div[contains(@class, 'modal-content')]//input[@value	='platformNotSupported']" />
		<WebElement name	= "DashboardWidgets.AdvancedSettings.PlatformNotSupported.ExcludedDataValue.lbl"
					value	= "//div[contains(@class, 'modal-content')]//input[@value	='platformNotSupported']/../..//span[@class='exclude-data-value']" />

		<WebElement name	= "DashboardWidgets.AdvancedSettings.NoPolicy.chk"
					value	= "//div[contains(@class, 'modal-content')]//input[@value	='noPolicy']" />
		<WebElement name	= "DashboardWidgets.AdvancedSettings.NoPolicy.ExcludedDataValue.lbl"
					value	= "//div[contains(@class, 'modal-content')]//input[@value	='noPolicy']/../..//span[@class='exclude-data-value']" />

		<WebElement name	= "DashboardWidgets.AdvancedSettings.LastCheckInOlderThan.chk"
					value	= "//div[contains(@class, 'modal-content')]//input[@value	='lastCheckInOlderThan']" />
		<WebElement name	= "DashboardWidgets.AdvancedSettings.LastCheckInOlderThan.ExcludedDataValue.lbl"
					value	= "//div[contains(@class, 'modal-content')]//input[@value	='lastCheckInOlderThan']/../..//span[@class='exclude-data-value']" />
		<WebElement name	= "DashboardWidgets.AdvancedSettings.LastCheckInOlderThan.ExcludedDataValue.drpdwn"
					value	= "//div[contains(@class, 'modal-content')]//input[@value	='lastCheckInOlderThan']/../..//div[@class='exclude-data-dropdown']//div[contains(@class, 'selected-value')]" />
		<WebElement name	= "DashboardWidgets.AdvancedSettings.LastCheckInOlderThan.ExcludedDataValue.item.custom"
					value	= "//div[contains(@class, 'modal-content')]//input[@value	='lastCheckInOlderThan']/../..//div[@class='exclude-data-dropdown']//li[contains(@class, 'menu-item-selected') and text()='%s']" />

		<WebElement name	= "DashboardWidgets.AdvancedSettings.SelectedDeviceGroups.chk"
					value	= "//div[contains(@class, 'modal-content')]//input[@value	='selectedDeviceGroups']" />
		<WebElement name	= "DashboardWidgets.AdvancedSettings.SelectedDeviceGroups.ExcludedDataValue.lbl"
					value	= "//div[contains(@class, 'modal-content')]//input[@value	='selectedDeviceGroups']/../..//span[@class='exclude-data-value']" />

		<WebElement name	= "DashboardWidgets.AdvancedSettings.SelectDeviceGroup.fieldset"
					value	= "//div[contains(@class, 'modal-content')]//input[@value	='selectedDeviceGroups']" />
		<WebElement name	= "DashboardWidgets.AdvancedSettings.SelectDeviceGroup.Selection.custom"
					value	= "//div[contains(@class, 'modal-content')]//div[@class='selectDeviceGroup']//li[@title='%s']" />
		<WebElement name	= "DashboardWidgets.AdvancedSettings.SelectDeviceGroup.Selection.Remove.custom"
					value	= "//div[contains(@class, 'modal-content')]//div[@class='selectDeviceGroup']//li[@title='%s']/span" />
		<WebElement name	= "DashboardWidgets.AdvancedSettings.SelectDeviceGroup.Search"
					value	= "//div[contains(@class, 'modal-content')]//div[@class='selectDeviceGroup']//li[contains(@class, 'search')]" />
		<WebElement name	= "DashboardWidgets.AdvancedSettings.SelectDeviceGroup.Search.Item.custom"
					value	= "//div[contains(@class, 'modal-content')]//div[@class='selectDeviceGroup']//li[contains(@class, 'dropdown-menu-item') and text()='%s']" />

		<WebElement name	= "DashboardWidgets.AdvancedSettings.BreakdownBy.Checked"
					value	= "//label[contains(@class, 'checked')]//input[contains(@name, 'breakdownBy') and @value	='%s']" />
		<WebElement name	= "DashboardWidgets.AdvancedSettings.BreakdownBy.UnChecked"
					value	= "//label[not(contains(@class, 'checked'))]//input[contains(@name, 'breakdownBy') and @value	='%s']" />

		<WebElement name	= "DashboardWidgets.AdvancedSettings.InformationState.Checked"
					value	= "//label[contains(@class, 'checked')]//input[contains(@name, 'selectedView') and @value	='%s']" />
		<WebElement name	= "DashboardWidgets.AdvancedSettings.InformationState.UnChecked"
					value	= "//label[not(contains(@class, 'checked'))]//input[contains(@name, 'selectedView') and @value	='%s']" />
		<WebElement name	= "DashboardWidgets.AdvancedSettings.DefaultView.DataPeriod"
					value 	= "//div[contains(@class, 'modal-content')]//section[@class='data-period']//div[contains(@class, 'selected-value')]" />
		<WebElement name	= "DashboardWidgets.AdvancedSettings.DefaultView.DataPeriod.Item"
					value 	= "//div[contains(@class, 'modal-content')]//section[@class='data-period']//li[contains(@data-automation-id, '%s')]" />

		<WebElement name	= "DashboardWidgets.AdvancedSettings.TotalExcludedDataValue.lbl"
					value	= "//div[contains(@class, 'modal-content')]//p[contains(@class, 'total-exclude-data-value')]/span[position()=1]" />
		<WebElement name	= "DashboardWidgets.AdvancedSettings.LastCheckInOlderThan.drpdwn"
					value	= "" />
		<WebElement name	= "DashboardWidgets.AdvancedSettings.LastCheckInOlderThan.item.custom"
					value	= "" />

		<WebElement name	= "DashboardWidgets.Standard.Bar.Chart.Value.Custom"
					value	= "//div[contains(@class, 'grid-item') and descendant::p[text()='%s']]//*[name()='svg']//*[name()='g' and contains(@aria-label,'%s')]//*[name()='g' and @role='menuitem' and @aria-label]" />
		<WebElement name	= "DashboardWidgets.Summary.Pie.Chart.Value.Custom"
					value	= "//div[contains(@class, 'grid-item') and descendant::p[text()='%s']]//*[name()='svg']//*[name()='g' and @role='menuitem' and @fill='#4c4c4c']" />
	</WebElements>

</WebElementMap>