<WebElementMap name="NextGen WebUI Element Mapping - Geofences Map" description="" >
    <WebElements>

        <!--GeofenceDefinition Definitions page-->
        <WebElement name="GeofenceDefinitions.GeofenceDefinitionsFolder"
                    value="//a[contains(@class, 'is-pages-ng-app-geofences-secondary-item-link')]"/>
        <WebElement name="GeofenceDefinitions.GoBackToGeolocationLink"
                    value="//a[contains(@class,'is-parent-pages-ng-app-geolocation')]"/>
        <WebElement name="GeofenceDefinitions.GeofenceList"
                    value="//div[@id='leftPanelSecondary']"/>
    	<WebElement name="GeofenceDefinitions.CreateGeofenceButton"
                    value="//button[contains(@class,'geofence-create-btn')]"/>
        <WebElement name="GeofenceDefinitions.GeofenceItem"
                    value="//a[contains(@href,'/geofences/details/')]//span[starts-with(text(),'(name)')]"/>
        <WebElement name="GeofenceDefinitions.AllGeofenceItems"
                    value="//a[contains(@href,'/geofences/details/')]//span[contains(@class,'list-navigation-item__name')]"/>
        <WebElement name="GeofenceDefinitions.SearchIcon"
                    value="//a[contains(@class,'search-btn')]"/>
        <WebElement name="GeofenceDefinitions.SearchTextBox"
                    value="//input[contains(@class,'text-box-search')]"/>
        <WebElement name="GeofenceDefinitions.PageHelpIcon"
                    value="//a[contains(@class,'is-button-for-help')]/span"/>
        <WebElement name="GeofenceDefinitions.DialogHelpIcon"
                    value="//div[@class='geofence-btns']/a[contains(@class,'is-button-for-help')]/span"/>

        <!--GeofenceDefinition Definitions page > Create GeofenceDefinition Dialog-->
        <WebElement name="GeofenceDefinitions.CreateGeofenceDialog"
                    value="//div[contains(@class,'geofence-fullpage-popup')]/div[@class='ant-modal-content']"/>
        <WebElement name="GeofenceDefinitions.CreateGeofenceDialog.Close"
                    value="//button[@class='ant-modal-close']"/>
        <WebElement name="GeofenceDefinitions.CreateGeofenceDialog.Name"
                    value="//input[contains(@class,'geofence-name')]"/>
        <WebElement name="GeofenceDefinitions.CreateGeofenceDialog.Description"
                    value="//textarea[contains(@class,'geofence-description')]"/>
        <WebElement name="GeofenceDefinitions.CreateGeofenceDialog.Save"
                    value="//button[contains(@class,'btn-save-geofence-popup')]"/>
        <WebElement name="GeofenceDefinitions.CreateGeofenceDialog.Cancel"
                    value="//button[contains(@class,'btn-cancel-geofence-popup')]"/>
        <WebElement name="GeofenceDefinitions.CreateGeofenceDialog.GeofenceBoundaryError"
                    value="//div[@class='geofence-error']"/>
        <WebElement name="GeofenceDefinitions.CreateGeofenceDialog.GeofenceNameError"
                    value="//div[@class='geofence-name-error']"/>

        <!--GeofenceDefinition Definitions page > Create GeofenceDefinition Dialog > Location Technology-->
        <WebElement name="GeofenceDefinitions.CreateGeofenceDialog.LocationTechnology.GPSCheckbox"
                    value="(//div[contains(@class,'oneToMoreContainer')]//*[name()='path'])[1]"/>
        <WebElement name="GeofenceDefinitions.CreateGeofenceDialog.LocationTechnology.GPSLabel"
                    value="(//div[contains(@class,'oneToMoreContainer')]//label)[1]"/>
        <WebElement name="GeofenceDefinitions.CreateGeofenceDialog.LocationTechnology.GoogleWifiCheckbox"
                    value="(//div[contains(@class,'oneToMoreContainer')]//*[name()='path'])[2]"/>
        <WebElement name="GeofenceDefinitions.CreateGeofenceDialog.LocationTechnology.GoogleWifiLabel"
                    value="(//div[contains(@class,'oneToMoreContainer')]//label)[2]"/>
        <WebElement name="GeofenceDefinitions.CreateGeofenceDialog.LocationTechnology.IPCheckbox"
                    value="(//div[contains(@class,'oneToMoreContainer')]//*[name()='path'])[3]"/>
        <WebElement name="GeofenceDefinitions.CreateGeofenceDialog.LocationTechnology.IPLabel"
                    value="(//div[contains(@class,'oneToMoreContainer')]//label)[3]"/>
        <WebElement name="GeofenceDefinitions.CreateGeofenceDialog.HighConfidentLevelCheckbox"
                    value="//div[@class='checkbox-content-container']//*[name()='path']"/>
        <WebElement name="GeofenceDefinitions.CreateGeofenceDialog.HighConfidentLevelLabel"
                    value="//div[@class='checkbox-content-container']//label"/>

        <!--GeofenceDefinition Definitions page > Create GeofenceDefinition Dialog > Map-->
        <WebElement name="GeofenceDefinitions.CreateGeofenceDialog.Map"
                    value="//div[@class='geofence-map']"/>
        <WebElement name="GeofenceDefinitions.CreateGeofenceDialog.Map.DrawBoundary"
                    value="//*[name()='svg' and @class='btn-draw-boundary']"/>
        <WebElement name="GeofenceDefinitions.CreateGeofenceDialog.Map.SelectBoundary"
                    value="//*[name()='svg' and @class='btn-select-boundary']"/>
        <WebElement name="GeofenceDefinitions.CreateGeofenceDialog.Map.RemoveBoundary"
                    value="//*[name()='svg' and @class='btn-delete-boundary']"/>
        <WebElement name="GeofenceDefinitions.CreateGeofenceDialog.Map.LocationSearchBar"
                    value="//div[@class='geofence-search-places-container']//input"/>
        <WebElement name="GeofenceDefinitions.CreateGeofenceDialog.Map.LocationSearchBar.LocationList"
                    value="//div[@class='geofence-search-places-container']//div[@role='group']"/>

        <!--GeofenceDefinition Definitions page > Geofence Details-->
        <WebElement name="GeofenceDetails.NameHeader"
                    value="//h3[@class='geofence-name']"/>
        <WebElement name="GeofenceDetails.GPSIcon"
                    value="//div[@class='geofence-property-icon-GPS']"/>
        <WebElement name="GeofenceDetails.GoogleWifiIcon"
                    value="//div[@class='geofence-property-icon-GOOGLEWIFI']"/>
        <WebElement name="GeofenceDetails.IPIcon"
                    value="//div[@class='geofence-property-icon-IP']"/>
        <WebElement name="GeofenceDetails.ConfidentLevelIcon"
                    value="//div[@class='geofence-property-icon confident-level-icon"/>
        <WebElement name="GeofenceDetails.ConfidentLevelLabel"
                    value="//div[@class='geofence-confident-level-label']"/>
        <WebElement name="GeofenceDetails.Options"
                    value="//button[@id='geofence-options-btn']"/>
        <WebElement name="GeofenceDetails.Options.Edit"
                    value="//li[@class='edit-geofence-option']"/>
        <WebElement name="GeofenceDetails.Options.Delete"
                    value="//li[@class='delete-geofence-option']"/>
        <WebElement name="GeofenceDetails.BoundaryPropertiesHeader"
                    value="//div[contains(@class,'geofence-properties-header')]"/>
        <WebElement name="GeofenceDetails.BoundaryPropertiesTable"
                    value="//table[contains(@class,'geofence-properties-table')]"/>
        <WebElement name="GeofenceDetails.MapViewHeader"
                    value="//div[contains(@class,'geofence-map-view-header')]"/>
        <WebElement name="GeofenceDetails.MapView"
                    value="//div[contains(@class,'geofence-collapse-content map-view')]"/>

        <!--Confirmation popup-->
        <WebElement name="GeofenceModal.OK"
                    value="//button[contains(@class,'is-ok-btn')]"/>
        <WebElement name="GeofenceModal.Cancel"
                    value="//button[contains(@class,'is-cancel-btn')]"/>
    </WebElements>
</WebElementMap>