<WebElementMap name="DDS WebUI Element Mapping - User Awareness Map" description="" >
    <WebElements>

        <!-- System Message Error -->
        <WebElement name="UserAwareness.SystemError"
                    value="//div[contains(@class,'system-message--error')]"/>

        <!-- Global Left Menu Nav Icons -->
        <WebElement name="UserAwareness.LeftMenu.PoliciesAlerts"
                    value="//li[contains(@class,'is-policiesandalers')]"/>
        <WebElement name="UserAwareness.LeftMenu.UserAwareness"
                    value="//li[contains(@class,'is-userawareness')]"/>

        <!-- User Awareness - Global Page Elements - Header Section -->
        <WebElement name="UserAwareness.Page.Title"
                    value="//span[text()='User Awareness']"/>

        <WebElement name="UserAwareness.Btn.Global"
                    value="//button[@id='globalButton']"/>
        <WebElement name="UserAwareness.Btn.Notifcations"
                    value=""/>

        <!-- User Awareness Nav Links -->
        <WebElement name="UserAwareness.HeaderLnk.Dashboard"
                    value="//li[contains(@class,'is-userawareness-dashboard-header-nav-item')]"/>
        <WebElement name="UserAwareness.HeaderLnk.Users"
                    value="//li[contains(@class,'is-userawareness-users-header-nav-item')]"/>
        <WebElement name="UserAwareness.HeaderLnk.Settings"
                    value="//li[contains(@class,'is-userawareness-settings-header-nav-item')]"/>


        <!-- User AwarenesuserUser Activity Nav Section -->
        <WebElement name="UserAwareness.LeftMenu.Title.Users"
                    value="//h3[@class='parent-node-label' and text()='Users']"/> <!-- This may get removed soon -->

        <WebElement name="UserAwareness.Activity.Users.FirstUser"
                    value="//div[@class='user-list-nav__item'][1]//a"/>

        <!-- User AwarenesuserUser Device Detail Nav Section -->
        <WebElement name="UserAwareness.LeftMenu.Title.Devices"
                    value="//h3[@class='parent-node-label' and text()='Devices']"/>

        <WebElement name="UserAwareness.DeviceDetailNav.BackButton"
                    value="//li/a[contains(@class,'is-nav-back-button')]"/> <!-- ??? -->
        <WebElement name="UserAwareness.DeviceDetailNav.FirstDevice"
                    value="//div[@id='leftPanelSecondary']//../li[2]/a"/> <!-- ??? -->

        <!-- User AwarenesuserUser Activity Edge case Section-->
        <WebElement name="UserAwareness.Activity.Links.NoScores"
                    value="//a[contains(@class, '-(no-scores)-secondary-item-link')]"/>
        <WebElement name="UserAwareness.Activity.Links.NoHistories"
                    value="//a[contains(@class, '-(no-histories)-secondary-item-link')]"/>
        <WebElement name="UserAwareness.Activity.NoSessionMessage"
                    value="//div[contains(@class, 'no-sessions')]"/>
        <WebElement name="UserAwareness.Activity.Links.HasAvatar"
                    value="//a[contains(@class, '-(has-avatar)-secondary-item-link')]"/>
        <WebElement name="UserAwareness.Activity.Links.HasNoAvatar"
                    value="//a[contains(@class, '-(has-no-avatar)-secondary-item-link')]"/>
        <WebElement name="UserAwareness.Activity.NoUsersMessage"
                    value="//h3[contains(@class, 'no-content__title')]" />

        <!-- User AwarenesuserUser Activity Detail Section -->
        <WebElement name="UserAwareness.Activity.Profile.UserAvatar"
                    value="//img[contains(@class,'is-img-for-profile')]"/>
        <WebElement name="UserAwareness.Activity.Profile.BlankAvatar"
                    value="//*[name()='svg'][contains(@class,'is-placeholder-img')]"/>
        <WebElement name="UserAwareness.Activity.Profile.UserProfileName"
                    value="//div[contains(@class,'is-name')]"/>
        <WebElement name="UserAwareness.Activity.Profile.UserRole"
                    value="//div[contains(@class,'is-role')]"/>
        <WebElement name="UserAwareness.Activity.Profile.UserDepartment"
                    value="//div[contains(@class,'is-department')]"/>
        <WebElement name="UserAwareness.Activity.Profile.UserGroups"
                    value="//span[contains(@class,'is-container-for-adgroups')]"/>
        <WebElement name="UserAwareness.Activity.Profile.UserGroupsMore"
                    value="//div[contains(@class,'adgroups__has-more')]"/>
        <WebElement name="UserAwareness.Activity.Profile.UserGroupsMoreList"
                    value="//ul[contains(@class,'adgroups__content')]"/>

        <WebElement name="UserAwareness.Activity.TimelineTable"
                    value="//div[contains(@class,'is-container-for-user-timeline')]"/>
        <WebElement name="UserAwareness.Activity.TimelineTable.Col.SessionDate"
                    value="//div[contains(@class,'timeline-item__date')]"/>
        <WebElement name="UserAwareness.Activity.TimelineTable.Col.SessionTime"
                    value="//div[contains(@class,'timeline-item__info')]" />
        <WebElement name="UserAwareness.Activity.TimelineTable.Col.SerialNumber"
                    value="//div[contains(@class,'timeline-item__info')]" />
        <WebElement name="UserAwareness.Activity.TimelineTable.Col.SerialNumber.Link"
                    value="//div[contains(@class,'timeline-item__info')]/a[contains(@href,'hardware')][0]"/>

        <!-- User Awareness - Device Detail -->
        <WebElement name="UserAwareness.DeviceDetail.LeftMenu.FirstDevice"
                    value="//li[contains(@class,'list-navigation-item')][1]"/> <!-- Is this redundant wiuserUser AwarenesuserUser Device Detail Nav Section'??? -->

        <!-- User Awareness - Tabbed links -->
        <WebElement name="UserAwareness.Activity.TimelineLink"
                    value="//div[contains(@class,'is-link-for-devices-used')]" />
        <WebElement name="UserAwareness.Activity.AppActivityLink"
                    value="//div[contains(@class,'is-link-for-app-activity')]" />
        <WebElement name="UserAwareness.Activity.WebMonitoringLink"
                    value="//div[contains(@class,'is-link-for-web-monitoring')]" />

        <!-- User Awareness - Investigations Nav Section -->
        <WebElement name="UserAwareness.InvestigationNav.BackButton"
                    value="//li/a[contains(@class,'is-nav-back-button')]"/>
        <WebElement name="UserAwareness.InvestigationNav.ClosedLink"
                    value="//li/a[contains(@class,'is-link-to-CLOSED')]"/>
        <WebElement name="UserAwareness.InvestigationNav.ExpiredLink"
                    value="//li/a[contains(@class,'is-link-to-EXPIRED')]"/>
        <WebElement name="UserAwareness.InvestigationNav.OpenLink"
                    value="//li/a[contains(@class,'is-link-to-OPEN')]"/>

        <WebElement name="UserAwareness.InvestigationNav.FirstOpenInvestigationItem"
                    value="//div[@id='leftPanelSecondary']//a[contains(@href, '/investigation')]"/>

        <!-- User Awareness - Investigations Detail Section -->
        <WebElement name="UserAwareness.Investigation.DetailsHeader.Description"
                    value=""/>
        <WebElement name="UserAwareness.Investigation.DetailsHeader.StatusPill"
                    value=""/>
        <WebElement name="UserAwareness.Investigation.DetailsHeader.Closed.ReopenButton"
                    value="//button[contains(., 'Reopen Investigation')]"/>

        <WebElement name="UserAwareness.Investigation.UserActions.ActionDropdown"
                    value="//button[contains(., 'User Actions')]"/>
        <WebElement name="UserAwareness.Investigation.UserActions.ActionDropdown.OpenInvestigation"
                    value=""/>

        <WebElement name="UserAwareness.Investigation.DetailsTable.ColumnHeader.User"
                    value=""/>
        <WebElement name="UserAwareness.Investigation.DetailsTable.Column.User.Value"
                    value=""/>
        <WebElement name="UserAwareness.Investigation.DetailsTable.ColumnHeader.Status"
                    value=""/>
        <WebElement name="UserAwareness.Investigation.DetailsTable.Column.Status.Value"
                    value=""/>
        <WebElement name="UserAwareness.Investigation.DetailsTable.ColumnHeader.Score"
                    value=""/>
        <WebElement name="UserAwareness.Investigation.DetailsTable.Column.Score.Value"
                    value=""/>
        <WebElement name="UserAwareness.Investigation.DetailsTable.ColumnHeader.Session"
                    value=""/>
        <WebElement name="UserAwareness.Investigation.DetailsTable.Column.Session.Value"
                    value=""/>
        <WebElement name="UserAwareness.Investigation.DetailsTable.ColumnHeader.Devices"
                    value=""/>
        <WebElement name="UserAwareness.Investigation.DetailsTable.Column.Devices.Value"
                    value=""/>
        <WebElement name="UserAwareness.Investigation.DetailsTable.ColumnHeader.DataRecd"
                    value=""/>
        <WebElement name="UserAwareness.Investigation.DetailsTable.Column.DataRecd.Value"
                    value=""/>

    </WebElements>
</WebElementMap>
