<WebElementMap name="DDS WebUI Element Mapping - DDS5 Data Delete Map" description="">
    <WebElements>

        <!-- File Retrieval Summary Report Page - Add Details Section -->
        <WebElement name="DDS5.FileRetrievalSummaryReport.Filter.FieldsDropdown"
                    value="//select[@id='ctl00_ctl00_bodyContent_cpSearch_searchCriteriaContent_usrDataboundSearchCriteria_ctl02_usrItem_usrEsnChooseFields_userField_ddlValues']"/>
        <WebElement name="DDS5.FileRetrievalSummaryReport.Filter.FieldsValueTxt"
                    value="//input[@id='ctl00_ctl00_bodyContent_cpSearch_searchCriteriaContent_usrDataboundSearchCriteria_ctl02_usrItem_usrEsnChooseFields_userField_tbxValue']"/>
        <WebElement name="DDS5.FileRetrievalSummaryReport.Filter.RequestNameTxt"
                    value="//input[@id='ctl00_ctl00_bodyContent_cpSearch_searchCriteriaContent_usrDataboundSearchCriteria_ctl03_usrItem_txtRequestName']"/>
        <WebElement name="DDS5.FileRetrievalSummaryReport.Filter.ShowResultBtn"
                    value="//input[@class='buttonShowResults']"/>


        <WebElement name="DDS5.FileRetrievalSummaryReport.ResultTable.Results.Identifier"
                    value="//a[@id='ctl00_ctl00_bodyContent_resultsContent_gvFileRetrievalResults_gvResults_ctl02_lnkbtnEsn']"/>
        <WebElement name="DDS5.FileRetrievalSummaryReport.ResultTable.Results.RequestName"
                    value="//table[@id='ctl00_ctl00_bodyContent_resultsContent_gvFileRetrievalResults_gvResults']//tr[contains(.,'%s')]/td[%s]"/>
        <WebElement name="DDS5.FileRetrievalSummaryReport.ResultTable.Results.Status"
                    value="//table[@id='ctl00_ctl00_bodyContent_resultsContent_gvFileRetrievalResults_gvResults']//tr[contains(.,'%s')]/td[%s]"/>
        <WebElement name="DDS5.FileRetrievalSummaryReport.ResultTable.Results.ActionLnk"
                    value="//a[@id='ctl00_ctl00_bodyContent_resultsContent_gvFileRetrievalResults_gvResults_ctl02_lnkbtnAction']"/>

        <WebElement name="DDS5.FileRetrievalSummaryReport.WarningDialog.ConfirmCancelButton"
                    value="//input[@id='ctl00_ctl00_bodyContent_resultsContent_dlgUpdateConfirmation_btnOK']"/>
        <WebElement name="DDS5.FileRetrievalSummaryReport.WarningDialog.ConfirmRemoveButton"
                    value="//input[@id='ctl00_ctl00_bodyContent_resultsContent_dlgUpdateConfirmation_btnOK']"/>


        <!-- Request File Retrieval Page - Add Details Section -->
        <WebElement name="DDS5.RequestFileRetrieval.SubmitTopBtn"
                    value="//input[@id='ctl00_bodyContent_btnSubmitTop']"/>


        <WebElement name="DDS5.RequestFileRetrieval.RequestNameTxt"
                    value="//input[@id='ctl00_bodyContent_txtFileRetievalRequestName']"/>
        <WebElement name="DDS5.RequestFileRetrieval.ChooseDeviceBtn"
                    value="//input[@id='ctl00_bodyContent_usrEsnChooseFields_userField_btnChoose']"/>
        <WebElement name="DDS5.RequestFileRetrieval.Dialog.IdentifierTxt"
                    value="//input[@id='ctl00_bodyContent_usrEsnChooseFields_userField_usrFieldsFilterModal_ctl00_tbxFilter']"/>
        <WebElement name="DDS5.RequestFileRetrieval.Dialog.FilterBtn"
                    value="//input[@id='ctl00_bodyContent_usrEsnChooseFields_userField_usrFieldsFilterModal_ctl00_btnFilter']"/>
        <WebElement name="DDS5.RequestFileRetrieval.Dialog.FirstRecord"
                    value="//table[@id='ctl00_bodyContent_usrEsnChooseFields_userField_usrFieldsFilterModal_ctl00_userChooseResults_gvResults']//tr[contains(.,'%s')]"/>
        <WebElement name="DDS5.RequestFileRetrieval.Dialog.FirstRecordIdentifiert"
                    value="//table[@id='ctl00_bodyContent_usrEsnChooseFields_userField_usrFieldsFilterModal_ctl00_userChooseResults_gvResults']//td[text()='%s']"/>
        <WebElement name="DDS5.RequestFileRetrieval.PathOfFileToRetrieve"
                    value="//input[@id='ctl00_bodyContent_txtAFile']"/>
        <WebElement name="DDS5.RequestFileRetrieval.AddButton"
                    value="//input[@id='ctl00_bodyContent_btnAdd']"/>
        <WebElement name="DDS5.RequestFileRetrieval.AgreementCheckbox"
                    value="//input[@id='ctl00_bodyContent_chkAgreed']"/>



    </WebElements>
</WebElementMap>
