<WebElementMap name="DDS WebUI Element Mapping - DDS5 Data Delete Map" description="">
    <WebElements>
        <!-- Request Device Freeze Page -->
    <WebElement name="DD5.DeviceActionRequest.RequestNametxt"
                value="//input[contains(@id,'tbxRequestName')]"/>
    <WebElement name="DD5.DeviceActionRequest.ConsentToInstallBtn"
                value="//input[contains(@id,'usrDeviceLockRequestDetails_cbxCASL')]"/>
    <WebElement name="DD5.DeviceActionRequest.SelectDeviceBtn"
                  value="//input[contains(@id,'btnSelectDevice')]"/>
    <WebElement name="DD5.DeviceActionRequest.SelectMessageCombobox"
                value="//select[contains(@id,'ddlChooseMessage')]"/>
    <WebElement name="DD5.DeviceActionRequest.SubmitButton"
                value="//input[contains(@id,'btnLockBottom')]"/>
    <WebElement name="DD5.DeviceActionRequest.ConfirmBtn"
                value="//input[contains(@id,'ConfirmDialog_btnOK')]"/>
        <!-- Select Device Dialog -->
    <WebElement name="DD5.DeviceActionRequest.SelectDeviceDlg.SelectGroupComboBox"
                value="//select[contains(@id,'ddlGroupDlg')]"/>
    <WebElement name="DD5.DeviceActionRequest.SelectDeviceDlg.SelectFieldComboBox"
                    value="//select[contains(@id,'ddlAndTheField')]"/>
    <WebElement name="DD5.DeviceActionRequest.SelectDeviceDlg.FilterFieldTxt"
                    value="//input[contains(@id,'txtFieldIncludeDlg')]"/>
    <WebElement name="DD5.DeviceActionRequest.SelectDeviceDlg.FilterBtn"
                    value="//input[contains(@id,'btnFilterDlg')]"/>
    <WebElement name="DD5.DeviceActionRequest.SelectDeviceDlg.SelectESNCheckbox"
                    value="//a[.='%s']/../..//input"/>
    <WebElement name="DD5.DeviceActionRequest.SelectDeviceDlg.SelectDevicesBtn"
                    value="//input[contains(@id,'btnEditSelectedDevicesBottom')]"/>

        <!-- Provide Authentication -->
    <WebElement name="DD5.DeviceActionRequest.PasswordTxt"
                    value="//input[contains(@id,'txtPassword')]"/>
    <WebElement name="DD5.DeviceActionRequest.AuthorizationCodeTxt"
                value="//input[contains(@id,'txtAuthorizationCode')]"/>
    <WebElement name="DD5.DeviceActionRequest.OkBtn"
                value="//input[contains(@id,'usrAuthenticateUser_btnOK')]"/>

    <!-- Device Freeze Summary Report -->
    <WebElement name="DD5.DeviceFreezeSummaryReport.SelectFieldComboBox"
                value="//select[contains(@id,'usrChooseFields_ddlValues')]"/>
     <WebElement name="DD5.DeviceFreezeSummaryReport.FieldContainsTxt"
                value="//input[contains(@id,'usrChooseFields_tbxValue')]"/>
     <WebElement name="DD5.DeviceFreezeSummaryReport.ChooseBtn"
                value="//input[contains(@id,'usrChooseFields_btnChoose')]"/>
    <WebElement name="DD5.DeviceFreezeSummaryReport.ShowResultBtn"
                value="//input[@class='buttonShowResults']"/>
    <WebElement name="DD5.DeviceFreezeSummaryReport.RequestNameTxt"
                value="//input[contains(@id,'usrItem_tbxRequestName')]"/>
    <WebElement name="DD5.DeviceFreezeSummaryReport.FilterResultTable"
                value="//table[contains(@id,'gvReportResults_gvResults')]"/>
    <WebElement name="DD5.DeviceFreezeSummaryReport.EditLink"
                value="//a[contains(@id,'lnkEdit')]"/>

    <!-- Device Freeze Details-->
    <WebElement name="DD5.DeviceFreezeDetails.CancelRequestBtn"
                value="// input[contains(@id,'btnCancelRequestTop')]"/>
    <WebElement name="DD5.DeviceFreezeDetails.RemoveDetailsBtn"
                value="// input[contains(@id,'btnRemoveDetailsTop')]"/>
    <WebElement name="DD5.DeviceFreezeDetails.OKBtn"
                value="// input[contains(@id,'bodyContent_btnOk')]"/>

    <!-- Create Device Freeze Offline Policy -->
    <WebElement name="DD5.CreateDeviceFreezeOfflinePolicy.PolicyNameTxt"
                value="//input[contains(@id,'OfflineFreezePolicy_tbxPolicyName')]"/>
    <WebElement name="DD5.CreateDeviceFreezeOfflinePolicy.PolicyDescriptionTxt"
                value="//input[contains(@id,'OfflineFreezePolicy_tbxPolicyDescription')]"/>
    <WebElement name="DD5.CreateDeviceFreezeOfflinePolicy.TimerPeriodTxt"
                value="//input[contains(@id,'OfflineFreezePolicy_tbxTimerPeriod')]"/>
    <WebElement name="DD5.CreateDeviceFreezeOfflinePolicy.FreezeMessageComboBox"
                value="//select[contains(@id,'OfflineFreezePolicy_ddlChooseMessage')]"/>
    <WebElement name="DD5.CreateDeviceFreezeOfflinePolicy.SavePolicyBtn"
                value="//input[contains(@id,'OfflineFreezePolicy_btnSavePolicyInfo')]"/>
    <WebElement name="DD5.CreateDeviceFreezeOfflinePolicy.PasswordTxt"
                    value="//input[contains(@id,'usrAuthenticateUserCore_txtPassword')]"/>
    <WebElement name="DD5.CreateDeviceFreezeOfflinePolicy.AuthorizationCodeTxt"
                    value="//input[contains(@id,'AuthenticateUserCore_txtAuthorizationCode')]"/>
    <WebElement name="DD5.CreateDeviceFreezeOfflinePolicy.OKBtn"
                    value="//input[contains(@id,'AuthenticateUserDialog_btnOK')]"/>

    <!-- Manage Device Freeze Offline Policies -->
    <WebElement name="DD5.ManageDeviceFreezeOfflinePolicies.PolicyNameTxt"
                value="//input[contains(@id,'txtPolicyName')]"/>
    <WebElement name="DD5.ManageDeviceFreezeOfflinePolicies.PolicyDescriptionTxt"
                value="//input[contains(@id,'txtPolicyDescription')]"/>
    <WebElement name="DD5.ManageDeviceFreezeOfflinePolicies.SelectFieldComboBox"
                value="//select[contains(@id,'usrFields_ddlValues')]"/>
    <WebElement name="DD5.ManageDeviceFreezeOfflinePolicies.FieldValueTxt"
                value="//input[contains(@id,'usrFields_tbxValue')]"/>
    <WebElement name="DD5.ManageDeviceFreezeOfflinePolicies.ShowResultBtn"
                value="//input[contains(@id,'usrSearchCriteria_btnSubmit')]"/>
    <WebElement name="DD5.ManageDeviceFreezeOfflinePolicies.PolicyNameLink"
            value="//a[contains(.,'%s')]"/>

        <!--Edit a Device Freeze Offline Policy-->
    <WebElement name="DD5.EditDeviceFreezeOfflinePolicy.AddDevicesBtn"
    value="//input[contains(@id,'btn_pnlMain_ChooseComputer')]"/>
    <WebElement name="DD5.EditDeviceFreezeOfflinePolicy.SelectGroupComboBox"
                value="//select[contains(@id,'ddlRequestEsnGroups')]"/>
    <WebElement name="DD5.EditDeviceFreezeOfflinePolicy.ChooseDeviceDlg.SelectGroupComboBox"
                value="//select[contains(@id,'ddlRequestEsnGroups')]"/>
    <WebElement name="DD5.EditDeviceFreezeOfflinePolicy.ChooseDeviceDlg.SelectFieldComboBox"
                value="//select[contains(@id,'ddlAndTheField')]"/>
    <WebElement name="DD5.EditDeviceFreezeOfflinePolicy.ChooseDeviceDlg.RequestFieldValueTxt"
                value="//input[contains(@id,'txtRequestFieldValue')]"/>
    <WebElement name="DD5.EditDeviceFreezeOfflinePolicy.ChooseDeviceDlg.FilterButton"
                    value="//input[contains(@id,'btnRequestFilter')]"/>
    <WebElement name="DD5.EditDeviceFreezeOfflinePolicy.ChooseDeviceDlg.SelectDeviceCheckbox"
                value="//a[.='%s']/../..//input"/>
    <WebElement name="DD5.EditDeviceFreezeOfflinePolicy.ChooseDeviceDlg.ConsentCheckBox"
                value="//input[contains(@id,'ckbAcceptAgreement')]"/>
    <WebElement name="DD5.EditDeviceFreezeOfflinePolicy.ChooseDeviceDlg.ChooseDevicesBtn"
                value="//input[contains(@id,'mbSelectDeviceDialog_btnOK')]"/>
    <WebElement name="DD5.EditDeviceFreezeOfflinePolicy.ProvideAuthentication.PasswordTxt"
                value="//input[contains(@id,'txtPassword')]"/>
    <WebElement name="DD5.EditDeviceFreezeOfflinePolicy.ProvideAuthentication.AuthorizationCodeTxt"
                value="//input[contains(@id,'txtAuthorizationCode')]"/>
    <WebElement name="DD5.EditDeviceFreezeOfflinePolicy.ProvideAuthentication.OKBtn"
                value="//input[contains(@id,'usrAuthenticateUserDialog_btnOK')]"/>
    <WebElement name="DD5.EditDeviceFreezeOfflinePolicy.SavePolicyBtn"
                value="//input[contains(@id,'btnSavePolicyInfo')]"/>
    <WebElement name="DD5.EditDeviceFreezeOfflinePolicy.DeviceStatusText"
                value="//a[.='%s']/../../td[10]"/>
    <WebElement name="DD5.EditDeviceFreezeOfflinePolicy.DeletePolicyBtnTop"
                value="//input[contains(@id,'btnDeleteTop')]"/>
    <WebElement name="DD5.EditDeviceFreezeOfflinePolicy.DeletePolicyPopUpBtn"
                value="//input[contains(@id,'dlgErrorMessage_btnOK')]"/>

    <!--Create Device Freeze Message -->
    <WebElement name="DD5.CreateDeviceFreezeMessage.MessageNameTxt"
                value="//input[contains(@id,'tbMessageName')]"/>
    <WebElement name="DD5.CreateDeviceFreezeMessage.MessageTextTxt"
                value="//textarea[contains(@id,'tbMessageText')]"/>
    <WebElement name="DD5.CreateDeviceFreezeMessage.SaveBtn"
                value="//input[contains(@id,'btnSaveBottom')]"/>
    <WebElement name="DD5.CreateDeviceFreezeMessage.DeleteBtn"
                value="//input[contains(@id,'btnDeleteTop')]"/>
    <WebElement name="DD5.CreateDeviceFreezeMessage.DFMessageLnk"
                value="//table[contains(@id,'gvDeviceFreezeMessageResults_gvResults')]//a[.='%s']"/>
    </WebElements>
</WebElementMap>
