<WebElementMap name="NextGen WebUI Element Mapping - Software Catalog Map" description="" >

	<WebElements>
	    
		<WebElement name="SoftwareCatalog.AddSoftwareCatalog.Button"   						 			value="//button[contains(@class,'is-button-for-new-titling-db')]"/>
		<WebElement name="SoftwareCatalog.SoftwareCatalogPage.PredefinedSoftwareCatalog"				value="//span[contains(@class,'list-navigation-item__name') and contains(text(),'Absolute')]" />
		<WebElement name="SoftwareCatalog.SoftwareCatalogPage.SelectCustomSofwareCatalog" 				value="//div[contains(text(),'QA_Automation')]"/>
				
		<!-- Create Software Catalog Window -->
		<WebElement name="SoftwareCatalog.CreateSoftwareCatalogWindow.SoftwareCatalogName.Input" 		value="//input[@id='NewTitleNameField']"/>
		<WebElement name="SoftwareCatalog.CreateSoftwareCatalogWindow.Description.Input" 				value="//textarea[@id='NewTitleDescription']"/>
		
		<!-- Edit Properties Software Catalog Window -->
		<WebElement name="SoftwareCatalog.EditProperties.TxtInputName" 									value="//input[@id='EditTitleNameField']"/>
		<WebElement name="SoftwareCatalog.EditProperties.TxtInputDesc"					 				value="//textarea[@id='EditTitleDescription']"/>
		<WebElement name="SoftwareCatalog.CreateSoftwareCatalogWindow.Alert.NameExists.Message"			value="//div[contains(@class,'alert')]//div[@class='tipsy-inner']"/>
		
		<!-- Edit Software Catalog Window -->
		<WebElement name="SoftwareCatalog.EditSoftwareCatalogWindow.SoftwareCatalogName.Input"			value="//div[contains(@class,'modal-wizard-body')]//input[@id='EditTitleNameField']"/>
		<WebElement name="SoftwareCatalog.EditSoftwareCatalogWindow.SaveBtn"							value="//button[contains(@class, 'btn-action')]"/>
		<WebElement name="SoftwareCatalog.EditSoftwareCatalogConfirmDlg.OkBtn"							value="//button[contains(@class, 'is-button-for-confirm')]"/>

		<!-- Selected Software Catalog Page -->
		<WebElement name="SoftwareCatalog.SelectedCatalogPage.ActivatedHeader"							value="//div[contains(@class,'landing-active-message')]/p/strong[contains(text(),'Active')]"/>
		<WebElement name="SoftwareCatalog.SelectedCatalogPage.CustomNameHeader"							value="//h1[contains(@class,'list-title') and contains(text(),'QA_Automation')]"/>
		<WebElement name="SoftwareCatalog.SelectedCatalogPage.ActivationStatus.Activated"				value="//div[contains(@class, 'landing-active-message')]"/>
		
		<WebElement name="SoftwareCatalog.SelectedCatalogPage.Edit.Button" 								value="//button[contains(@class,'is-button-for-dropdown-toggle up')]"/>
	    <WebElement name="SoftwareCatalog.SelectedCatalogPage.EditDropDown.DeleteItem.Button" 			value="//button[contains(@class,'is-button-for-delete-titling-db')]"/>
   	    <WebElement name="SoftwareCatalog.SelectedCatalogPage.EditDropDown.PropertiesItem.Button" 		value="//button[contains(@class,'is-button-for-edit-custom-db-properties')]"/>
   	    <WebElement name="SoftwareCatalog.SelectedCatalogPage.EditDropDown.DuplicateItem.Button" 		value="//button[contains(@class,'is-button-for-duplicate-titling-db')]"/>
	    	    
	    <WebElement name="SoftwareCatalog.SelectedCatalogPage.GlobalSearchDropdown"						value="//div[contains(@class,'is-option-for-search')]"/>
	    <WebElement name="SoftwareCatalog.SelectedCatalogPage.GlobalSearchDropdown.SoftwareCatalog"   	value="//li[contains(@class,'dbname')]" />
	    
	    <WebElement name="SoftwareCatalog.SelectedCatalogPage.GlobalSearchDropdown.LblSuite"			value="//div[contains(@class,'is-option-for-search')]//a//span[text()='Suite']"/>
	    <WebElement name="SoftwareCatalog.SelectedCatalogPage.SearchFilterInput"						value="//div[contains(@class,'adhoc-search')]/div[contains(@class, 'clearable-input')]/input"/>
		<WebElement name="SoftwareCatalog.SelectedCatalogPage.ActivateButton"							value="//button[contains(@class,'activate')]"/>	
		<WebElement name="SoftwareCatalog.SelectedCatalogPage.DeactivateButton"							value="//button[contains(@class,'deactivate')]"/>

		<WebElement name="SoftwareCatalog.SelectedCatalogPage.Col.FileName"								value="//div[(contains(@class, 'software-catalog-view-container') and contains(@class, 'is-paged-table'))]//div[contains(@class, 'header-container')]//th[contains(@data-column-name, 'filename')]"/>
		<WebElement name="SoftwareCatalog.SelectedCatalogPage.Col.FileVersion"							value="//div[(contains(@class, 'software-catalog-view-container') and contains(@class, 'is-paged-table'))]//div[contains(@class, 'header-container')]//th[contains(@data-column-name, 'version.String')]"/>
		<WebElement name="SoftwareCatalog.SelectedCatalogPage.Col.FileSize"								value="//div[(contains(@class, 'software-catalog-view-container') and contains(@class, 'is-paged-table'))]//div[contains(@class, 'header-container')]//th[contains(@data-column-name, 'formatted_size')]"/>
		<WebElement name="SoftwareCatalog.SelectedCatalogPage.Col.SoftwareCatalog"						value="//div[(contains(@class, 'software-catalog-view-container') and contains(@class, 'is-paged-table'))]//div[contains(@class, 'header-container')]//th[contains(@data-column-name, 'dbname')]"/>

		<WebElement name="SoftwareCatalog.SelectedCatalogPage.AnySuite.ExpandArrow"						value="//div[contains(@class,'overlay-row-container')][@data-automation-parent-id='V.ParentId'][descendant::span[@data-column-id='suite']][V.RowPosition]//span[contains(@class,'parent-arrow-icon')]"/>
		<WebElement name="SoftwareCatalog.SelectedCatalogPage.AnyApplication.ExpandArrow"				value="//div[contains(@class,'overlay-row-container')][@data-automation-parent-id='V.ParentId'][descendant::span[@data-column-id='application']][V.RowPosition]//span[contains(@class,'parent-arrow-icon')]"/>
		<WebElement name="SoftwareCatalog.SelectedCatalogPage.Publisher.ExpandArrow"                    value="//div[contains(@class,'overlay-row-container')]//span[contains(@data-column-id,'publisher')]/preceding-sibling::span[contains(@class,'arrow-icon')]" />
		<WebElement name="SoftwareCatalog.SelectedCatalogPage.PublisherRow"                             value="//div[contains(@class,'overlay-row')][descendant::span[@data-column-id='publisher']//input]" />
		<WebElement name="SoftwareCatalog.SelectedCatalogPage.Publisher.ExpandArrowByIndex"				value="//div[contains(@class,'overlay-row-container')][%d]//span[contains(@data-column-id,'publisher')]/preceding-sibling::span[contains(@class,'arrow-icon')]" />
		<WebElement name="SoftwareCatalog.SelectedCatalogPage.PublisherRowByIndex"						value="//div[contains(@class,'overlay-row')][%d][descendant::span[@data-column-id='publisher']//input]" />
		<WebElement name="SoftwareCatalog.SelectedCatalogPage.PublisherRowById"					        value="//div[contains(@class,'overlay-row') and @data-automation-id='%s'][descendant::span[@data-column-id='publisher']]//input" />
		<WebElement name="SoftwareCatalog.SelectedCatalogPage.SuiteRow"									value="//div[contains(@class,'overlay-row')][@data-automation-parent-id='V.ParentId'][descendant::span[@data-column-id='suite']][V.RowPosition]"/>
		<WebElement name="SoftwareCatalog.SelectedCatalogPage.SuiteRows"								value="//div[contains(@class,'overlay-row')][@data-automation-parent-id='V.ParentId'][descendant::span[@data-column-id='suite']]"/>
		<WebElement name="SoftwareCatalog.SelectedCatalogPage.SuiteRowById"								value="//div[contains(@class,'overlay-row') and @data-automation-id='%s'][descendant::span[@data-column-id='suite']]//input"/>
		<WebElement name="SoftwareCatalog.SelectedCatalogPage.Row.NameInput"							value="//div[contains(@class,'overlay-row')][@data-automation-parent-id='V.ParentId']//input"/>
		<WebElement name="SoftwareCatalog.SelectedCatalogPage.Row.SaveButton"							value="//button[contains(@class,'is-save-button')]"/>
		<WebElement name="SoftwareCatalog.SelectedCatalogPage.AnyRow.ContextMenuButton"					value="//div[contains(@class,'overlay-row')][@data-automation-parent-id='V.ParentId']//button[contains(@class,'contextmenu')]"/>
		<WebElement name="SoftwareCatalog.SelectedCatalogPage.ContextMenuButton"						value="//button[contains(@class,'contextmenu')]"/>
		<WebElement name="SoftwareCatalog.SelectedCatalogPage.ContextMenu.MoveButton"					value="//button[contains(@class,'invoke-move')]"/>
		<WebElement name="SoftwareCatalog.SelectedCatalogPage.ContextMenu.RevertButton"					value="//button[contains(@class,'invoke-revert')]"/>
		<WebElement name="SoftwareCatalog.SelectedCatalogPage.ContextMenu.RevertButtonDialogBox"		value="//div[contains(@class,'button-group')]/button[contains(@class,'btn btn-action')]"/>
		<WebElement name="SoftwareCatalog.SelectedCatalogPage.ViewEdited.Button"						value="//button[contains(@class,'is-button-for-show-new-or-edited')]"/>
		<WebElement name="SoftwareCatalog.SelectedCatalogPage.ViewDetected.Button"						value="//button[contains(@class,'is-button-for-show-detected')]"/>

		<!-- "Edit/New" View of an Selected Software Catalog Page -->
		<WebElement name="SoftwareCatalog.EditedView.Edited.Label"										value="//span[@class='is-edited-label']"/>
		
		
		<!-- Move Modal Window Elements -->
		<WebElement name="SoftwareCatalog.ModalWindow.StatusMessage"									value="//h4[contains(@class,'modal-action-title')]"/>
		<WebElement name="SoftwareCatalog.MoveWindow.PublisherSelector"									value="//select[contains(@id,'publisherSelector')]"/>
		<WebElement name="SoftwareCatalog.MoveWindow.PublisherSelector.AnyValue"						value="//select[contains(@id,'publisherSelector')]//option[contains(@value,'V.DesiredValue')]"/>
		<WebElement name="SoftwareCatalog.MoveWindow.SuiteSelector"										value="//select[contains(@id,'suiteSelector')]"/>
		<WebElement name="SoftwareCatalog.MoveWindow.SuiteSelector.AnyValue"							value="//select[contains(@id,'suiteSelector')]//option[contains(@value,'V.DesiredValue')]"/>
		<WebElement name="SoftwareCatalog.MoveWindow.DisabledContinue.Button"							value="//button[contains(@class,'btn-action') and @disabled='']"/>
		<WebElement name="SoftwareCatalog.MoveWindow.NewName.InputBox"									value="//input[contains(@id,'Name')]"/>
		<WebElement name="SoftwareCatalog.MoveWindow.AvailableSuite.FirstRadioBtn"						value="//div[contains(@class, 'moveto-modal-list')]/div[contains(@class, 'is-paged-table')]//div[contains(@class, 'body-container')]//div[contains(@class, 'frozen virtual-pages-container')]/div[contains(@class, 'virtual-page')][1]/table[contains(@class, 'paged-table')]/tbody/tr[1]/td/input[@type='radio']"/>
		<WebElement name="SoftwareCatalog.MoveConfirm.OkButton"											value="//div[contains(@class, 'modal-moveto-window')]//button[contains(@class, 'is-button-for-confirm')]"/>

		<!--Global Search DropDown -->
		<WebElement name="SoftwareCatalog.SelectedCatalogPage.GlobalSearchDropdown.listItem1"   	        value="//ul[contains(@class,'select2-results')]/li[1]"/>
		<WebElement name="SoftwareCatalog.SelectedCatalogPage.GlobalSearchDropdown.listItem2"   	        value="//ul[contains(@class,'select2-results')]/li[2]"/>
		<WebElement name="SoftwareCatalog.SelectedCatalogPage.GlobalSearchDropdown.listItem3"   	        value="//ul[contains(@class,'select2-results')]/li[3]"/>
		<WebElement name="SoftwareCatalog.SelectedCatalogPage.GlobalSearchDropdown.listItem4"   	        value="//ul[contains(@class,'select2-results')]/li[4]"/>
		<WebElement name="SoftwareCatalog.SelectedCatalogPage.GlobalSearchDropdown.listItem5"   	        value="//ul[contains(@class,'select2-results')]/li[5]"/>
		<WebElement name="SoftwareCatalog.SelectedCatalogPage.GlobalSearchDropdown.listItem6"   	        value="//ul[contains(@class,'select2-results')]/li[6]"/>
		<WebElement name="SoftwareCatalog.SelectedCatalogPage.GlobalSearchDropdown.listItem7"   	        value="//ul[contains(@class,'select2-results')]/li[7]"/>
	</WebElements>

</WebElementMap>