<WebElementMap name="NextGen WebUI Element Mapping - Applications Persistence Map" description="" >
    <WebElements>
        <WebElement name="ApplicationsPersistence.Persistence.page"                           value="//a[contains(@class, 'is-applications-persistence-header-nav-link-item')]"/>

        <!-- Mapping for the existing Applications labels and Sub labels in the Applications Persistence Page-->
        <WebElement name="ApplicationsPersistence.Application.label"                           value="//div[@data-automation-id='%s-label']"/>
        <WebElement name="ApplicationsPersistence.Application.subLabel"                        value="//div[@data-automation-id='%s-label-secondary' and (text()='%s')]"/>

        <!-- Mapping for getting list of Applications in the Applications Persistence Page-->
        <WebElement name="ApplicationsPersistence.ApplicationsList"                            value="//p[@class='label-container__label']"/>
        <WebElement name="ApplicationsPersistence.ApplicationMenuItems"                        value="//li[contains(@data-automation-id,'nav-list-item-50')]"/>

        <!-- Mapping for Applications Link in Application Persistence-->
        <WebElement name="ApplicationsPersistence.BitLocker.link"                              value="//div[contains(text(), 'BitLocker')]//ancestor::a"/>
        <WebElement name="ApplicationsPersistence.ESET.link"                                   value="//div[contains(text(), 'ESET')]//ancestor::a"/>
        <WebElement name="ApplicationsPersistence.F5VPN.link"                                  value="//div[contains(text(), 'F5 BIG-IP Edge Client')]//ancestor::a"/>
        <WebElement name="ApplicationsPersistence.IvantiEndpointManager.link"                  value="//div[contains(text(), 'Endpoint Manager')]//ancestor::a"/>
        <WebElement name="ApplicationsPersistence.IvantiPatchForWindows.link"                  value="//div[contains(text(), 'Patch for Windows')]//ancestor::a"/>
        <WebElement name="ApplicationsPersistence.SCCM.link"                                   value="//div[contains(text(), 'SCCM')]//ancestor::a"/>
        <WebElement name="ApplicationsPersistence.PulseVPN.link"                               value="//div[contains(text(), 'Pulse Connect Secure')]//ancestor::a"/>
        <WebElement name="ApplicationsPersistence.WinMagic.link"                               value="//div[contains(text(), 'WinMagic')]//ancestor::a"/>
        <WebElement name="ApplicationsPersistence.ZiftenZenith.link"                           value="//div[contains(text(), 'Ziften Zenith')]//ancestor::a"/>
        <WebElement name="ApplicationsPersistence.CiscoAnyConnect.link"                        value="//div[contains(text(), 'Cisco AnyConnect')]//ancestor::a"/>
        <WebElement name="ApplicationsPersistence.DellDG.link"                                 value="//div[contains(text(), 'Dell Data Guardian')]//ancestor::a"/>
        <WebElement name="ApplicationsPersistence.DellTD.link"                                 value="//div[contains(text(), 'Dell Threat Defense')]//ancestor::a"/>
        <WebElement name="ApplicationsPersistence.Application.link"                            value="//div[contains(text(), '%s')]//ancestor::a"/>
        <WebElement name="ApplicationsPersistence.Application.version"                         value="//p[(@class='title-group__title') and (text()='{policyGroupName}')]/../p[@class='title-group__status']/span[(text()='{versionName}')]"/>


        <WebElement name="ApplicationsPersistence.AddPolicyConfiguration.link"                 value="//div[@class = 'cc-application-configuration-summary-footer']/a"/>
        <WebElement name="ApplicationsPersistence.GotoPolicies.link"                            value="//a[@class ='transition-to-add-policy-configuration']"/>
        <!-- Mapping for Applications Descriptions -->
        <WebElement name="ApplicationsPersistence.BitLocker.description"                       value="//div[@class='ember-view cc-application-description-block']//p[contains(., 'BitLocker')]"/>
        <WebElement name="ApplicationsPersistence.F5VPN.description"                           value="//div[@class='ember-view cc-application-description-block']//p[contains(., 'F5 BIG-IP')]"/>
        <WebElement name="ApplicationsPersistence.IvanitLandesk.description"                   value="//div[@class='ember-view cc-application-description-block']//p[contains(., 'Ivanti Endpoint Manager')]"/>
        <WebElement name="ApplicationsPersistence.SCCM.description"                            value="//div[@class='ember-view cc-application-description-block']//p[contains(., 'SCCM')]"/>
        <WebElement name="ApplicationsPersistence.PulseVPN.description"                        value="//div[@class='ember-view cc-application-description-block']//p[contains(., 'Pulse Connect Secure')]"/>
        <WebElement name="ApplicationsPersistence.WinMagic.description"                        value="//div[@class='ember-view cc-application-description-block']//p[contains(., 'WinMagic')]"/>
        <WebElement name="ApplicationsPersistence.ZiftenZenith.description"                    value="//div[@class='ember-view cc-application-description-block']//p[contains(., 'Ziften Zenith')]"/>
        <WebElement name="ApplicationsPersistence.CiscoAnyConnect.description"                 value="//div[@class='ember-view cc-application-description-block']//p[contains(., 'Cisco AnyConnect')]"/>
        <WebElement name="ApplicationsPersistence.Application.description"                    value="//h1[contains(., '%s')]/following-sibling::div[contains(@class,'cc-application-description-block')]//p"/>

        <!-- Mapping for Actions (Activate, Deactivate and Configure) on Applications Persistence Page-->
        <WebElement name="ApplicationsPersistence.Configure.btn"                               value="//p[contains(., '%s')]//ancestor::div[@class = 'summary-block__header']//button[@class = 'button button--blue button--secondary is-configure-button']"/>
        <WebElement name="ApplicationsPersistence.Activate.btn"                                value="//p[contains(., '%s')]//ancestor::div[@class = 'summary-block__header']//button[@class = 'button button--blue button--secondary is-activate-button']"/>
        <WebElement name="ApplicationsPersistence.Deactivate.btn"                              value="//p[contains(., '%s')]//ancestor::div[@class = 'summary-block__header']//button[@class = 'button button--red button--secondary is-deactivate-button']"/>
        <WebElement name="ApplicationsPersistence.actionSummary"                               value="//p[contains(., '%s')]//ancestor::div[@class ='summary-block__header']/following-sibling::div[@class = 'summary-block__data-table']//div[contains(@class,'data-table__row')]/div[contains(@class,'row__cell')][2]"/>
        <WebElement name="ApplicationsPersistence.persistenceStatus"                           value="//p[contains(., '%s')]/following-sibling::p[contains(@class, 'title-group__status')]//span"/>
        <WebElement name="ApplicationsPersistence.confirmWindow.deactivate.Btn"                value="//button[contains (@class, 'button button--yellow is-button-primary')]"/>
        <WebElement name="ApplicationsPersistence.confirmWindow.activate.Btn"                  value="//button[@class ='button button--yellow is-button-primary']"/>

        <WebElement name="ApplicationsPersistence.configuredDialog.closeBtn"                    value="//div[@class = 'dialog-footer__buttons button-group']/button[@class = 'button button--secondary button--blue is-button-secondary']"/>
        <!-- Mapping for Applications Persistence Configuration Modal-->
        <!-- Might need to change to be a better mapping-->
        <WebElement name="ApplicationsPersistence.ConfigureAP.R.btn"                           value="//input[@value = 'false']"/>
        <WebElement name="ApplicationsPersistence.ConfigureAP.RAR.btn"                         value="//input[@value = 'true']"/>
        <WebElement name="ApplicationsPersistence.ConfigureAP.RRR.btn"                         value="//input[@value ='reinstall']"/>
        <WebElement name="ApplicationsPersistence.ConfigureAP.APTermLinkCheckbox"              value="//a[@class = 'show-reinstall-license-agreement']//ancestor::label/input[@type = 'checkbox']"/>
        <WebElement name="ApplicationsPersistence.ConfigureAP.cancelBtn"                       value="//button[@class = 'button button-group__button button--secondary button--green is-button-for-cancel']"/>
        <WebElement name="ApplicationsPersistence.ConfigureAP.saveBtn"                         value="//button[@class = 'button button-group__button button--blue is-button-for-save']"/>
        <WebElement name="ApplicationsPersistence.ConfigureAP.doneBtn"                         value="//div[contains (@class,'dialog-footer__buttons')]/button[@class = 'button button-group__button button--blue is-button-for-save']"/>

        <!-- Mapping for Report, Repair and Reinstall inputs -->
        <WebElement name="ApplicationsPersistence.ConfigureAP.URL"                             value="//input[@name= 'reinstallDownloadURL']"/>
        <WebElement name="ApplicationsPersistence.ConfigureAP.Username"                        value="//input[@name= 'reinstallDownloadUserName']"/>
        <WebElement name="ApplicationsPersistence.ConfigureAP.Password"                        value="//input[@name= 'reinstallDownloadPassword']"/>
        <WebElement name="ApplicationsPersistence.ConfigureAP.Hash"                            value="//input[@name= 'reinstallDownloadHash']"/>

    </WebElements>
</WebElementMap>


